spotify_id,acousticness,danceability,energy,instrumentalness,liveness,loudness,speechiness,tempo,valence
7iN1s7xHE4ifF5povM6A48,0.63,0.44,0.4,0.0,0.11,-8,0.03,143,0.41
6dGnYIeXmHdcikdzNNDMm2,0.03,0.56,0.54,0.0,0.18,-10,0.03,129,0.39
4pbG9SUmWIvsROVLF0zF9s,0.39,0.49,0.72,0.0,0.31,-6,0.05,131,0.87
3BQHpFgAp4l80e1XslIjNI,0.88,0.33,0.18,0.0,0.09,-12,0.03,97,0.32
5GjPQ0eI7AgmOnADn1EO6Q,0.94,0.58,0.28,0.0,0.31,-9,0.04,138,0.81
75zMKn5euxQdlkZgu4P42J,0.58,0.57,0.68,0.0,0.04,-11,0.26,114,0.61
77oU2rjC5XbjQfNe3bD6so,0.39,0.78,0.88,0.0,0.04,-4,0.03,101,0.89
744hdHz3CORMz3FcU230C4,0.78,0.36,0.62,0.0,0.15,-6,0.04,81,0.38
0JuW3zVUYjyW5BbtXq2to6,0.57,0.63,0.4,0.0,0.08,-15,0.04,89,0.6
2TVxnKdb3tqe1nhQWwwZCO,0.38,0.41,0.43,0.0,0.15,-11,0.03,145,0.28
38zsOOcu31XbbYj9BIPUF1,0.83,0.55,0.32,0.0,0.1,-11,0.03,128,0.32
7HW5WIw7ZgZORCzUxv5gW5,0.15,0.73,0.84,0.0,0.06,-9,0.03,131,0.78
0EANX0OVKSCcmarY50Xa4p,0.82,0.3,0.37,0.0,0.1,-9,0.03,122,0.15
3qczyRtur0tILibW9rHBFA,0.05,0.55,0.81,0.0,0.28,-4,0.09,135,0.22
2aEuXA1KswHlCGPOuPmCOW,0.1,0.71,0.67,0.0,0.23,-8,0.05,79,0.84
2aBxt229cbLDOvtL7Xbb9x,0.46,0.65,0.53,0.0,0.25,-8,0.04,79,0.49
4EI8VuxUuIHKfafU72emqz,0.03,0.83,0.47,0.0,0.09,-8,0.06,140,0.77
1z3ugFmUKoCzGsI6jdY4Ci,0.26,0.63,0.84,0.0,0.18,-5,0.04,111,0.26
1ZPlNanZsJSPK5h9YZZFbZ,0.15,0.77,0.66,0.0,0.07,-11,0.04,120,0.97
27QvYgBk0CHOVHthWnkuWt,0.01,0.74,0.88,0.0,0.42,-6,0.04,116,0.33
2fzykVsO2Di5jnofUNX3YE,0.01,0.74,0.8,0.09,0.14,-9,0.07,120,0.87
4xnp5cvuGKQGwuIRHCTUzh,0.62,0.53,0.46,0.0,0.14,-8,0.03,107,0.34
1pTGc8pwyo6xtgXBKCBcFn,0.25,0.47,0.28,0.0,0.13,-16,0.03,170,0.33
1vZTgn4JXWMahR8r99ug5H,0.89,0.26,0.32,0.0,0.13,-12,0.03,138,0.17
7qmqeHzgNQTOnl1NUgRFO4,0.88,0.16,0.12,0.0,0.16,-18,0.04,67,0.24
7J1uxwnxfQLu4APicE5Rnj,0.02,0.93,0.46,0.04,0.04,-10,0.05,117,0.88
3BovdzfaX4jb5KFQwoPfAw,0.02,0.78,0.71,0.0,0.23,-9,0.05,139,0.9
2LlQb7Uoj1kKyGhlkBf9aC,0.09,0.77,0.86,0.0,0.91,-5,0.07,118,0.81
7oOOI85fVQvVnK5ynNMdW7,0.18,0.81,0.54,0.0,0.16,-13,0.04,114,0.85
0sKlV58cODrjxGFOyf9IXY,0.05,0.88,0.85,0.0,0.14,-5,0.15,114,0.54
1P17dC1amhFzptugyAO7Il,0.2,0.77,0.71,0.0,0.13,-6,0.12,128,0.51
1CiVz2WkmZRwhU3A6J2Gjz,0.06,0.65,0.79,0.0,0.15,-5,0.17,160,0.94
1D4PL9B8gOg78jiHg3FvBb,0.17,0.62,0.74,0.0,0.08,-4,0.03,119,0.3
0V3wPSX9ygBnCm8psDIegu,0.12,0.63,0.65,0.0,0.16,-7,0.06,97,0.49
1vwCXIAjSkUxvn78Cmz84g,0.09,0.75,0.68,0.0,0.13,-5,0.06,96,0.58
1BxfuPKGuaTgP7aM0Bbdwr,0.12,0.55,0.7,0.0,0.11,-6,0.16,170,0.56
3NlLmKBJozwoi0k03Feb1N,0.2,0.75,0.69,0.0,0.07,-9,0.05,119,0.9
0n2pjCIMKwHSXoYfEbYMfX,0.82,0.52,0.46,0.0,0.24,-15,0.07,132,0.68
2C5SI38AMmqckQGnD1H2FO,0.02,0.65,0.76,0.0,0.05,-6,0.04,109,0.8
1h2xVEoJORqrg71HocgqXd,0.04,0.63,0.63,0.01,0.04,-12,0.07,100,0.87
36lkJSDyMEZoWTqtRj8Q8q,0.37,0.58,0.6,0.0,0.22,-6,0.03,74,0.39
58DXqHKK7TfxUmhCq2ux4E,0.06,0.4,0.57,0.0,0.05,-7,0.03,141,0.23
0Wv3aY6gApoT3oKBYIqvXb,0.02,0.48,0.6,0.0,0.05,-7,0.03,77,0.35
5FoeE0CWMs0CbX0udYutDS,0.46,0.39,0.56,0.0,0.11,-7,0.03,173,0.19
2tUBqZG2AbRi7Q0BIrVrEj,0.21,0.71,0.82,0.0,0.09,-9,0.05,119,0.87
4eHbdreAnSOrDDsFfc4Fpm,0.85,0.33,0.21,0.0,0.08,-13,0.03,68,0.11
6yJxCltgtmGxIgKOS6ndnu,0.48,0.5,0.33,0.0,0.12,-16,0.03,131,0.25
31er9IGsfFbwqy1pH4aiTP,0.58,0.54,0.4,0.0,0.16,-10,0.04,153,0.24
1H4idkmruFoJBg1DvUv2tY,0.08,0.48,0.6,0.0,0.11,-9,0.03,125,0.67
1SV1fxF65n9NhRHp3KlBuu,0.32,0.77,0.51,0.0,0.07,-9,0.03,95,0.78
1Qa0Y05al633fG8f9Peytc,0.39,0.47,0.49,0.09,0.62,-10,0.03,79,0.37
1db0gbTSKdRQum8VlbNkiO,0.12,0.82,0.69,0.0,0.05,-10,0.05,118,0.83
3oevkC3HQ2sxTwJ394MROY,0.53,0.42,0.36,0.0,0.06,-15,0.04,120,0.14
452KBpASS5lZLeJWX9Ixub,0.41,0.65,0.58,0.0,0.07,-10,0.08,167,0.92
44AyOl4qVkzS48vBsbNXaC,0.94,0.4,0.29,0.0,0.11,-14,0.03,100,0.34
1H5IfYyIIAlgDX8zguUzns,0.04,0.49,0.38,0.0,0.41,-11,0.03,117,0.71
64Ny7djQ6rNJspquof2KoX,0.73,0.49,0.76,0.01,0.76,-8,0.05,87,0.95
7zMUCLm1TN9o9JlLISztxO,0.1,0.66,0.75,0.01,0.28,-11,0.03,114,0.97
2yOm4lN7aTygtXanJFNFWU,0.6,0.57,0.23,0.0,0.12,-11,0.07,129,0.21
29rQJydAlO0uMyWvRIZxQg,0.3,0.7,0.7,0.47,0.07,-7,0.07,98,0.58
5vywtoD7fO1CP0B2wtm6I6,0.28,0.79,0.79,0.24,0.16,-12,0.05,120,0.64
5EBWCGlCn65HM8Hglrc5V1,0.63,0.43,0.41,0.01,0.14,-12,0.03,78,0.06
4z7maGZkAonDlXlwo8q69f,0.01,0.72,0.69,0.0,0.11,-8,0.03,112,0.85
6rovOdp3HgK1DeAMYDzoA7,0.56,0.6,0.57,0.11,0.07,-11,0.04,129,0.54
6sBA8b9bT8Z8G8TkVDvNTK,0.27,0.64,0.82,0.49,0.14,-9,0.03,161,0.71
4lsEHglVsLzILTDQ3CNESV,0.13,0.51,0.44,0.0,0.1,-11,0.03,75,0.14
6LxSe8YmdPxy095Ux6znaQ,0.37,0.64,0.57,0.0,0.09,-7,0.11,152,0.43
1zi7xx7UVEFkmKfv06H8x0,0.01,0.79,0.63,0.0,0.33,-6,0.05,104,0.37
5mCPDVBb16L4XQwDdbRUpz,0.26,0.81,0.46,0.09,0.11,-11,0.04,112,0.36
3XLSlQLJf3Ut0zvMUxnF1h,0.39,0.68,0.7,0.0,0.12,-7,0.06,135,0.41
6FMIVQPZg9cmMY8hPxAacD,0.02,0.31,0.93,0.0,0.11,-6,0.13,196,0.38
62LJFaYihsdVrrkgUOJC05,0.01,0.9,0.27,0.0,0.05,-12,0.09,111,0.74
6sby78fghipoXHQLeeZFFH,0.01,0.73,0.99,0.0,0.44,-5,0.05,126,0.84
3QszJeuSyyZQmD9pY1tqpo,0.04,0.71,0.64,0.0,0.11,-14,0.03,135,0.63
6qn9YLKt13AGvpq9jfO8py,0.03,0.74,0.77,0.0,0.11,-4,0.04,128,0.6
5oO3drDxtziYU2H1X23ZIp,0.07,0.51,0.64,0.0,0.08,-5,0.05,172,0.38
2Yy0FsAV2I5VXU4xpph2WN,0.95,0.62,0.31,0.0,0.12,-10,0.03,112,0.13
49FYlytm3dAAraYgpoJZux,0.01,0.59,0.83,0.0,0.04,-5,0.12,174,0.58
0ByMNEPAPpOR5H69DVrTNy,0.03,0.83,0.67,0.0,0.05,-6,0.06,123,0.55
2ENexcMEMsYk0rVJigVD3i,0.11,0.79,0.71,0.0,0.06,-4,0.04,126,0.64
1xOXXYh6lTW8laxlW7JP2J,0.16,0.58,0.87,0.0,0.09,-6,0.16,76,0.76
64UioB4Nmwgn2f4cbIpAkl,0.1,0.75,0.68,0.0,0.09,-8,0.15,141,0.54
4ZoBC5MhSEzuknIgAkBaoT,0.11,0.74,0.65,0.0,0.06,-13,0.04,131,0.8
5zA8vzDGqPl2AzZkEYQGKh,0.08,0.7,0.94,0.0,0.6,-3,0.05,129,0.79
5A6Jbi90K8s9ge8BVh15ga,0.57,0.36,0.39,0.0,0.11,-8,0.03,95,0.37
4Y8EyXnq5CLR8A7EHXxx7L,0.77,0.46,0.36,0.0,0.1,-8,0.03,135,0.34
4W0pzgxtVud25lXyfnfxDC,0.76,0.61,0.33,0.0,0.13,-13,0.03,78,0.34
3CifrcOH0P7cMwEInwBcIN,0.4,0.83,0.53,0.96,0.07,-12,0.08,82,0.87
54536WVYAqiNf2N2SfBMGk,0.77,0.55,0.42,0.88,0.11,-11,0.04,81,0.5
3S94k75DXrZI7OX3c9KPfr,0.86,0.63,0.16,0.0,0.14,-14,0.04,84,0.25
0NhodPAXI2erfY7rdLr3di,0.62,0.78,0.57,0.52,0.04,-10,0.05,101,0.89
7Ie9W94M7OjPoZVV216Xus,0.53,0.86,0.95,0.0,0.21,-1,0.26,115,0.67
15JINEqzVMv3SvJTAXAKED,0.24,0.75,0.93,0.0,0.52,-5,0.23,87,0.64
3yfqSUWxFvZELEM4PmlwIR,0.03,0.95,0.66,0.0,0.05,-4,0.06,105,0.76
4xkOaSrkexMciUUogZKVTS,0.06,0.55,0.85,0.0,0.08,-3,0.19,171,0.1
7J41dYQolQJEtj3UmKLu5r,0.02,0.82,0.5,0.0,0.07,-5,0.03,124,0.65
2QsZVnbWVSjKMXK6K3uRBL,0.19,0.66,0.63,0.0,0.25,-5,0.08,94,0.73
5rb9QrpfcKFHM1EUbSIurX,0.02,0.89,0.79,0.0,0.04,-5,0.11,105,0.58
68vgtRHr7iZHpzGpon6Jlo,0.26,0.66,0.51,0.0,0.05,-8,0.12,86,0.68
2mOGLiSTUeki1l9t1BBNRQ,0.22,0.72,0.22,0.0,0.12,-15,0.03,113,0.31
7FwBtcecmlpc1sLySPXeGE,0.01,0.53,0.94,0.0,0.19,-6,0.04,149,0.5
3PzsbWSQdLCKDLxn7YZfkM,0.59,0.62,0.45,0.03,0.07,-14,0.03,89,0.87
0dOg1ySSI7NkpAe89Zo0b9,0.0,0.4,0.95,0.0,0.1,-6,0.06,122,0.58
62AuGbAkt8Ox2IrFFb8GKV,0.61,0.53,0.13,0.0,0.24,-16,0.03,63,0.58
5pkd9ib1RgbkAd1R9bIOCa,0.32,0.56,0.51,0.0,0.16,-15,0.03,128,0.86
4wOKTOwGVrie2GIbCMEe7U,0.14,0.25,0.38,0.0,0.11,-14,0.03,90,0.51
1K1nzhbKCNmrNXi9B07mPF,0.02,0.71,0.38,0.0,0.09,-14,0.03,91,0.84
1OppEieGNdItZbE14gLBEv,0.3,0.63,0.71,0.0,0.08,-9,0.05,97,0.66
5uES1C2NgkdrNHiCwf9jRr,0.76,0.6,0.64,0.0,0.54,-9,0.04,136,0.73
69RH84na5iUNwrwxpgjC5j,0.79,0.57,0.49,0.0,0.09,-11,0.04,135,0.85
52FlwUMMDnTK8TGkCag9Jd,0.53,0.61,0.44,0.0,0.13,-13,0.03,115,0.5
40riOy7x9W7GXjyGp4pjAv,0.01,0.58,0.51,0.0,0.06,-9,0.03,147,0.61
4yugZvBYaoREkJKtbG08Qr,0.34,0.57,0.67,0.0,0.13,-10,0.03,139,0.74
2TjnCxxQRYn56Ye8gkUKiW,0.95,0.23,0.22,0.0,0.27,-13,0.03,60,0.18
3QIoEi8Enr9uHffwInGIsC,0.6,0.61,0.29,0.0,0.06,-12,0.04,183,0.47
3mRM4NM8iO7UBqrSigCQFH,0.03,0.7,0.83,0.01,0.18,-7,0.03,104,0.94
2JoZzpdeP2G6Csfdq5aLXP,0.11,0.63,0.36,0.0,0.13,-9,0.03,105,0.67
5KgbyD2lQQlIupAaPjgiXg,0.03,0.73,0.8,0.0,0.08,-7,0.02,109,0.89
0mbS3VwRbO6HVBMPXnzOGA,0.73,0.43,0.38,0.0,0.27,-13,0.03,91,0.53
1AJ5F0FMTC3yFU3ocjy1gE,0.66,0.52,0.37,0.0,0.14,-8,0.03,106,0.65
4IHc6SzGPnzSPuHVEPzpJc,0.72,0.39,0.63,0.0,0.13,-7,0.03,125,0.72
5qHYXcVvc9xsFB2uH7GpMN,0.01,0.68,0.64,0.0,0.14,-10,0.03,116,0.93
5t9KYe0Fhd5cW6UYT4qP8f,0.39,0.4,0.49,0.0,0.15,-7,0.03,133,0.38
07GvNcU1WdyZJq3XxP0kZa,0.02,0.58,0.95,0.0,0.07,-5,0.04,135,0.8
0ofHAoxe9vBkTCp2UQIavz,0.06,0.83,0.49,0.0,0.13,-10,0.03,120,0.79
5ihS6UUlyQAfmp48eSkxuQ,0.88,0.41,0.16,0.0,0.12,-22,0.03,159,0.42
19Shlms2uTnOjIUg50TXzd,0.86,0.65,0.34,0.39,0.08,-13,0.04,176,0.95
4YMQXzscifAREG0a7KNGhB,0.68,0.49,0.35,0.08,0.09,-14,0.03,124,0.62
2pX4FpOgwItRVPPUFdRcxA,0.16,0.61,0.92,0.0,0.3,-4,0.03,116,0.96
41IShViF79gmulEkIHAjcb,0.07,0.59,0.93,0.0,0.06,-3,0.05,120,0.67
7ptdX6yHWePemlp0TuOhK5,0.01,0.6,0.84,0.0,0.23,-5,0.03,128,0.6
745H5CctFr12Mo7cqa1BMH,0.64,0.57,0.42,0.0,0.1,-11,0.03,105,0.69
676Rf0qIOh2gKNEl9TnCOx,0.4,0.59,0.74,0.0,0.11,-6,0.04,133,0.88
39Bd345OWEhRNyfayhp9gv,0.88,0.43,0.24,0.01,0.2,-15,0.03,92,0.48
6aL6pPBaTMGgM558mplSnj,0.57,0.69,0.69,0.0,0.4,-13,0.1,109,0.7
33LC84JgLvK2KuW43MfaNq,0.73,0.43,0.28,0.0,0.12,-12,0.03,99,0.04
28UMiBhn383n9S7GL4tsxD,0.31,0.62,0.47,0.0,0.1,-10,0.03,120,0.18
5kK1Iru9ogP3Iy1zsANU1n,0.36,0.55,0.52,0.0,0.24,-9,0.03,140,0.25
2FTZeRHQ4gRPViPMpWL9uX,0.02,0.69,0.64,0.0,0.2,-5,0.04,102,0.45
0gsl92EMIScPGV1AU35nuD,0.35,0.34,0.33,0.02,0.07,-10,0.03,119,0.08
6cLEpgDcEldV1n9gusHQUX,0.71,0.67,0.28,0.0,0.13,-10,0.04,135,0.49
4VijLEUxHEzbWKYL5u9wuN,0.57,0.51,0.3,0.0,0.08,-14,0.04,103,0.63
5K09WxKdlkroDyEVyOSySy,0.68,0.6,0.27,0.0,0.14,-10,0.03,111,0.41
7L4G39PVgMfaeHRyi1ML7y,0.91,0.46,0.27,0.0,0.1,-15,0.07,146,0.29
5Gq5Ozgqqti42kNLVRfkRt,0.46,0.57,0.68,0.0,0.09,-7,0.18,170,0.82
4o6BgsqLIBViaGVbx5rbRk,0.23,0.75,0.5,0.11,0.05,-12,0.06,167,0.9
1qjrYozGqc7upUgfN776lZ,0.36,0.59,0.4,0.0,0.12,-11,0.07,150,0.2
0j3QN4uiMdf8gI12JATZ9B,0.22,0.74,0.32,0.0,0.07,-13,0.04,93,0.81
7j4OmvkjRz0PrjFADlHfQx,0.0,0.6,0.67,0.0,0.11,-4,0.02,108,0.45
6IAZHEBUIGJ6NJKxxOBIEr,0.14,0.73,0.77,0.0,0.05,-5,0.03,105,0.51
5lkpeJwmQKgY3bX2zChjxX,0.89,0.56,0.32,0.0,0.1,-8,0.03,135,0.29
1Yk0cQdMLx5RzzFTYwmuld,0.33,0.58,0.43,0.0,0.09,-6,0.03,79,0.29
273QnyCvJB65rScHJ1nPZb,0.91,0.32,0.17,0.0,0.11,-11,0.03,65,0.1
6O5TrlFWTYvznd9fMC0VvU,0.3,0.38,0.6,0.0,0.1,-6,0.05,144,0.27
6VObnIkLVruX4UVyxWhlqm,0.42,0.35,0.55,0.0,0.11,-7,0.03,76,0.08
2KzV3VG27vIp7roOS3N4kX,0.3,0.53,0.47,0.0,0.17,-5,0.03,155,0.19
0TwBtDAWpkpM3srywFVOV5,0.0,0.66,0.76,0.0,0.06,-7,0.21,99,0.7
5mMjkxGijQB4JZallYrkOW,0.04,0.43,0.58,0.0,0.19,-5,0.3,193,0.27
2MfOcbtgz2yTsiznFmVZUN,0.27,0.51,0.72,0.0,0.06,-6,0.06,80,0.47
0K7wIocSvzcRISpssBUzfZ,0.11,0.63,0.52,0.0,0.35,-6,0.03,90,0.43
1kgdslQYmeTR4thk9whoRw,0.84,0.5,0.24,0.54,0.13,-12,0.03,154,0.31
0zxj7dVhYZq5ACyaDx5XIo,0.32,0.56,0.52,0.0,0.93,-12,0.05,94,0.65
2udGjDmpK1dH9VGyw7nrei,0.06,0.7,0.5,0.03,0.32,-13,0.03,105,0.68
6zC0mpGYwbNTpk9SKwh08f,0.65,0.57,0.21,0.13,0.13,-16,0.03,96,0.49
4czNORk5MjW5WOn98bki32,0.12,0.74,0.58,0.0,0.05,-12,0.05,109,0.78
0snPJPxkk0MbTc0xeUvAPt,0.12,0.7,0.77,0.0,0.39,-9,0.05,133,0.73
6HPLeKiNm92RbykX2BDTUB,0.26,0.52,0.35,0.0,0.11,-15,0.03,132,0.27
17CPezzLWzvGfpZW6X8XT0,0.36,0.64,0.41,0.0,0.08,-11,0.03,128,0.26
78lgmZwycJ3nzsdgmPPGNx,0.01,0.56,0.93,0.17,0.35,-10,0.06,113,0.62
5CQ30WqJwcep0pYcV4AMNc,0.58,0.34,0.34,0.0,0.12,-12,0.03,82,0.2
0hCB0YR03f6AmQaHbwWDe8,0.05,0.41,0.9,0.13,0.41,-12,0.41,90,0.42
3MODES4TNtygekLl146Dxd,0.07,0.47,0.61,0.0,0.23,-11,0.03,98,0.89
3qT4bUD1MaWpGrTwcvguhb,0.4,0.44,0.86,0.03,0.24,-8,0.09,81,0.75
6SKwQghsR8AISlxhcwyA9R,0.33,0.62,0.82,0.0,0.1,-5,0.04,145,0.45
3w3y8KPTfNeOKPiqUTakBh,0.05,0.73,0.7,0.0,0.31,-4,0.04,144,0.87
0nJW01T7XtvILxQgC5J7Wh,0.93,0.61,0.28,0.0,0.09,-9,0.04,73,0.39
47Slg6LuqLaX0VodpSCvPt,0.01,0.64,0.84,0.0,0.06,-5,0.04,109,0.42
4J0DbyODwZJcmIAiTSJfMF,0.87,0.3,0.31,0.0,0.37,-11,0.03,146,0.46
1ne9wOtDF2jM6Cm8WBkaER,0.31,0.46,0.44,0.0,0.5,-11,0.03,81,0.72
69HICMmc6nNLucAx3aJX9M,0.79,0.76,0.54,0.0,0.06,-10,0.05,106,0.96
1YYhDizHx7PnDhAhko6cDS,0.76,0.46,0.4,0.0,0.12,-9,0.03,82,0.63
3D8dwH690MXQRhtIZTSS9c,0.85,0.41,0.19,0.0,0.11,-13,0.03,121,0.63
6ECp64rv50XVz93WvxXMGF,0.05,0.71,0.86,0.0,0.09,-5,0.04,95,0.81
1XGmzt0PVuFgQYYnV2It7A,0.02,0.74,0.75,0.0,0.29,-5,0.04,110,0.55
4BTsEp2tjLdQZcLiI2OT4E,0.02,0.74,0.71,0.0,0.06,-6,0.03,120,0.88
6eV7eK07znOHcKz3bzEmpS,0.06,0.75,0.79,0.0,0.09,-7,0.03,120,0.88
0B9x2BRHqj3Qer7biM3pU3,0.28,0.76,0.61,0.0,0.1,-11,0.06,107,0.82
5BUq9bdtsm3LWw5laJeJ4R,0.29,0.59,0.34,0.01,0.12,-13,0.03,111,0.32
0v1XpBHnsbkCn7iJ9Ucr1l,0.03,0.55,0.91,0.0,0.35,-4,0.05,120,0.54
0ee1DiZF94NSqqpG0XHUzH,0.08,0.53,0.89,0.0,0.29,-4,0.03,123,0.79
2TofEeQobQ9YoK7EFds698,0.07,0.54,0.96,0.0,0.34,-3,0.05,123,0.81
6MjfEIHOMW6MaDO3LpFcmW,0.55,0.45,0.24,0.0,0.07,-14,0.03,190,0.3
4YwbSZaYeYja8Umyt222Qf,0.03,0.62,0.94,0.0,0.07,-5,0.03,98,0.76
1NCuYqMc8hKMb4cpNTcJbD,0.74,0.78,0.56,0.0,0.06,-7,0.03,102,0.37
3pbtBomO4Zt5gGiqsYeiBH,0.18,0.87,0.86,0.03,0.04,-9,0.06,108,0.88
3SnGymj6ijE2iuUfWxLo1q,0.19,0.72,0.83,0.43,0.08,-9,0.05,110,0.77
6HSXNV0b4M4cLJ7ljgVVeh,0.25,0.51,0.4,0.18,0.11,-13,0.03,140,0.23
3AhXZa8sUQht0UEdBJgpGc,0.73,0.48,0.72,0.0,0.19,-7,0.03,95,0.56
3RkQ3UwOyPqpIiIvGVewuU,0.79,0.39,0.31,0.0,0.38,-15,0.07,178,0.58
2WOjLF83vqjit2Zh4B69V3,0.89,0.6,0.24,0.0,0.25,-17,0.04,111,0.47
43btz2xjMKpcmjkuRsvxyg,0.04,0.81,0.41,0.0,0.08,-8,0.04,104,0.63
67eX1ovaHyVPUinMHeUtIM,0.04,0.79,0.74,0.0,0.11,-5,0.04,125,0.97
2HsjJJL4DhPCzMlnaGv7ap,0.16,0.66,0.92,0.01,0.31,-3,0.03,123,0.63
1gT5TGwbkkkUliNzHRIGi1,0.14,0.26,0.85,0.0,0.48,-5,0.16,178,0.43
2igwFfvr1OAGX9SKDCPBwO,0.03,0.49,0.96,0.0,0.46,-2,0.39,174,0.81
1auxYwYrFRqZP7t3s7w4um,0.13,0.79,0.86,0.0,0.35,-6,0.31,140,0.78
2Vnw8zKmjhr1jczUeaqiQg,0.0,0.8,0.89,0.02,0.07,-8,0.03,120,0.97
1ibRqifchaAfeNdQGpbRVW,0.0,0.86,0.7,0.02,0.41,-15,0.04,121,0.97
0gmbgwZ8iqyMPmXefof8Yf,0.0,0.45,0.76,0.0,0.1,-5,0.03,172,0.54
1jq28NGw6wdtFKx8MBPy6C,0.0,0.62,0.92,0.39,0.36,-3,0.07,132,0.6
05tlUh0E6IFks9sCQguQKN,0.05,0.62,0.91,0.0,0.31,-3,0.04,144,0.68
05rWggLwQ2weA4D2cRAt55,0.0,0.51,0.78,0.0,0.1,-5,0.03,133,0.34
4Gmkqn3V7IMTkOmmiX7cbb,0.41,0.63,0.52,0.0,0.12,-8,0.04,117,0.18
3l3xTXsUXeWlkPqzMs7mPD,0.07,0.64,0.43,0.0,0.06,-9,0.02,150,0.53
7dfl9X38RhIvB3oSmmneq3,0.1,0.56,0.49,0.0,0.1,-8,0.02,142,0.2
3wM6RTAnF7IQpMFd7b9ZcL,0.67,0.25,0.38,0.0,0.38,-14,0.03,168,0.41
1Ehdm1PDlKrdfyBsjwEvd1,0.81,0.38,0.34,0.0,0.1,-13,0.04,184,0.69
42CX3VhPsCG75BFp07r9Vj,0.79,0.45,0.22,0.0,0.1,-13,0.05,82,0.46
7nXZCcFAy1oCKQG2SqLszv,0.77,0.41,0.32,0.0,0.1,-12,0.03,87,0.3
50kpGaPAhYJ3sGmk6vplg0,0.84,0.61,0.38,0.0,0.28,-10,0.44,100,0.52
09CtPGIpYB4BrO8qb1RGsF,0.08,0.66,0.76,0.0,0.3,-4,0.05,100,0.41
6epn3r7S14KUqlReYr77hA,0.04,0.73,0.86,0.0,0.11,-5,0.14,65,0.54
6QFCMUUq1T2Vf5sFUXcuQ7,0.0,0.6,0.84,0.0,0.07,-5,0.06,128,0.5
7so0lgd0zP2Sbgs2d7a1SZ,0.31,0.52,0.59,0.0,0.12,-8,0.03,158,0.54
1QV6tiMFM6fSOKOGLMHYYg,0.12,0.85,0.81,0.0,0.12,-5,0.08,119,0.77
2rbDhOo9Fh61Bbu23T2qCk,0.3,0.55,0.5,0.0,0.76,-6,0.04,130,0.29
0SiywuOBRcynK0uKGWdCnn,0.0,0.7,0.92,0.0,0.08,-4,0.04,119,0.71
7vidktgNZFQylTgH1GEnMs,0.03,0.56,0.61,0.0,0.17,-7,0.03,131,0.51
2OgVsp77En2nju8pnCieVU,0.31,0.77,0.47,0.0,0.04,-9,0.03,201,0.43
1JLn8RhQzHz3qDqsChcmBl,0.19,0.48,0.47,0.0,0.13,-10,0.03,81,0.42
00qOE7OjRl0BpYiCiweZB2,0.08,0.36,0.65,0.0,0.08,-6,0.07,177,0.52
6ic8OlLUNEATToEFU3xmaH,0.25,0.79,0.84,0.0,0.07,-3,0.03,113,0.38
6I9VzXrHxO9rA9A5euc8Ak,0.02,0.77,0.84,0.03,0.24,-4,0.11,143,0.92
0Qh38w01QRXK6KHIv0e3hb,0.03,0.49,0.59,0.0,0.09,-6,0.05,114,0.19
1mKXFLRA179hdOWQBwUk9e,0.34,0.78,0.55,0.0,0.13,-7,0.05,95,0.44
1jF7IL57ayN4Ity3jQqGu0,0.0,0.67,0.63,0.0,0.09,-7,0.03,104,0.55
3XVBdLihbNbxUwZosxcGuJ,0.6,0.61,0.44,0.0,0.1,-9,0.11,118,0.17
0mZ5GyrHG908lqrHaTw4hi,0.02,0.64,0.55,0.0,0.13,-5,0.03,90,0.17
77xMtm3bTqLVN6FiJurLFv,0.14,0.48,0.71,0.0,0.11,-6,0.06,93,0.14
1htQDV8JxSuXG2QsNj5ttr,0.0,0.65,0.81,0.0,0.67,-4,0.04,126,0.73
4jbmgIyjGoXjY01XxatOx6,0.0,0.65,0.59,0.0,0.17,-6,0.05,132,0.35
2009X8GyWTqyxIdzAEYW6N,0.0,0.69,0.8,0.0,0.16,-4,0.04,134,0.88
1y4eb6hmAvsqlDOl3fx9kk,0.0,0.71,0.84,0.0,0.07,-4,0.04,132,0.86
3E7dfMvvCLUddWissuqMwr,0.0,0.65,0.7,0.0,0.09,-5,0.04,96,0.47
7DSAEUvxU8FajXtRloy8M0,0.06,0.71,0.69,0.0,0.02,-5,0.06,118,0.63
1daDRI9ahBonbWD8YcxOIB,0.1,0.67,0.64,0.0,0.1,-4,0.03,122,0.49
2vwlzO0Qp8kfEtzTsCXfyE,0.41,0.53,0.42,0.0,0.11,-6,0.03,120,0.35
3qI94hINNNeb4S7xQi18lS,0.08,0.77,0.64,0.0,0.09,-10,0.08,113,0.88
3kXoKlD84c6OmIcOLfrfEs,0.15,0.67,0.83,0.0,0.14,-8,0.03,126,0.98
3koCCeSaVUyrRo3N2gHrd8,0.12,0.87,0.65,0.0,0.13,-9,0.06,125,0.9
7tqhbajSfrz2F7E1Z75ASX,0.43,0.66,0.6,0.0,0.18,-11,0.03,130,0.8
3VZmChrnVW8JK6ano4gSED,0.12,0.81,0.6,0.0,0.06,-10,0.06,94,0.74
6ADSaE87h8Y3lccZlBJdXH,0.0,0.55,0.54,0.24,0.12,-7,0.03,110,0.12
6wpGqhRvJGNNXwWlPmkMyO,0.01,0.56,0.77,0.0,0.09,-9,0.04,101,0.66
0gzqZ9d1jIKo9psEIthwXe,0.02,0.54,0.93,0.0,0.2,-6,0.06,136,0.39
3zxklD2EGecZre9MjEEvIU,0.74,0.73,0.16,0.0,0.11,-13,0.03,95,0.5
5z3ZDMP02xF33yCvPFnct3,0.66,0.4,0.28,0.0,0.16,-11,0.03,130,0.27
7N3PAbqfTjSEU1edb2tY8j,0.17,0.57,0.84,0.0,0.07,-6,0.03,130,0.8
05RgAMGypEvqhNs5hPCbMS,0.0,0.53,0.98,0.0,0.07,-5,0.11,141,0.45
6UBjSnyP1O5W5ndJoO9vUk,0.43,0.71,0.74,0.01,0.1,-7,0.04,119,0.37
1Ryxsiacu8pUXIMCVnIQ8J,0.41,0.71,0.77,0.0,0.06,-7,0.03,116,0.56
5EOoMWIB9iK4ZpcSex9Ec7,0.21,0.71,0.94,0.0,0.07,-3,0.04,124,0.96
1SWmFiFSIBoDbQJjNKC7SR,0.28,0.67,0.77,0.03,0.13,-6,0.02,110,0.72
5qlJg0Wbj3sslxfwiaRNpq,0.17,0.39,0.65,0.0,0.22,-5,0.03,121,0.14
1xsYj84j7hUDDnTTerGWlH,0.4,0.39,0.48,0.0,0.31,-8,0.02,78,0.23
3QxKpdTB8ZSFn8MGeCCpsQ,0.09,0.36,0.86,0.0,0.29,-4,0.04,162,0.46
4JfuiOWlWCkjP6OKurHjSn,0.01,0.65,0.73,0.0,0.08,-11,0.04,109,0.89
0xmjwnQ3FNE6HuWCt2nHdZ,0.11,0.83,0.7,0.0,0.13,-3,0.18,94,0.81
4kLLWz7srcuLKA7Et40PQR,0.09,0.74,0.77,0.0,0.51,-6,0.03,128,0.61
3F9ByoUqu31xU0I3G5xfVg,0.0,0.8,0.63,0.0,0.32,-7,0.07,130,0.4
3ZdJffjzJWFimSQyxgGIxN,0.04,0.53,0.75,0.0,0.12,-6,0.03,90,0.1
1mExCoXAGKI6abLGXoG7O3,0.02,0.65,0.75,0.0,0.08,-4,0.03,88,0.17
4sFtp3pDTJnOZfZuhY20vr,0.12,0.78,0.79,0.0,0.12,-7,0.12,80,0.17
1qhp5owrFGeZ5Jgin28nwR,0.88,0.47,0.26,0.0,0.12,-11,0.03,169,0.46
12q3V8ShACq2PSWINMc2rC,0.49,0.45,0.44,0.01,0.13,-13,0.04,208,0.81
4HHge4zAyIw3pkrtFzmwCl,0.9,0.49,0.17,0.0,0.08,-14,0.04,144,0.36
1BWsOxeMx83OrKGCV4gxly,0.65,0.71,0.58,0.0,0.05,-9,0.03,120,0.64
1AWQoqb9bSvzTjaLralEkT,0.2,0.89,0.71,0.0,0.05,-6,0.14,101,0.82
4rHZZAmHpZrA3iH5zx8frV,0.23,0.57,0.51,0.0,0.09,-7,0.05,77,0.51
6JV2JOEocMgcZxYSZelKcc,0.01,0.67,0.83,0.0,0.1,-6,0.07,113,0.7
0O45fw2L5vsWpdsOdXwNAR,0.06,0.97,0.58,0.0,0.05,-6,0.08,117,0.96
3G7tRC24Uh09Hmp1KZ7LQ2,0.71,0.53,0.78,0.0,0.22,-6,0.04,80,0.96
7uEcCGtM1FBBGIhPozhJjv,0.26,0.51,0.49,0.0,0.11,-10,0.03,126,0.65
1XxRYmDKuABtbtCozx3pA2,0.22,0.47,0.75,0.0,0.17,-6,0.11,80,0.62
5KqldkCunQ2rWxruMEtGh0,0.34,0.67,0.5,0.0,0.19,-13,0.06,87,0.86
4mnOVRRXsaqg9Nb041xR8u,0.68,0.59,0.47,0.0,0.07,-10,0.04,204,0.74
0JkIre0YxNmKGMU5V7ZiDx,0.13,0.65,0.43,0.0,0.15,-13,0.06,91,0.68
5Pj5zrq2nbKcAekH1AxbrO,0.86,0.32,0.18,0.0,0.09,-16,0.03,137,0.2
4KfSdst7rW39C0sfhArdrz,0.02,0.55,0.69,0.11,0.14,-14,0.04,137,0.67
5YjKdeES9QRJ8NmF4Xc8pV,0.16,0.63,0.75,0.0,0.06,-9,0.03,103,0.8
0h17TpfCKbbib1J37Qgj7r,0.73,0.41,0.62,0.0,0.09,-6,0.03,175,0.17
5zH710lFSLtkHbMkslLDjR,0.12,0.44,0.46,0.0,0.13,-12,0.03,130,0.38
3IvcWWehbBcBR4YZxlGM9R,0.02,0.64,0.96,0.0,0.95,-5,0.03,124,0.96
60hGQrn24APqEFSLObLeDc,0.02,0.47,0.79,0.0,0.09,-5,0.04,158,0.5
6leiB1fEsTnVCuPiielde5,0.38,0.51,0.85,0.0,0.06,-6,0.05,172,0.85
4Pn0JlCUusD2QHjADuOzuV,0.68,0.36,0.48,0.0,0.12,-7,0.03,101,0.14
6iXQrhhgBisdfvS34EMTZ3,0.42,0.31,0.46,0.0,0.14,-9,0.03,104,0.32
7qUTZEf6bgiApJEXpMAH5y,0.49,0.42,0.52,0.0,0.15,-10,0.03,98,0.48
5dNfHmqgr128gMY2tc5CeJ,0.06,0.8,0.52,0.0,0.09,-7,0.04,133,0.86
2RzJwBCXsS1VnjDm2jKKAa,0.24,0.55,0.44,0.0,0.19,-8,0.03,120,0.04
7cFQFr1VpkSp3BTIn7X719,0.26,0.74,0.26,0.0,0.1,-8,0.05,61,0.83
5RKQ5NdjSh2QzD4MaunT91,0.13,0.51,0.75,0.0,0.2,-7,0.04,119,0.51
71SvEDmsOwIWw1IozsZoMA,0.0,0.53,0.93,0.0,0.14,-8,0.05,138,0.57
1pTw2cNrp9L3esxLAvWnN2,0.14,0.47,0.96,0.0,0.33,-5,0.06,132,0.37
0l5TpsCL1ObiTEsHeWA0by,0.22,0.42,0.6,0.0,0.1,-6,0.03,130,0.23
0Q3GpBYKy5Mx97TNBJVibl,0.91,0.47,0.1,0.02,0.12,-24,0.04,138,0.5
3g2fYZW5v2od8KIF7VktT0,0.65,0.34,0.25,0.0,0.11,-16,0.03,129,0.3
4Xl2PrS3DJqqSKXCo6Uhv9,0.83,0.49,0.38,0.0,0.1,-12,0.03,93,0.53
5y788ya4NvwhBznoDIcXwK,0.84,0.53,0.22,0.0,0.11,-14,0.03,107,0.33
76TZCvJ8GitQ2FA1q5dKu0,0.7,0.44,0.49,0.0,0.16,-14,0.06,93,0.63
6l8EbYRtQMgKOyc1gcDHF9,0.82,0.15,0.21,0.0,0.12,-14,0.03,80,0.26
1eN42Q7IWRzRBq8eW2Y2TE,0.84,0.33,0.21,0.07,0.18,-18,0.03,148,0.28
6QhXQOpyYvbpdbyjgAqKdY,0.36,0.76,0.88,0.0,0.22,-9,0.04,103,0.95
3RMeOetCdXttthQK0clPuz,0.19,0.54,0.44,0.0,0.11,-12,0.03,140,0.23
3ascnOSOR5MX901ylGuhcl,0.2,0.48,0.36,0.0,0.06,-11,0.03,165,0.24
2nfMrwg3aRhSAv4HX7IzJL,0.19,0.55,0.57,0.0,0.16,-9,0.03,160,0.43
1fu5IQSRgPxJL2OTP7FVLW,0.56,0.63,0.05,0.0,0.1,-21,0.04,76,0.2
7qiZfU4dY1lWllzX7mPBI3,0.58,0.83,0.65,0.0,0.09,-3,0.08,96,0.93
0tgVpDi06FyKpA1z0VMD4v,0.16,0.6,0.45,0.0,0.11,-6,0.02,95,0.17
1HNkqx9Ahdgi1Ixy2xkKkL,0.61,0.61,0.38,0.0,0.1,-10,0.05,108,0.2
34gCuhDGsG4bRPIf9bb02f,0.47,0.78,0.45,0.0,0.18,-6,0.03,79,0.59
6JY1IdkZGeIcPegKxjSKeb,0.0,0.66,0.74,0.0,0.11,-5,0.03,131,0.38
0gJvqi9QyASOCtJu99tytc,0.25,0.58,0.58,0.0,0.12,-5,0.03,140,0.14
459h0Mh30C82Z1lhk41yYK,0.05,0.56,0.94,0.0,0.11,-4,0.05,116,0.68
3nAp4IvdMPPWEH9uuXFFV5,0.0,0.51,0.81,0.0,0.21,-5,0.05,160,0.69
6mFkJmJqdDVQ1REhVfGgd1,0.74,0.48,0.26,0.01,0.83,-16,0.04,123,0.38
4gMgiXfqyzZLMhsksGmbQV,0.08,0.69,0.39,0.0,0.25,-16,0.04,104,0.72
5HNCy40Ni5BZJFw1TKzRsC,0.15,0.47,0.37,0.31,0.08,-13,0.03,127,0.17
2ctvdKmETyOzPb2GiJJT53,0.39,0.43,0.37,0.73,0.14,-15,0.03,128,0.25
2TjdnqlpwOjhijHCwHCP2d,0.77,0.27,0.22,0.9,0.08,-14,0.03,116,0.18
4pbJqGIASGPr0ZpGpnWkDn,0.68,0.69,0.5,0.0,0.26,-7,0.12,81,0.48
4u7EnebtmKWzUH433cf5Qv,0.29,0.39,0.4,0.0,0.24,-10,0.05,144,0.23
5T8EDUDqKcs6OSOwEsfqG7,0.05,0.56,0.87,0.0,0.77,-5,0.16,156,0.6
4rDbp1vnvEhieiccprPMdI,0.19,0.5,0.69,0.0,0.22,-7,0.06,112,0.36
5vdp5UmvTsnMEMESIF2Ym7,0.11,0.93,0.53,0.31,0.16,-6,0.16,110,0.75
2fuCquhmrzHpu5xcA1ci9x,0.43,0.67,0.71,0.0,0.1,-8,0.05,114,0.46
6Y3WvyUG9iE5bQYg38SPtQ,0.07,0.73,0.7,0.0,0.26,-6,0.1,147,0.67
3aw9iWUQ3VrPQltgwvN9Xu,0.13,0.91,0.55,0.0,0.09,-4,0.05,93,0.97
3Lk7RWStfLaHG7lXsuS87j,0.08,0.34,0.88,0.0,0.13,-3,0.08,186,0.26
5TRPicyLGbAF2LGBFbHGvO,0.04,0.64,0.63,0.0,0.39,-8,0.04,90,0.43
4EWCNWgDS8707fNSZ1oaA5,0.05,0.79,0.65,0.0,0.25,-6,0.14,88,0.65
1ZHYJ2Wwgxes4m8Ba88PeK,0.0,0.63,0.69,0.01,0.67,-6,0.2,125,0.1
7rbECVPkY5UODxoOUVKZnA,0.14,0.54,0.47,0.0,0.13,-9,0.08,191,0.13
2ymeOsYijJz09LfKw3yM2x,0.46,0.65,0.68,0.0,0.34,-13,0.03,127,0.97
1CAO7hiNOxJRPW4nFv2aRO,0.37,0.67,0.67,0.03,0.21,-14,0.05,120,0.83
1JQ6Xm1JrvHfvAqhl5pwaA,0.11,0.59,0.39,0.0,0.06,-15,0.03,133,0.36
5VJjhHyG8NZ5xdgG6uTb3P,0.07,0.83,0.78,0.02,0.03,-10,0.06,108,0.63
5xl5582IihbEZAnfj0xyso,0.27,0.77,0.83,0.02,0.07,-8,0.06,96,0.76
015qd1I4v00JIoK7yOUgKC,0.76,0.71,0.44,0.0,0.1,-12,0.05,90,0.4
1Eb90nmqTrxylKFhcUzW8P,0.08,0.53,0.36,0.0,0.06,-13,0.03,131,0.3
0GONea6G2XdnHWjNZd6zt3,0.02,0.51,0.83,0.0,0.07,-6,0.04,139,0.77
7Ewz6bJ97vUqk5HdkvguFQ,0.05,0.38,0.59,0.0,0.12,-7,0.03,140,0.33
5IgjP7X4th6nMNDh4akUHb,0.02,0.76,0.56,0.0,0.18,-9,0.04,117,0.37
6XHVuErjQ4XNm6nDPVCxVX,0.12,0.7,0.45,0.0,0.16,-7,0.15,93,0.14
7snQQk1zcKl8gZ92AnueZW,0.09,0.45,0.95,0.08,0.11,-5,0.05,125,0.62
0G21yYKMZoHa30cYVi1iA8,0.02,0.45,0.99,0.28,0.27,-4,0.09,124,0.32
3YRCqOhFifThpSRFJ1VWFM,0.02,0.29,0.64,0.22,0.11,-9,0.03,80,0.23
6eN1f9KNmiWEhpE2RhQqB5,0.02,0.27,0.98,0.01,0.18,-6,0.1,100,0.39
4JiEyzf0Md7KEFFGWDDdCr,0.02,0.5,0.74,0.0,0.11,-7,0.04,132,0.38
0PdM2a6oIjqepoEfcJo0RO,0.0,0.27,0.95,0.0,0.28,-5,0.1,85,0.57
2PFIZFcGry0po3ZfRZkzKc,0.03,0.66,0.85,0.01,0.2,-6,0.03,107,0.66
18URo35acNKRTHfEdjTcGn,0.0,0.6,0.88,0.63,0.06,-7,0.05,124,0.62
4qjscZh4jfhkpcQG4ZQfi2,0.0,0.58,0.92,0.02,0.19,-5,0.05,120,0.61
2olVm1lHicpveMAo4AUDRB,0.1,0.77,0.83,0.0,0.1,-5,0.03,119,0.96
2cFl7utlqyZjCXN1G5nRvA,0.09,0.7,0.54,0.0,0.04,-11,0.03,121,0.63
648BMGrt98kUbLo24A4vgj,0.0,0.67,0.78,0.0,0.14,-11,0.03,141,0.96
57BrRMwf9LrcmuOsyGilwr,0.05,0.58,0.7,0.0,0.54,-6,0.03,105,0.3
2nLtzopw4rPReszdYBJU6h,0.0,0.49,0.87,0.0,0.48,-4,0.04,110,0.21
60a0Rd6pjrkxjPbaKzXjfq,0.01,0.56,0.86,0.0,0.21,-6,0.06,105,0.4
0OYcEfskah1egYHjYRvbg1,0.01,0.53,0.38,0.02,0.11,-8,0.03,110,0.06
5JHNg1hxZFT7TDEphhM4wj,0.04,0.49,0.96,0.0,0.55,-4,0.13,170,0.32
17PXXzOygMyXXUNLngVN5u,0.88,0.54,0.11,0.01,0.11,-21,0.03,141,0.61
6zV8IpLvw0tkRSVCFQJB1y,0.8,0.69,0.2,0.03,0.09,-19,0.03,92,0.48
1oht5GevPN9t1T3kG1m1GO,0.77,0.6,0.27,0.01,0.09,-17,0.04,76,0.34
5WOLghNew2YKZO96gYoM7p,0.12,0.58,0.27,0.0,0.13,-15,0.03,75,0.35
20OFwXhEXf12DzwXmaV7fj,0.06,0.51,0.77,0.0,0.06,-6,0.03,179,0.94
5DnT9a5IM3eMjKgXTWVJvi,0.09,0.74,0.47,0.0,0.19,-13,0.03,116,0.89
4BP3uh0hFLFRb5cjsgLqDh,0.2,0.64,0.66,0.01,0.15,-8,0.04,133,0.66
2gE95JskwQ1pCACTpGe1Db,0.58,0.86,0.54,0.0,0.07,-9,0.08,108,0.87
17S4XrLvF5jlGvGCJHgF51,0.21,0.65,0.77,0.0,0.36,-10,0.03,117,0.95
3dmqIB2Qxe2XZobw9gXxJ6,0.03,0.46,0.65,0.0,0.33,-9,0.06,170,0.53
53LwBS4bovyljsMlLqGfd6,0.45,0.55,0.82,0.0,0.37,-6,0.03,115,0.78
4mcZYzoGwPRDdhWVlygiHf,0.03,0.58,0.71,0.0,0.07,-5,0.03,116,0.76
1HfB7BLeW5XXIJ9sjCaL5U,0.4,0.63,0.35,0.0,0.12,-8,0.04,114,0.69
0qxYx4F3vm1AOnfux6dDxP,0.18,0.78,0.76,0.01,0.08,-8,0.05,128,0.82
6vxHp3CDNo0afgKGp2yi1E,0.25,0.63,0.82,0.0,0.1,-11,0.13,105,0.8
7ygBd6XOHoCzIOEL147xbz,0.85,0.53,0.17,0.03,0.2,-18,0.03,94,0.15
6Qb7gtV6Q4MnUjSbkFcopl,0.17,0.82,0.37,0.0,0.08,-13,0.08,102,0.29
47BBI51FKFwOMlIiX6m8ya,0.26,0.69,0.69,0.0,0.15,-6,0.03,99,0.48
3UpS7kBnkVQYG13pDDFTC4,0.28,0.8,0.8,0.0,0.22,-5,0.03,98,0.83
6gsFth2s4hP8zXHSqNcsuY,0.09,0.52,0.59,0.0,0.15,-6,0.03,162,0.34
0b4M7hd7mzLTm99MrMeZsp,0.0,0.36,0.84,0.0,0.24,-5,0.12,100,0.08
66TxPMqbyDLJOusYH4o93n,0.01,0.5,0.86,0.0,0.26,-5,0.29,102,0.34
0EHR9OObFtjlhQB8wSt1m7,0.24,0.92,0.55,0.0,0.08,-5,0.19,112,0.95
2ZiMQKIieJ7GTRYnO8fP8p,0.22,0.4,0.75,0.0,0.53,-6,0.09,146,0.25
4lnnde7PnrXR3pUzQKBe6X,0.0,0.43,0.87,0.0,0.09,-1,0.06,162,0.2
10RQKVSr4rS0coExTmi4dF,0.02,0.45,0.89,0.0,0.08,-3,0.06,140,0.1
0ZUo4YjG4saFnEJhdWp9Bt,0.27,0.52,0.75,0.0,0.12,-3,0.04,148,0.29
3lec3CzDPAxsZokPph5w87,0.67,0.36,0.52,0.0,0.11,-4,0.03,77,0.14
1IcR6RlgvDczfvoWJSSY2A,0.77,0.24,0.6,0.0,0.12,-8,0.04,202,0.78
1Wf14bTyb6UeKojy8ykPYm,0.83,0.46,0.4,0.0,0.19,-14,0.04,149,0.7
24AIahNHzBxm9S12peXbnG,0.86,0.28,0.21,0.0,0.12,-16,0.03,96,0.2
0PsbWiVtix5FoTZ1s00mEl,0.1,0.32,0.34,0.0,0.1,-16,0.04,120,0.14
3WvIE0r15DpLbcHvBT3rdB,0.62,0.52,0.05,0.0,0.16,-20,0.05,73,0.38
1CQqupcyMg7176PPmIVmSj,0.02,0.49,0.55,0.0,0.07,-12,0.03,106,0.66
6T0gaMfEfNWXZCGQKh1wlo,0.73,0.31,0.03,0.0,0.16,-22,0.04,121,0.14
0HEmnAUT8PHznIAAmVXqFJ,0.01,0.89,0.48,0.0,0.07,-12,0.12,96,0.61
1wZ7o1mZysv1l26ZWawVfW,0.13,0.68,0.9,0.0,0.06,-8,0.05,92,0.89
2goLsvvODILDzeeiT4dAoR,0.01,0.65,0.92,0.0,0.05,-7,0.05,133,0.46
6mYrhCAGWzTdF8QnKuchXM,0.24,0.66,0.57,0.0,0.12,-10,0.03,108,0.5
144JMbvbR5txNzoZ112wo4,0.05,0.59,0.92,0.0,0.29,-6,0.1,125,0.59
6qspW4YKycviDFjHBOaqUY,0.31,0.77,0.51,0.0,0.08,-7,0.08,172,0.76
1KGi9sZVMeszgZOWivFpxs,0.03,0.74,0.68,0.0,0.07,-4,0.1,93,0.59
1aWV3uY3SIEZVbmv45oFWS,0.02,0.81,0.46,0.0,0.05,-10,0.04,93,0.8
2mqaYmF0XmV8egZB6jQOtN,0.45,0.69,0.74,0.0,0.09,-3,0.04,125,0.66
3x2ksaXI6EZUWidE2BiLXy,0.36,0.59,0.49,0.0,0.09,-9,0.04,134,0.63
0pdfN7nOHMYmKykzu1cyfm,0.21,0.59,0.73,0.0,0.15,-9,0.04,78,0.78
7r91bpZvftQAk6EfdSdwXq,0.11,0.75,0.85,0.0,0.1,-6,0.05,125,0.97
7Ar4G7Ci11gpt6sfH9Cgz5,0.22,0.65,0.6,0.0,0.07,-13,0.03,106,0.91
7cy1bEJV6FCtDaYpsk8aG6,0.32,0.62,0.91,0.0,0.08,-8,0.04,146,0.75
2yBVeksU2EtrPJbTu4ZslK,0.28,0.76,0.38,0.0,0.05,-15,0.04,121,0.99
4nXkbcTj3nyww1cHkw5RAP,0.09,0.57,0.91,0.0,0.06,-7,0.04,117,0.84
1Yv97ENCydLPABqsC2nGtb,0.06,0.74,0.5,0.0,0.05,-13,0.03,104,0.97
7sqK6f8dHVx3Q1GjFrVyGl,0.65,0.7,0.47,0.0,0.13,-8,0.04,118,0.69
3hqsBLMAqJqrhr434Z7WlA,0.51,0.51,0.09,0.0,0.1,-23,0.03,144,0.4
6ZSTinOwx5dKFYc6iYyGDn,0.8,0.41,0.17,0.0,0.12,-17,0.05,133,0.38
7IsXXgpowAB48crGjV1oGb,0.89,0.44,0.1,0.0,0.11,-23,0.03,102,0.54
62Yu8QL1g9pdbvN4XL9Rah,0.83,0.38,0.08,0.0,0.11,-18,0.03,155,0.56
6oMZhY0f1ReI6AJDDYfuSb,0.86,0.44,0.07,0.0,0.11,-20,0.03,97,0.26
1dgWTMoHwTUnQhOQ8SR5fV,0.05,0.78,0.59,0.0,0.04,-7,0.08,85,0.85
5pgmgHNxiq9w9XuthMKzJS,0.0,0.58,0.91,0.0,0.09,-7,0.04,138,0.48
0hlou0hEfL2aS9FpJMX2OW,0.0,0.53,0.7,0.0,0.12,-5,0.03,84,0.3
6n6OQfBpCgzF9oEg8zhBN7,0.1,0.63,0.8,0.0,0.17,-6,0.05,92,0.35
1urmwhtXPiakhcqvqUi3rp,0.25,0.57,0.57,0.0,0.07,-7,0.04,116,0.31
2n4uOdMHzEvcZ0KP7iQnay,0.01,0.81,0.9,0.22,0.1,-6,0.06,119,0.55
0DlVOdK5GJtnom4nI3EOz5,0.04,0.88,0.42,0.0,0.08,-7,0.36,77,0.9
59q0gDvWPoL2DQ1SAt5ZLY,0.0,0.68,0.77,0.0,0.1,-2,0.04,83,0.33
7iL6o9tox1zgHpKUfh9vuC,0.26,0.9,0.71,0.0,0.07,-3,0.37,90,0.78
5dUMh0ugelpKfoFp3qChuK,0.7,0.6,0.57,0.0,0.51,-13,0.14,173,0.96
2xar08Fq5xra2KKZs5Bw9j,0.83,0.56,0.61,0.0,0.26,-5,0.21,199,0.67
1AGU94UmRrDst2T9C5pEvI,0.03,0.52,0.76,0.0,0.14,-5,0.04,162,0.65
2zFdsAIk9r2Mi7Lmm1w3sM,0.24,0.6,0.66,0.01,0.1,-9,0.03,175,0.77
0xpBr84T3FTm9j4D1MdPtk,0.19,0.62,0.93,0.0,0.17,-7,0.03,131,0.85
0No5Hr1LxZjJHGsQSTy2bm,0.47,0.91,0.53,0.0,0.04,-10,0.05,108,0.91
6twIBPybEvGydyNzNz89FT,0.02,0.61,0.93,0.0,0.33,-8,0.04,115,0.67
1JSTJqkT5qHq8MDJnJbRE1,0.54,0.82,0.45,0.0,0.07,-10,0.03,117,0.74
3EYOJ48Et32uATr9ZmLnAo,0.04,0.62,0.75,0.0,0.05,-9,0.36,134,0.66
1oYYd2gnWZYrt89EBXdFiO,0.03,0.58,0.81,0.0,0.22,-7,0.04,151,0.87
44aTAUBF0g6sMkMNE8I5kd,0.12,0.56,0.77,0.06,0.12,-10,0.03,82,0.43
2Fs18NaCDuluPG1DHGw1XG,0.0,0.58,0.95,0.0,0.22,-4,0.07,103,0.66
4YjjNHtEsTX6Af4mCTupT5,0.67,0.58,0.45,0.0,0.16,-6,0.03,136,0.34
4bVuIlGQBMWS7vIhcx8Ae4,0.01,0.54,0.67,0.0,0.27,-5,0.03,136,0.33
6KCUliK0a3lHcMiGaqNdHR,0.26,0.61,0.8,0.0,0.19,-6,0.04,90,0.53
2HRbnflWz1K17PhfdxH6w2,0.04,0.73,0.86,0.0,0.11,-5,0.14,65,0.54
6o3MvjWfF0jczTzPRcfZsK,0.06,0.56,0.64,0.0,0.12,-5,0.26,172,0.18
4aMT5LHe8A2uIc11H8Cx2m,0.12,0.79,0.86,0.11,0.06,-8,0.05,122,0.91
0tzixmHNQfE6S6SirSToxW,0.64,0.3,0.57,0.0,0.2,-8,0.04,79,0.29
53wDkiyFwtOxjRaZOCdy48,0.08,0.54,0.69,0.0,0.09,-9,0.03,121,0.56
7LD74EByP1gBD2FynoIGSL,0.01,0.47,0.84,0.0,0.32,-6,0.03,131,0.9
4wswaG5vmNINMZcVBsAyBP,0.46,0.76,0.85,0.0,0.49,-7,0.04,149,0.96
59kHPbwyyCApYA8RQQEuXm,0.36,0.61,0.71,0.0,0.16,-10,0.04,175,0.82
1hP3y3sr31ZVe1pJnqiKsJ,0.22,0.71,0.77,0.0,0.2,-7,0.04,125,0.89
0Fe1qL6qvgt6m71BoUUG3V,0.68,0.56,0.32,0.0,0.19,-10,0.03,126,0.26
0yftAXSqtZoHdgrXjSuZwz,0.23,0.55,0.26,0.0,0.14,-15,0.03,136,0.15
5JVlu41jJTVVD8HnkcslNZ,0.99,0.25,0.04,0.87,0.12,-30,0.05,178,0.76
4qYMcUZzsIYRNi7LnVV90v,0.08,0.33,0.03,0.01,0.38,-12,0.27,213,0.97
4lYaAFLiZMxrqHUijf83ZR,0.92,0.48,0.06,0.15,0.1,-21,0.03,98,0.7
6SDJcDg0BzVOuUGT0WEYKP,0.94,0.53,0.18,0.0,0.71,-18,0.04,73,0.81
0rOGlWeH0drBxhO2oEvsqr,1.0,0.43,0.08,0.87,0.1,-28,0.05,131,0.29
4DphT1rljbJjbK9WdrR1zI,0.97,0.42,0.12,0.65,0.14,-18,0.03,75,0.09
31IogzJ6J55FjbJhKT9PBy,0.75,0.65,0.12,0.0,0.09,-17,0.05,132,0.6
16pUlUFjyp6BtDtxC0i9ch,0.93,0.47,0.22,0.0,0.35,-14,0.03,137,0.56
5sJnwwIjhid95JI3zShd6A,0.88,0.63,0.16,0.0,0.22,-14,0.05,142,0.64
7wnm2J7SGOMLv7oycQZzDc,0.97,0.66,0.12,0.0,0.08,-15,0.06,126,0.68
5Y8QJVMu9MWziD2IgujriR,0.82,0.33,0.17,0.78,0.11,-22,0.03,70,0.89
3Hx5E6ObUjkNBLQM0x37cA,0.87,0.43,0.16,0.0,0.12,-23,0.06,81,0.82
7DKjnQH7yeCUPXX88Hh12p,0.89,0.4,0.18,0.0,0.07,-13,0.07,204,0.84
4Qj9e2yydpmjA3qSJv58Se,0.94,0.58,0.19,0.52,0.13,-22,0.04,131,0.87
4IkWzcb7Zaarlz1lmiKNPE,1.0,0.75,0.15,0.0,0.12,-14,0.05,95,0.92
7xQiq1lCtwkJdI3zni9BZp,0.66,0.65,0.21,0.0,0.11,-12,0.12,97,0.67
1fQ2pN9MLxxi399nlHEth7,0.91,0.66,0.22,0.0,0.35,-15,0.13,102,0.72
3rTnGUeDrnZV22DvRuUuXr,0.22,0.44,0.23,0.06,0.09,-11,0.03,148,0.08
1xlHJbC2DE2aWDTlqFw81u,0.11,0.74,0.24,0.66,0.12,-17,0.08,140,0.93
3i8j2dKXChkErfi8jsDDuH,0.85,0.68,0.24,0.0,0.05,-11,0.04,172,0.96
1yJzoX4xPsACzVxUarXRKa,0.85,0.2,0.01,0.0,0.11,-32,0.03,84,0.3
0S0YKiEdR9cT9pYgEaTevF,0.99,0.09,0.04,0.86,0.08,-24,0.05,84,0.04
1ZwJALwnYbeHdEVCNVmniz,0.01,0.22,0.01,0.0,0.16,-6,0.06,138,0.97
2rIqbiRDXuiWxFHfLgzYRe,0.99,0.33,0.02,0.92,0.07,-28,0.06,70,0.04
0aWMVrwxPNYkKmFthzmpRi,0.81,0.42,0.02,0.0,0.1,-25,0.04,110,0.15
6yLkOiVYKaBw4DdHbH9r4n,0.99,0.47,0.04,0.87,0.2,-27,0.1,80,0.94
2Bsnj9KAmtYz8PW9RImef7,0.77,0.12,0.13,0.91,0.11,-18,0.04,81,0.07
4tHqQMWSqmL6YjXwsqthDI,0.99,0.42,0.11,0.03,0.18,-23,0.04,47,0.8
75lWQzF7y0FY9380G3gEZ9,0.93,0.17,0.11,0.0,0.3,-15,0.03,139,0.15
0sFvItEeMstcUyZCleYgyj,0.55,0.68,0.44,0.0,0.2,-9,0.35,110,0.03
3MWToltSqef5lgDt0pO16p,0.05,0.46,0.78,0.94,0.66,-8,0.04,102,0.03
6qVXkG01rBYGfxIndGOQ3z,0.06,0.35,0.77,0.03,0.12,-4,0.05,192,0.04
70jtjJHtVBPuxllGPCWxnX,0.0,0.31,0.94,0.91,0.1,-4,0.05,174,0.04
65kp3OFn7JXbCvkm3m2Ui2,0.42,0.27,0.64,0.0,0.09,-5,0.07,75,0.04
6yHx2dNnWb1fEChGoulEVc,0.0,0.44,0.99,0.0,0.37,-4,0.11,140,0.19
07ceEXOyS7ghQkyCOycXwP,0.0,0.45,0.99,0.03,0.47,-3,0.11,140,0.11
