user_id,song_index,spotify_id,Arousal,Valence,GEMS_Wonder,GEMS_Transcendence,GEMS_Tenderness,GEMS_Nostalgia,GEMS_Peacefulness,GEMS_Power,GEMS_Joyful Activation,GEMS_Tension,GEMS_Sadness
1,0,1fu5IQSRgPxJL2OTP7FVLW,0.31,0.37,0.5,1.0,0.75,0.75,0.5,0.25,0.25,0.0,0.5
1,1,7rbECVPkY5UODxoOUVKZnA,0.71,0.42,0.0,0.25,0.0,0.0,0.0,0.75,1.0,0.25,0.0
1,2,5t9KYe0Fhd5cW6UYT4qP8f,0.56,0.71,0.0,0.0,0.5,0.25,0.75,0.5,0.75,0.0,0.0
1,3,4HHge4zAyIw3pkrtFzmwCl,0.58,0.07,0.25,0.25,0.25,1.0,0.25,0.25,0.0,0.75,1.0
1,4,2KzV3VG27vIp7roOS3N4kX,0.44,0.3,0.5,0.25,0.0,0.5,0.25,0.5,0.25,0.0,0.25
1,5,5qlJg0Wbj3sslxfwiaRNpq,0.38,0.5,0.25,0.25,0.0,0.25,0.5,0.75,0.25,0.0,0.0
1,6,4lnnde7PnrXR3pUzQKBe6X,0.76,0.55,0.75,0.5,0.0,0.0,0.0,1.0,0.75,0.25,0.0
1,7,6eN1f9KNmiWEhpE2RhQqB5,0.87,0.73,0.25,0.0,0.0,0.0,0.0,1.0,1.0,0.0,0.0
1,8,6UBjSnyP1O5W5ndJoO9vUk,0.43,0.65,0.0,0.0,0.25,0.25,0.75,0.5,0.75,0.0,0.0
1,9,5FoeE0CWMs0CbX0udYutDS,0.45,0.46,0.0,0.25,0.25,1.0,0.25,0.25,0.25,0.5,0.25
1,10,6mYrhCAGWzTdF8QnKuchXM,0.64,0.42,0.25,0.25,0.0,0.5,0.0,0.75,0.5,0.25,0.25
1,11,459h0Mh30C82Z1lhk41yYK,0.87,0.67,0.5,0.5,0.0,0.5,0.0,1.0,1.0,0.25,0.0
1,12,64Ny7djQ6rNJspquof2KoX,0.6,0.81,0.0,0.0,0.25,0.25,0.25,0.75,1.0,0.0,0.0
1,13,5pkd9ib1RgbkAd1R9bIOCa,0.38,0.46,0.0,0.0,0.25,0.5,0.5,0.5,0.5,0.25,0.0
1,14,0qxYx4F3vm1AOnfux6dDxP,0.39,0.61,0.0,0.0,0.25,0.25,0.0,0.5,0.5,0.0,0.0
1,15,16pUlUFjyp6BtDtxC0i9ch,0.28,0.6,0.0,0.0,0.25,0.25,0.5,0.0,0.25,0.0,0.0
1,16,4Xl2PrS3DJqqSKXCo6Uhv9,0.25,0.58,0.0,0.0,0.5,0.5,0.5,0.25,0.25,0.0,0.0
1,17,2yBVeksU2EtrPJbTu4ZslK,0.3,0.73,0.0,0.0,0.0,0.0,0.25,0.25,0.75,0.0,0.0
1,18,5Y8QJVMu9MWziD2IgujriR,0.54,0.61,0.5,0.5,0.25,0.25,0.25,0.25,0.5,0.0,0.0
1,19,4lYaAFLiZMxrqHUijf83ZR,0.25,0.45,0.0,0.0,0.5,0.75,0.75,0.0,0.0,0.0,0.25
2,0,24AIahNHzBxm9S12peXbnG,0.25,0.5,0.0,0.0,0.75,0.75,0.75,0.0,0.0,0.0,0.5
2,1,6HSXNV0b4M4cLJ7ljgVVeh,0.6,0.38,0.0,0.0,0.5,0.75,0.75,0.0,0.0,0.0,0.75
2,2,4W0pzgxtVud25lXyfnfxDC,0.74,0.62,0.0,0.0,0.75,0.25,0.5,0.5,0.5,0.0,0.5
2,3,6l8EbYRtQMgKOyc1gcDHF9,0.4,0.25,0.0,0.0,0.0,0.75,0.5,0.0,0.0,0.0,0.75
2,4,3rTnGUeDrnZV22DvRuUuXr,0.62,0.62,0.25,0.25,0.25,0.0,0.25,0.5,0.0,0.0,0.25
2,5,3lec3CzDPAxsZokPph5w87,0.87,0.75,0.75,0.75,0.25,0.0,0.0,0.75,0.75,0.0,0.0
2,6,3ZdJffjzJWFimSQyxgGIxN,0.84,0.64,0.5,0.5,0.0,0.0,0.0,0.75,0.75,0.0,0.0
2,7,1gT5TGwbkkkUliNzHRIGi1,0.5,0.42,0.0,0.0,0.0,0.0,0.25,0.25,0.0,0.0,0.0
2,8,3XLSlQLJf3Ut0zvMUxnF1h,0.63,0.41,0.5,0.5,0.0,0.0,0.0,0.75,0.5,0.0,0.0
2,9,6VObnIkLVruX4UVyxWhlqm,0.86,0.57,0.75,0.75,0.0,0.0,0.5,0.75,0.25,0.0,0.0
2,10,1KGi9sZVMeszgZOWivFpxs,0.63,0.63,0.0,0.0,0.0,0.0,0.0,0.5,0.75,0.0,0.0
2,11,1jq28NGw6wdtFKx8MBPy6C,0.72,0.5,0.0,0.0,0.0,0.0,0.0,0.75,0.75,0.0,0.0
2,12,7HW5WIw7ZgZORCzUxv5gW5,0.63,0.59,0.0,0.0,0.0,0.0,0.0,0.0,0.75,0.0,0.0
2,13,4czNORk5MjW5WOn98bki32,0.75,0.56,0.0,0.0,0.0,0.0,0.0,0.75,0.75,0.0,0.0
2,14,2cFl7utlqyZjCXN1G5nRvA,0.57,0.54,0.0,0.0,0.0,0.0,0.0,0.25,0.5,0.0,0.0
2,15,3zxklD2EGecZre9MjEEvIU,0.61,0.57,0.0,0.0,0.25,0.0,0.25,0.0,0.0,0.0,0.0
2,16,745H5CctFr12Mo7cqa1BMH,0.64,0.59,0.0,0.0,0.25,0.25,0.0,0.25,0.25,0.0,0.0
2,17,2yBVeksU2EtrPJbTu4ZslK,0.53,0.5,0.0,0.0,0.0,0.0,0.25,0.0,0.25,0.0,0.0
2,18,5JVlu41jJTVVD8HnkcslNZ,0.8,0.64,0.0,0.0,0.5,0.0,0.75,0.0,0.0,0.0,0.0
2,19,0j3QN4uiMdf8gI12JATZ9B,0.58,0.53,0.0,0.0,0.0,0.0,0.25,0.0,0.0,0.0,0.0
3,0,4DphT1rljbJjbK9WdrR1zI,0.05,0.25,0.0,0.0,0.0,0.25,0.0,0.0,0.0,0.0,0.25
3,1,5CQ30WqJwcep0pYcV4AMNc,0.4,0.5,0.0,0.0,0.25,0.25,0.25,0.0,0.0,0.0,0.0
3,2,2OgVsp77En2nju8pnCieVU,0.55,0.55,0.0,0.0,0.0,0.0,0.0,0.0,0.25,0.0,0.0
3,3,6ZSTinOwx5dKFYc6iYyGDn,0.4,0.6,0.0,0.0,0.25,0.0,0.5,0.0,0.0,0.0,0.0
3,4,3ascnOSOR5MX901ylGuhcl,0.33,0.5,0.0,0.0,0.25,0.0,0.0,0.0,0.25,0.0,0.0
3,5,0gJvqi9QyASOCtJu99tytc,0.6,0.3,0.0,0.0,0.0,0.25,0.0,0.0,0.0,0.0,0.25
3,6,3ZdJffjzJWFimSQyxgGIxN,0.7,0.6,0.0,0.0,0.0,0.0,0.0,0.5,0.25,0.0,0.0
3,7,27QvYgBk0CHOVHthWnkuWt,0.55,0.5,0.0,0.0,0.0,0.0,0.0,0.25,0.25,0.0,0.0
3,8,1daDRI9ahBonbWD8YcxOIB,0.45,0.4,0.0,0.0,0.0,0.25,0.0,0.0,0.0,0.0,0.0
3,9,07ceEXOyS7ghQkyCOycXwP,0.5,0.4,0.0,0.0,0.0,0.0,0.0,0.25,0.0,0.25,0.0
3,10,4EWCNWgDS8707fNSZ1oaA5,0.75,0.55,0.25,0.0,0.0,0.0,0.0,0.25,0.5,0.0,0.0
3,11,0TwBtDAWpkpM3srywFVOV5,0.65,0.5,0.0,0.0,0.0,0.0,0.0,0.25,0.0,0.0,0.0
3,12,3SnGymj6ijE2iuUfWxLo1q,0.75,0.7,0.0,0.0,0.0,0.0,0.0,0.25,0.75,0.0,0.0
3,13,7Ar4G7Ci11gpt6sfH9Cgz5,0.65,0.6,0.0,0.0,0.0,0.0,0.0,0.0,0.25,0.0,0.0
3,14,1y4eb6hmAvsqlDOl3fx9kk,0.65,0.55,0.0,0.0,0.0,0.0,0.0,0.25,0.25,0.0,0.0
3,15,16pUlUFjyp6BtDtxC0i9ch,0.5,0.55,0.0,0.0,0.0,0.0,0.25,0.0,0.25,0.0,0.0
3,16,4YMQXzscifAREG0a7KNGhB,0.4,0.5,0.0,0.0,0.0,0.0,0.25,0.0,0.0,0.0,0.0
3,17,1aWV3uY3SIEZVbmv45oFWS,0.6,0.55,0.0,0.0,0.0,0.0,0.0,0.0,0.25,0.0,0.0
3,18,6SDJcDg0BzVOuUGT0WEYKP,0.65,0.7,0.0,0.0,0.25,0.0,0.25,0.0,0.5,0.0,0.0
3,19,3Hx5E6ObUjkNBLQM0x37cA,0.25,0.4,0.0,0.0,0.0,0.25,0.0,0.0,0.0,0.0,0.25
4,0,1fu5IQSRgPxJL2OTP7FVLW,0.41,0.6,0.5,0.5,0.5,0.75,0.75,0.0,0.0,0.5,0.75
4,1,5CQ30WqJwcep0pYcV4AMNc,0.4,0.45,0.0,0.0,0.0,0.75,0.5,0.0,0.0,0.25,0.75
4,2,1JQ6Xm1JrvHfvAqhl5pwaA,0.66,0.62,0.0,0.0,0.25,0.0,0.0,0.25,0.75,0.0,0.0
4,3,42CX3VhPsCG75BFp07r9Vj,0.76,0.68,0.75,0.0,0.5,0.75,0.75,0.0,0.0,0.0,0.5
4,4,4lsEHglVsLzILTDQ3CNESV,0.67,0.42,0.25,0.0,0.0,0.0,0.0,0.75,0.5,0.0,0.0
4,5,0gJvqi9QyASOCtJu99tytc,0.74,0.69,0.0,0.0,0.5,1.0,0.0,0.5,0.0,0.0,1.0
4,6,07ceEXOyS7ghQkyCOycXwP,0.81,0.71,0.5,0.0,0.0,0.0,0.0,1.0,0.75,0.5,0.0
4,7,6n6OQfBpCgzF9oEg8zhBN7,0.73,0.63,0.0,0.0,0.75,0.0,0.5,0.0,0.75,0.0,0.0
4,8,2rbDhOo9Fh61Bbu23T2qCk,0.33,0.41,0.0,0.0,0.5,0.75,0.0,0.0,0.0,0.5,0.75
4,9,3Lk7RWStfLaHG7lXsuS87j,0.77,0.64,0.0,0.25,0.25,0.0,0.0,0.75,0.5,0.0,0.0
4,10,4EWCNWgDS8707fNSZ1oaA5,0.89,0.69,0.75,0.0,0.5,0.75,0.25,0.75,0.75,0.0,0.0
4,11,7FwBtcecmlpc1sLySPXeGE,0.81,0.63,0.0,0.0,0.0,0.0,0.0,0.75,0.75,0.0,0.0
4,12,5EOoMWIB9iK4ZpcSex9Ec7,0.81,0.64,0.75,0.0,0.0,0.25,0.0,0.75,0.5,0.0,0.0
4,13,4mcZYzoGwPRDdhWVlygiHf,0.75,0.58,0.25,0.0,0.0,0.0,0.0,0.75,0.5,0.0,0.0
4,14,1OppEieGNdItZbE14gLBEv,0.77,0.6,0.0,0.0,0.0,0.0,0.0,0.75,0.75,0.0,0.0
4,15,17PXXzOygMyXXUNLngVN5u,0.37,0.26,0.0,0.0,0.75,0.75,0.75,0.0,0.0,0.0,0.75
4,16,4Xl2PrS3DJqqSKXCo6Uhv9,0.72,0.62,0.5,0.0,0.75,0.75,0.75,0.0,0.0,0.0,0.75
4,17,1aWV3uY3SIEZVbmv45oFWS,0.85,0.81,0.5,0.0,0.0,0.0,0.0,0.75,0.75,0.0,0.0
4,18,3i8j2dKXChkErfi8jsDDuH,0.69,0.66,0.0,0.0,0.75,0.75,0.75,0.0,0.0,0.0,0.0
4,19,5JVlu41jJTVVD8HnkcslNZ,0.34,0.39,0.75,0.75,0.75,1.0,0.75,0.0,0.0,0.0,1.0
5,0,5Pj5zrq2nbKcAekH1AxbrO,0.23,0.43,0.0,0.25,1.0,0.75,0.75,0.0,0.0,0.5,0.5
5,1,3ascnOSOR5MX901ylGuhcl,0.64,0.61,0.5,0.0,0.75,0.75,0.25,0.5,0.5,0.25,0.0
5,2,1pTGc8pwyo6xtgXBKCBcFn,0.62,0.34,0.75,0.25,0.5,0.25,0.5,0.25,0.5,0.75,0.75
5,3,6oMZhY0f1ReI6AJDDYfuSb,0.25,0.16,0.25,0.5,0.5,1.0,0.5,0.0,0.25,0.5,0.75
5,4,1Qa0Y05al633fG8f9Peytc,0.62,0.72,0.25,0.0,0.5,0.25,0.25,0.75,0.75,0.0,0.25
5,5,0h17TpfCKbbib1J37Qgj7r,0.85,0.3,1.0,0.25,0.75,0.25,0.0,0.5,0.5,1.0,0.25
5,6,07ceEXOyS7ghQkyCOycXwP,0.79,0.59,0.5,0.0,0.0,0.0,0.0,0.75,0.75,0.75,0.5
5,7,2ZiMQKIieJ7GTRYnO8fP8p,0.7,0.42,0.0,0.0,0.5,0.25,0.25,0.5,0.75,0.25,0.5
5,8,1urmwhtXPiakhcqvqUi3rp,0.73,0.72,0.25,0.5,1.0,0.5,0.75,0.5,0.75,0.25,0.0
5,9,6ic8OlLUNEATToEFU3xmaH,0.46,0.28,0.0,0.0,0.5,0.25,0.25,0.0,0.5,1.0,0.25
5,10,4BP3uh0hFLFRb5cjsgLqDh,0.54,0.74,0.25,0.5,0.25,0.75,0.25,0.5,0.75,0.0,0.25
5,11,6twIBPybEvGydyNzNz89FT,0.68,0.39,0.75,0.75,0.25,0.25,0.5,0.5,0.75,0.75,0.5
5,12,3SnGymj6ijE2iuUfWxLo1q,0.4,0.36,0.25,0.75,0.5,0.5,0.25,0.25,0.5,0.75,0.5
5,13,7iL6o9tox1zgHpKUfh9vuC,0.4,0.74,0.25,0.0,0.25,0.5,0.25,0.75,0.75,0.25,0.25
5,14,4rHZZAmHpZrA3iH5zx8frV,0.38,0.63,0.25,0.25,0.75,0.5,0.5,0.25,0.5,0.25,0.25
5,15,16pUlUFjyp6BtDtxC0i9ch,0.29,0.36,0.25,0.5,0.5,1.0,0.75,0.0,0.5,0.25,0.5
5,16,1ne9wOtDF2jM6Cm8WBkaER,0.43,0.74,0.5,0.5,0.75,0.75,0.75,0.25,0.5,0.0,0.25
5,17,5DnT9a5IM3eMjKgXTWVJvi,0.61,0.45,0.25,0.5,0.5,0.75,0.75,0.25,0.25,0.25,0.5
5,18,7DKjnQH7yeCUPXX88Hh12p,0.64,0.7,0.0,0.5,0.75,1.0,0.75,0.0,0.75,0.25,0.0
5,19,5Y8QJVMu9MWziD2IgujriR,0.6,0.77,1.0,0.75,0.75,0.75,0.75,0.5,0.75,0.0,0.0
6,0,2rIqbiRDXuiWxFHfLgzYRe,0.25,0.4,0.0,0.0,0.5,0.25,0.5,0.0,0.0,0.0,0.0
6,1,6HSXNV0b4M4cLJ7ljgVVeh,0.57,0.57,0.0,0.0,0.5,0.5,0.25,0.0,0.0,0.0,0.25
6,2,17CPezzLWzvGfpZW6X8XT0,0.63,0.63,0.0,0.0,0.5,0.5,0.25,0.25,0.25,0.0,0.0
6,3,2mOGLiSTUeki1l9t1BBNRQ,0.46,0.46,0.0,0.0,0.5,0.5,0.25,0.0,0.0,0.0,0.25
6,4,38zsOOcu31XbbYj9BIPUF1,0.57,0.57,0.0,0.0,0.5,0.5,0.25,0.0,0.0,0.0,0.25
6,5,65kp3OFn7JXbCvkm3m2Ui2,0.66,0.67,0.25,0.0,0.0,0.0,0.0,0.5,0.5,0.0,0.0
6,6,07ceEXOyS7ghQkyCOycXwP,0.75,0.74,0.5,0.0,0.0,0.0,0.0,0.75,0.75,0.0,0.0
6,7,1gT5TGwbkkkUliNzHRIGi1,0.58,0.47,0.0,0.0,0.0,0.25,0.0,0.25,0.0,0.0,0.25
6,8,6JY1IdkZGeIcPegKxjSKeb,0.73,0.73,0.25,0.0,0.0,0.0,0.0,0.75,0.5,0.0,0.0
6,9,0b4M7hd7mzLTm99MrMeZsp,0.73,0.67,0.0,0.0,0.0,0.25,0.0,0.5,0.25,0.0,0.0
6,10,75zMKn5euxQdlkZgu4P42J,0.69,0.66,0.0,0.0,0.0,0.0,0.0,0.5,0.25,0.0,0.0
6,11,6QFCMUUq1T2Vf5sFUXcuQ7,0.73,0.7,0.25,0.0,0.0,0.0,0.0,0.5,0.5,0.0,0.0
6,12,2igwFfvr1OAGX9SKDCPBwO,0.78,0.77,0.75,0.5,0.0,0.0,0.0,0.5,0.5,0.0,0.0
6,13,0NhodPAXI2erfY7rdLr3di,0.63,0.65,0.0,0.0,0.0,0.0,0.0,0.25,0.5,0.0,0.0
6,14,4czNORk5MjW5WOn98bki32,0.67,0.66,0.0,0.0,0.0,0.0,0.0,0.25,0.25,0.0,0.0
6,15,7IsXXgpowAB48crGjV1oGb,0.52,0.55,0.0,0.25,0.5,0.25,0.5,0.0,0.25,0.0,0.0
6,16,0HEmnAUT8PHznIAAmVXqFJ,0.8,0.79,0.25,0.0,0.25,0.0,0.0,0.75,0.5,0.0,0.0
6,17,7cFQFr1VpkSp3BTIn7X719,0.66,0.65,0.0,0.0,0.5,0.25,0.25,0.25,0.25,0.0,0.0
6,18,5JVlu41jJTVVD8HnkcslNZ,0.37,0.48,0.0,0.25,0.5,0.0,0.5,0.0,0.0,0.0,0.0
6,19,62AuGbAkt8Ox2IrFFb8GKV,0.48,0.47,0.0,0.25,0.5,0.5,0.5,0.0,0.0,0.0,0.25
7,0,5Pj5zrq2nbKcAekH1AxbrO,0.2,0.7,0.0,0.25,0.75,0.75,0.75,0.0,0.75,0.0,0.0
7,1,1qjrYozGqc7upUgfN776lZ,0.68,0.59,0.0,0.0,0.75,0.0,0.0,0.75,0.75,0.0,0.0
7,2,5lkpeJwmQKgY3bX2zChjxX,0.65,0.16,0.0,0.0,0.0,0.5,0.0,0.0,0.0,0.0,0.75
7,3,42CX3VhPsCG75BFp07r9Vj,0.23,0.61,0.0,0.0,1.0,0.5,1.0,0.0,0.75,0.0,0.0
7,4,0aWMVrwxPNYkKmFthzmpRi,0.12,0.11,0.0,0.0,0.0,1.0,0.0,0.0,0.0,0.75,1.0
7,5,0Qh38w01QRXK6KHIv0e3hb,0.84,0.64,0.25,0.0,0.0,0.0,0.0,1.0,0.75,0.0,0.0
7,6,4sFtp3pDTJnOZfZuhY20vr,0.91,0.92,1.0,0.0,0.0,0.0,0.0,1.0,1.0,0.0,0.0
7,7,6FMIVQPZg9cmMY8hPxAacD,0.92,0.93,1.0,0.0,0.0,0.0,0.0,1.0,1.0,0.0,0.0
7,8,4bVuIlGQBMWS7vIhcx8Ae4,0.85,0.18,0.0,0.0,0.0,0.75,0.0,0.0,0.0,0.5,0.75
7,9,6O5TrlFWTYvznd9fMC0VvU,0.78,0.12,0.75,0.5,0.0,0.0,0.0,0.5,0.0,0.0,0.75
7,10,4KfSdst7rW39C0sfhArdrz,0.94,0.93,1.0,0.0,0.0,0.0,0.0,1.0,1.0,0.0,0.0
7,11,6qn9YLKt13AGvpq9jfO8py,0.88,0.75,0.75,0.0,0.0,0.0,0.0,1.0,0.75,0.0,0.0
7,12,77oU2rjC5XbjQfNe3bD6so,0.73,0.1,0.5,0.0,0.0,0.0,0.0,0.25,0.0,0.0,0.0
7,13,4BTsEp2tjLdQZcLiI2OT4E,0.94,0.95,1.0,0.75,0.0,0.0,0.0,1.0,1.0,0.0,0.0
7,14,5EOoMWIB9iK4ZpcSex9Ec7,0.87,0.33,0.25,0.0,0.0,0.0,0.0,0.75,0.25,0.0,0.0
7,15,0Q3GpBYKy5Mx97TNBJVibl,0.08,0.08,0.0,0.0,0.25,0.75,0.25,0.0,0.0,0.0,0.75
7,16,3RkQ3UwOyPqpIiIvGVewuU,0.24,0.35,0.0,0.0,0.75,0.75,0.0,0.0,0.0,0.0,0.25
7,17,0ofHAoxe9vBkTCp2UQIavz,0.57,0.17,0.0,0.0,0.25,0.0,0.0,0.0,0.25,0.0,0.0
7,18,6yLkOiVYKaBw4DdHbH9r4n,0.57,0.74,0.75,1.0,1.0,0.25,1.0,0.0,1.0,0.0,0.0
7,19,7xQiq1lCtwkJdI3zni9BZp,0.24,0.25,0.0,0.0,0.75,0.0,0.75,0.0,0.0,0.0,0.0
8,0,4eHbdreAnSOrDDsFfc4Fpm,0.77,0.25,1.0,0.75,0.75,0.75,0.0,0.75,0.0,0.5,0.75
8,1,28UMiBhn383n9S7GL4tsxD,0.73,0.17,0.75,0.0,0.25,0.75,0.0,0.5,0.0,0.0,0.75
8,2,5mCPDVBb16L4XQwDdbRUpz,0.27,0.28,0.0,0.0,0.5,0.75,0.75,0.0,0.0,0.0,0.25
8,3,5ihS6UUlyQAfmp48eSkxuQ,0.5,0.24,0.25,0.0,1.0,0.75,0.5,0.0,0.0,0.0,0.5
8,4,2OgVsp77En2nju8pnCieVU,0.59,0.35,0.25,0.0,0.0,0.75,0.25,0.25,0.0,0.0,0.75
8,5,4Gmkqn3V7IMTkOmmiX7cbb,0.71,0.17,0.75,0.0,0.0,0.75,0.0,0.0,0.0,0.0,0.5
8,6,3ZdJffjzJWFimSQyxgGIxN,0.7,0.72,0.75,0.0,0.75,0.0,0.0,0.75,0.5,0.0,0.0
8,7,1pTw2cNrp9L3esxLAvWnN2,0.69,0.63,0.75,0.0,0.0,0.0,0.0,1.0,0.25,0.25,0.0
8,8,1daDRI9ahBonbWD8YcxOIB,0.68,0.28,0.25,0.0,0.0,0.25,0.0,0.25,0.0,0.5,0.75
8,9,4lnnde7PnrXR3pUzQKBe6X,0.69,0.27,0.25,0.0,0.0,0.5,0.0,0.75,0.0,0.25,0.0
8,10,2xar08Fq5xra2KKZs5Bw9j,0.26,0.7,0.0,0.0,0.25,0.75,0.0,0.75,0.75,0.5,0.0
8,11,2HRbnflWz1K17PhfdxH6w2,0.63,0.82,0.0,0.0,0.25,0.0,0.0,0.75,1.0,0.0,0.0
8,12,7LD74EByP1gBD2FynoIGSL,0.36,0.38,0.0,0.0,0.25,0.75,0.5,0.0,0.5,0.0,0.0
8,13,1db0gbTSKdRQum8VlbNkiO,0.72,0.32,0.25,0.0,0.0,0.0,0.0,0.75,0.75,0.5,0.0
8,14,7HW5WIw7ZgZORCzUxv5gW5,0.58,0.74,0.0,0.0,0.25,0.5,0.0,0.25,0.5,0.5,0.0
8,15,7wnm2J7SGOMLv7oycQZzDc,0.67,0.3,0.25,0.75,0.75,0.5,0.0,0.0,0.0,0.0,0.0
8,16,1JSTJqkT5qHq8MDJnJbRE1,0.75,0.24,0.25,0.0,0.75,0.75,0.0,0.25,0.0,0.0,0.25
8,17,4EI8VuxUuIHKfafU72emqz,0.33,0.33,0.25,0.0,0.5,0.25,0.0,0.25,0.25,0.0,0.0
8,18,4tHqQMWSqmL6YjXwsqthDI,0.18,0.19,0.75,1.0,0.25,0.0,1.0,0.5,0.25,0.0,0.0
8,19,76TZCvJ8GitQ2FA1q5dKu0,0.27,0.27,0.0,0.5,1.0,0.75,0.75,0.0,0.0,0.0,0.0
9,0,0aWMVrwxPNYkKmFthzmpRi,0.26,0.88,0.0,0.0,0.5,0.0,1.0,0.0,0.0,0.0,0.0
9,1,7rbECVPkY5UODxoOUVKZnA,0.6,0.65,0.0,0.0,0.0,0.0,0.0,0.75,1.0,0.0,0.0
9,2,17CPezzLWzvGfpZW6X8XT0,0.6,0.83,0.0,0.0,0.75,0.75,0.0,0.0,0.25,0.0,0.0
9,3,1yJzoX4xPsACzVxUarXRKa,0.25,0.25,0.25,0.0,0.0,0.0,0.25,0.0,0.0,0.0,0.75
9,4,3rTnGUeDrnZV22DvRuUuXr,0.54,0.3,0.0,0.0,0.0,0.75,0.0,0.0,0.0,0.0,0.5
9,5,5qlJg0Wbj3sslxfwiaRNpq,0.83,0.82,0.0,0.0,0.75,0.0,0.0,0.75,0.75,0.0,0.0
9,6,6qVXkG01rBYGfxIndGOQ3z,0.85,0.1,0.0,0.0,0.0,0.0,0.0,0.0,0.0,1.0,0.0
9,7,47Slg6LuqLaX0VodpSCvPt,0.47,0.54,0.0,0.0,0.5,0.0,0.0,0.0,0.25,0.0,0.0
9,8,36lkJSDyMEZoWTqtRj8Q8q,0.57,0.66,0.0,0.0,0.75,0.25,0.0,0.25,0.25,0.0,0.0
9,9,6ic8OlLUNEATToEFU3xmaH,0.76,0.3,0.0,0.0,0.0,0.0,0.0,0.25,0.0,0.75,0.0
9,10,4KfSdst7rW39C0sfhArdrz,0.58,0.43,0.0,0.0,0.0,0.0,0.0,0.5,0.0,0.25,0.0
9,11,5T8EDUDqKcs6OSOwEsfqG7,0.71,0.78,0.0,0.0,0.0,0.0,0.0,0.75,0.5,0.0,0.0
9,12,1hP3y3sr31ZVe1pJnqiKsJ,0.43,0.78,0.0,0.0,0.5,0.0,0.25,0.0,0.25,0.0,0.0
9,13,452KBpASS5lZLeJWX9Ixub,0.55,0.57,0.0,0.0,0.0,0.0,0.25,0.5,0.5,0.0,0.0
9,14,3CifrcOH0P7cMwEInwBcIN,0.57,0.86,0.0,0.0,0.0,0.0,0.0,0.0,0.75,0.0,0.0
9,15,1fQ2pN9MLxxi399nlHEth7,0.56,0.62,0.0,0.0,0.25,0.0,0.75,0.0,0.25,0.0,0.0
9,16,0JkIre0YxNmKGMU5V7ZiDx,0.53,0.53,0.0,0.0,0.75,0.0,0.5,0.0,0.0,0.0,0.0
9,17,1aWV3uY3SIEZVbmv45oFWS,0.72,0.89,0.0,0.0,0.0,0.0,0.0,0.25,0.75,0.0,0.0
9,18,5JVlu41jJTVVD8HnkcslNZ,0.25,0.62,0.0,0.25,0.5,0.0,0.75,0.0,0.0,0.0,0.0
9,19,7xQiq1lCtwkJdI3zni9BZp,0.53,0.65,0.0,0.0,0.75,0.0,0.25,0.0,0.0,0.0,0.0
10,0,2TjnCxxQRYn56Ye8gkUKiW,0.61,0.3,0.25,0.0,0.0,0.75,0.0,0.0,0.0,0.0,0.75
10,1,3ascnOSOR5MX901ylGuhcl,0.89,0.42,0.25,0.0,0.5,0.25,0.0,0.0,0.0,0.0,0.0
10,2,1qhp5owrFGeZ5Jgin28nwR,0.32,0.4,0.0,0.0,0.0,0.5,0.0,0.0,0.0,0.0,0.25
10,3,3WvIE0r15DpLbcHvBT3rdB,0.2,0.33,0.0,0.0,0.25,0.75,0.25,0.0,0.0,0.0,0.25
10,4,6ZSTinOwx5dKFYc6iYyGDn,0.05,0.66,0.0,0.0,0.5,0.25,0.5,0.0,0.0,0.0,0.0
10,5,58DXqHKK7TfxUmhCq2ux4E,0.69,0.21,0.0,0.0,0.0,0.25,0.0,0.0,0.0,0.25,0.25
10,6,1mExCoXAGKI6abLGXoG7O3,0.74,0.76,0.0,0.0,0.0,0.0,0.0,0.5,0.5,0.0,0.0
10,7,0G21yYKMZoHa30cYVi1iA8,0.63,0.78,0.0,0.0,0.0,0.0,0.0,0.75,0.75,0.0,0.0
10,8,2rbDhOo9Fh61Bbu23T2qCk,0.73,0.23,0.0,0.0,0.0,0.75,0.25,0.0,0.0,0.25,0.5
10,9,6o3MvjWfF0jczTzPRcfZsK,0.83,0.75,0.25,0.0,0.0,0.0,0.0,1.0,0.5,0.0,0.0
10,10,2QsZVnbWVSjKMXK6K3uRBL,0.74,0.25,0.5,0.5,0.25,0.0,0.0,0.5,0.0,0.0,0.0
10,11,2HsjJJL4DhPCzMlnaGv7ap,0.57,0.74,0.0,0.0,0.0,0.0,0.0,0.5,0.5,0.0,0.0
10,12,4YwbSZaYeYja8Umyt222Qf,0.64,0.3,0.0,0.0,0.0,0.75,0.0,0.0,0.0,0.25,0.5
10,13,7oOOI85fVQvVnK5ynNMdW7,0.27,0.77,0.0,0.25,0.0,0.0,0.25,1.0,0.25,0.0,0.0
10,14,3G7tRC24Uh09Hmp1KZ7LQ2,0.82,0.68,0.0,0.0,0.0,0.0,0.0,0.75,0.5,0.0,0.0
10,15,7xQiq1lCtwkJdI3zni9BZp,0.17,0.26,0.0,0.0,0.0,0.5,0.0,0.0,0.0,0.0,0.5
10,16,1YYhDizHx7PnDhAhko6cDS,0.73,0.62,0.5,0.5,0.0,0.0,0.0,0.5,0.0,0.0,0.0
10,17,2yBVeksU2EtrPJbTu4ZslK,0.16,0.3,0.0,0.0,0.0,0.25,0.25,0.0,0.0,0.0,0.5
10,18,4qYMcUZzsIYRNi7LnVV90v,0.22,0.5,0.0,1.0,0.0,0.0,0.0,0.0,0.0,0.0,0.0
10,19,1H5IfYyIIAlgDX8zguUzns,0.35,0.25,0.0,0.0,0.25,0.75,0.0,0.0,0.0,0.0,0.0
11,0,1y4eb6hmAvsqlDOl3fx9kk,0.75,0.72,0.75,0.0,0.0,0.0,0.0,0.75,0.75,0.0,0.0
11,1,1SV1fxF65n9NhRHp3KlBuu,0.33,0.58,0.0,0.0,0.75,0.5,0.5,0.0,0.0,0.0,0.0
11,2,75zMKn5euxQdlkZgu4P42J,0.4,0.6,0.0,0.0,0.0,0.0,0.0,0.5,0.5,0.0,0.0
11,3,6epn3r7S14KUqlReYr77hA,0.56,0.64,0.0,0.0,0.0,0.25,0.0,0.5,0.75,0.0,0.0
11,4,1ZPlNanZsJSPK5h9YZZFbZ,0.32,0.45,0.0,0.0,0.25,0.25,0.25,0.0,0.0,0.0,0.0
11,5,34gCuhDGsG4bRPIf9bb02f,0.3,0.4,0.0,0.0,0.5,0.25,0.25,0.0,0.25,0.0,0.25
11,6,31IogzJ6J55FjbJhKT9PBy,0.1,0.3,0.0,0.25,0.25,0.25,0.75,0.0,0.0,0.0,0.25
11,7,5JVlu41jJTVVD8HnkcslNZ,0.16,0.24,0.0,0.0,0.75,0.5,0.5,0.0,0.0,0.0,0.25
11,8,4EI8VuxUuIHKfafU72emqz,0.58,0.4,0.0,0.0,0.25,0.25,0.0,0.0,0.5,0.0,0.0
11,9,7IsXXgpowAB48crGjV1oGb,0.25,0.3,0.0,0.0,0.75,0.5,0.25,0.0,0.0,0.0,0.25
11,10,5pgmgHNxiq9w9XuthMKzJS,0.63,0.57,0.0,0.0,0.25,0.25,0.0,0.25,0.5,0.0,0.0
11,11,6dGnYIeXmHdcikdzNNDMm2,0.3,0.46,0.0,0.0,0.5,0.25,0.25,0.0,0.0,0.0,0.0
11,12,3MWToltSqef5lgDt0pO16p,0.57,0.42,0.25,0.0,0.0,0.0,0.25,0.5,0.25,0.0,0.25
11,13,0gJvqi9QyASOCtJu99tytc,0.57,0.39,0.0,0.0,0.25,0.25,0.0,0.25,0.0,0.0,0.25
11,14,09CtPGIpYB4BrO8qb1RGsF,0.8,0.59,0.25,0.0,0.0,0.0,0.0,0.75,0.75,0.0,0.0
11,15,1yJzoX4xPsACzVxUarXRKa,0.08,0.12,0.25,0.25,0.0,0.0,0.5,0.0,0.0,0.0,0.25
11,16,0PsbWiVtix5FoTZ1s00mEl,0.36,0.42,0.0,0.0,0.5,0.25,0.25,0.0,0.0,0.0,0.0
11,17,5z3ZDMP02xF33yCvPFnct3,0.37,0.31,0.0,0.0,0.5,0.25,0.25,0.0,0.0,0.25,0.25
11,18,2yOm4lN7aTygtXanJFNFWU,0.28,0.31,0.0,0.0,0.0,0.25,0.0,0.0,0.0,0.5,0.25
11,19,3BQHpFgAp4l80e1XslIjNI,0.16,0.21,0.0,0.0,0.25,0.25,0.0,0.0,0.0,0.25,0.25
12,0,07ceEXOyS7ghQkyCOycXwP,0.94,0.67,0.5,0.75,0.0,0.0,0.0,1.0,0.5,0.0,0.0
12,1,77xMtm3bTqLVN6FiJurLFv,0.84,0.46,0.75,0.75,0.0,0.0,0.0,0.75,0.0,0.0,0.0
12,2,2MfOcbtgz2yTsiznFmVZUN,0.7,0.7,0.0,0.75,0.5,0.0,0.0,0.5,0.75,0.0,0.0
12,3,47Slg6LuqLaX0VodpSCvPt,0.54,0.79,0.0,0.0,0.75,0.0,0.0,0.0,1.0,0.0,0.0
12,4,6yHx2dNnWb1fEChGoulEVc,0.83,0.5,0.0,0.0,0.0,0.0,0.0,1.0,0.0,0.0,0.0
12,5,6yLkOiVYKaBw4DdHbH9r4n,0.12,0.94,0.75,0.0,1.0,0.0,1.0,0.0,0.0,0.0,0.0
12,6,31IogzJ6J55FjbJhKT9PBy,0.2,0.54,0.75,0.0,0.75,0.0,0.75,0.0,0.0,0.0,0.0
12,7,7cFQFr1VpkSp3BTIn7X719,0.53,0.53,0.0,0.0,0.0,0.0,0.0,0.0,0.75,0.0,0.0
12,8,4YMQXzscifAREG0a7KNGhB,0.57,0.31,0.0,0.0,0.5,0.75,0.0,0.0,0.0,0.0,0.75
12,9,62Yu8QL1g9pdbvN4XL9Rah,0.41,0.41,0.0,0.0,0.5,0.75,0.0,0.0,0.0,0.0,0.5
12,10,0xmjwnQ3FNE6HuWCt2nHdZ,0.68,0.58,0.0,0.0,0.0,0.0,0.0,0.75,0.75,0.0,0.0
12,11,3mRM4NM8iO7UBqrSigCQFH,0.73,0.53,0.0,0.0,0.0,0.0,0.0,0.5,0.75,0.0,0.0
12,12,29rQJydAlO0uMyWvRIZxQg,0.5,0.43,0.0,0.0,0.0,0.75,0.0,0.5,0.0,0.0,0.5
12,13,7ptdX6yHWePemlp0TuOhK5,0.67,0.75,0.75,0.0,0.0,0.5,0.0,0.75,0.75,0.0,0.0
12,14,7so0lgd0zP2Sbgs2d7a1SZ,0.65,0.34,0.0,0.5,0.0,0.75,0.0,0.0,0.0,0.0,0.5
12,15,6l8EbYRtQMgKOyc1gcDHF9,0.15,0.28,0.0,0.0,0.0,0.75,0.0,0.0,0.0,0.0,0.75
12,16,3XVBdLihbNbxUwZosxcGuJ,0.11,0.46,0.5,0.0,0.0,1.0,0.5,0.0,0.0,0.0,0.75
12,17,5BUq9bdtsm3LWw5laJeJ4R,0.14,0.37,0.0,0.0,0.25,0.75,0.0,0.0,0.0,0.25,0.75
12,18,2TjnCxxQRYn56Ye8gkUKiW,0.55,0.47,0.0,0.75,0.5,0.75,0.5,0.0,0.0,0.0,0.0
12,19,7ygBd6XOHoCzIOEL147xbz,0.16,0.46,0.0,0.0,0.0,0.75,0.25,0.0,0.0,0.0,0.5
13,0,0S0YKiEdR9cT9pYgEaTevF,0.25,0.1,0.0,0.0,0.75,0.75,1.0,0.0,0.0,0.0,0.0
13,1,4W0pzgxtVud25lXyfnfxDC,0.36,0.68,0.0,0.0,1.0,0.0,0.75,0.0,0.75,0.0,0.0
13,2,1vZTgn4JXWMahR8r99ug5H,0.17,0.29,0.0,0.0,0.0,0.75,0.0,0.0,0.0,0.0,0.75
13,3,1yJzoX4xPsACzVxUarXRKa,0.08,0.06,0.0,0.0,0.0,0.0,0.0,0.0,0.0,0.75,1.0
13,4,5ihS6UUlyQAfmp48eSkxuQ,0.19,0.37,0.0,0.0,0.0,0.75,0.0,0.0,0.0,0.0,0.75
13,5,2nLtzopw4rPReszdYBJU6h,0.7,0.38,0.0,0.0,0.0,0.75,0.0,1.0,0.0,0.0,0.0
13,6,6o3MvjWfF0jczTzPRcfZsK,0.86,0.75,0.0,0.0,0.0,0.0,0.0,0.75,1.0,0.0,0.0
13,7,05rWggLwQ2weA4D2cRAt55,0.8,0.7,0.0,0.0,0.0,0.0,0.0,1.0,0.75,0.0,0.0
13,8,0K7wIocSvzcRISpssBUzfZ,0.73,0.6,0.0,0.0,0.0,0.0,0.0,0.75,0.75,0.0,0.0
13,9,3YRCqOhFifThpSRFJ1VWFM,0.65,0.41,0.0,0.0,0.0,0.75,0.0,0.75,0.0,0.0,0.0
13,10,1YYhDizHx7PnDhAhko6cDS,0.6,0.36,0.0,0.0,0.0,0.75,0.0,0.0,0.0,0.0,0.75
13,11,19Shlms2uTnOjIUg50TXzd,0.82,0.79,0.0,0.0,0.75,0.0,0.0,0.0,0.75,0.0,0.0
13,12,7xQiq1lCtwkJdI3zni9BZp,0.31,0.62,0.0,0.0,0.75,0.0,0.75,0.0,0.0,0.0,0.0
13,13,6SDJcDg0BzVOuUGT0WEYKP,0.37,0.6,0.0,0.75,0.0,0.0,0.75,0.0,0.0,0.0,0.0
13,14,7cFQFr1VpkSp3BTIn7X719,0.86,0.63,0.0,0.0,0.0,0.25,0.0,0.0,0.75,0.0,0.0
13,15,6ECp64rv50XVz93WvxXMGF,0.69,0.33,0.0,0.0,0.0,0.0,0.0,0.75,0.0,0.75,0.0
13,16,2zFdsAIk9r2Mi7Lmm1w3sM,0.58,0.33,0.0,0.0,0.0,0.0,0.0,0.75,0.0,0.75,0.0
13,17,5rb9QrpfcKFHM1EUbSIurX,0.78,0.31,0.0,0.0,0.0,0.0,0.0,1.0,0.0,0.75,0.0
13,18,7J41dYQolQJEtj3UmKLu5r,0.84,0.6,0.0,0.0,0.75,0.0,0.0,0.0,1.0,0.0,0.0
13,19,6sBA8b9bT8Z8G8TkVDvNTK,0.79,0.75,0.0,0.0,0.0,0.0,0.0,1.0,0.75,0.0,0.0
14,0,49FYlytm3dAAraYgpoJZux,0.61,0.72,0.0,0.0,0.0,0.0,0.5,0.25,0.75,0.0,0.0
14,1,1BxfuPKGuaTgP7aM0Bbdwr,0.38,0.57,0.0,0.0,0.75,0.0,0.75,0.0,0.5,0.0,0.0
14,2,2gE95JskwQ1pCACTpGe1Db,0.41,0.58,0.0,0.0,0.0,0.0,0.75,0.0,0.0,0.0,0.0
14,3,6eV7eK07znOHcKz3bzEmpS,0.35,0.73,0.0,0.0,0.75,0.0,0.0,0.0,0.75,0.0,0.0
14,4,2olVm1lHicpveMAo4AUDRB,0.39,0.61,0.0,0.0,0.0,0.0,0.75,0.0,0.75,0.0,0.0
14,5,4YMQXzscifAREG0a7KNGhB,0.27,0.53,0.0,0.0,0.0,0.5,0.5,0.0,0.5,0.0,0.0
14,6,5Y8QJVMu9MWziD2IgujriR,0.19,0.65,0.0,0.0,0.75,0.0,1.0,0.0,0.75,0.0,0.0
14,7,7IsXXgpowAB48crGjV1oGb,0.37,0.73,0.0,0.0,1.0,0.5,1.0,0.0,0.5,0.0,0.0
14,8,4EI8VuxUuIHKfafU72emqz,0.26,0.51,0.0,0.0,0.0,0.0,0.0,0.0,0.75,0.0,0.0
14,9,1K1nzhbKCNmrNXi9B07mPF,0.16,0.42,0.0,0.0,0.75,0.75,0.75,0.0,0.0,0.0,0.0
14,10,4xnp5cvuGKQGwuIRHCTUzh,0.58,0.33,0.0,0.0,0.75,1.0,0.0,0.0,0.0,0.0,0.5
14,11,5Pj5zrq2nbKcAekH1AxbrO,0.19,0.31,0.0,0.0,1.0,1.0,0.0,0.0,0.0,0.0,0.75
14,12,0PsbWiVtix5FoTZ1s00mEl,0.4,0.21,0.0,0.0,0.75,1.0,0.5,0.0,0.0,0.0,0.5
14,13,6zV8IpLvw0tkRSVCFQJB1y,0.18,0.52,0.0,0.0,0.5,0.75,0.75,0.0,0.0,0.0,0.0
14,14,2RzJwBCXsS1VnjDm2jKKAa,0.55,0.3,0.0,0.0,0.0,0.0,0.0,0.75,0.0,0.0,0.75
14,15,0ZUo4YjG4saFnEJhdWp9Bt,0.73,0.4,0.0,0.0,0.0,0.0,0.0,0.75,0.0,0.0,0.75
14,16,2MfOcbtgz2yTsiznFmVZUN,0.76,0.72,0.75,0.0,0.0,0.0,0.0,0.75,0.5,0.0,0.0
14,17,6qVXkG01rBYGfxIndGOQ3z,0.8,0.42,0.0,0.0,0.0,0.0,0.0,0.5,0.0,0.75,0.0
14,18,3lec3CzDPAxsZokPph5w87,0.71,0.37,0.75,0.0,0.5,0.5,0.0,0.5,0.0,0.0,0.25
14,19,0Qh38w01QRXK6KHIv0e3hb,0.78,0.39,0.75,0.0,0.0,0.0,0.0,0.5,0.0,0.0,0.75
15,0,6dGnYIeXmHdcikdzNNDMm2,0.23,0.68,0.0,0.0,0.5,0.0,0.25,0.0,0.5,0.0,0.0
15,1,6VObnIkLVruX4UVyxWhlqm,0.47,0.29,0.75,0.25,0.0,0.25,0.0,0.0,0.0,0.0,0.5
15,2,6SKwQghsR8AISlxhcwyA9R,0.76,0.51,0.0,0.0,0.75,0.0,0.0,0.25,0.25,0.0,0.0
15,3,6qVXkG01rBYGfxIndGOQ3z,0.94,0.2,0.5,0.0,0.0,0.0,0.0,1.0,0.0,0.25,0.0
15,4,0b4M7hd7mzLTm99MrMeZsp,0.59,0.51,0.0,0.0,0.0,0.0,0.0,0.5,0.0,0.0,0.0
15,5,5sJnwwIjhid95JI3zShd6A,0.18,0.69,0.0,0.5,0.5,0.0,0.5,0.0,0.25,0.0,0.0
15,6,6yLkOiVYKaBw4DdHbH9r4n,0.23,0.63,0.0,0.0,0.5,0.0,0.5,0.0,0.5,0.0,0.0
15,7,69RH84na5iUNwrwxpgjC5j,0.6,0.54,0.0,0.0,0.75,0.0,0.0,0.0,0.25,0.0,0.0
15,8,0mbS3VwRbO6HVBMPXnzOGA,0.18,0.48,0.0,0.0,0.75,0.25,0.0,0.0,0.0,0.0,0.0
15,9,4EI8VuxUuIHKfafU72emqz,0.32,0.5,0.0,0.0,0.25,0.0,0.0,0.0,0.0,0.0,0.0
15,10,4qjscZh4jfhkpcQG4ZQfi2,0.59,0.5,0.5,0.0,0.0,0.0,0.0,0.5,0.0,0.0,0.0
15,11,7Ar4G7Ci11gpt6sfH9Cgz5,0.57,0.72,0.0,0.0,0.0,0.0,0.5,0.0,0.0,0.0,0.0
15,12,53LwBS4bovyljsMlLqGfd6,0.62,0.58,0.25,0.0,0.0,0.0,0.0,0.25,0.0,0.0,0.0
15,13,7so0lgd0zP2Sbgs2d7a1SZ,0.18,0.5,0.75,0.25,0.0,0.0,0.0,0.0,0.0,0.0,0.0
15,14,20OFwXhEXf12DzwXmaV7fj,0.78,0.79,0.0,0.0,0.0,0.0,0.0,0.25,0.5,0.0,0.0
15,15,6zC0mpGYwbNTpk9SKwh08f,0.17,0.43,0.0,0.0,0.5,0.25,0.0,0.0,0.0,0.0,0.0
15,16,7dfl9X38RhIvB3oSmmneq3,0.67,0.32,0.0,0.25,0.25,0.25,0.0,0.0,0.0,0.0,0.0
15,17,1oht5GevPN9t1T3kG1m1GO,0.19,0.48,0.0,0.0,0.25,0.0,0.25,0.0,0.0,0.0,0.0
15,18,3rTnGUeDrnZV22DvRuUuXr,0.54,0.43,0.0,0.25,0.0,0.0,0.0,0.0,0.0,0.0,0.0
15,19,6T0gaMfEfNWXZCGQKh1wlo,0.02,0.07,0.0,0.25,1.0,0.75,0.5,0.0,0.0,0.0,0.0
16,0,1ZwJALwnYbeHdEVCNVmniz,0.62,0.36,0.0,0.25,0.25,0.25,0.0,0.0,0.0,0.0,0.25
16,1,0DlVOdK5GJtnom4nI3EOz5,0.64,0.64,0.0,0.0,0.0,0.0,0.0,0.0,0.25,0.0,0.0
16,2,0Q3GpBYKy5Mx97TNBJVibl,0.37,0.45,0.0,0.25,0.25,0.0,0.25,0.0,0.0,0.0,0.0
16,3,7sqK6f8dHVx3Q1GjFrVyGl,0.42,0.5,0.0,0.0,0.25,0.0,0.25,0.0,0.0,0.0,0.0
16,4,4Qj9e2yydpmjA3qSJv58Se,0.54,0.55,0.0,0.0,0.0,0.0,0.25,0.0,0.25,0.0,0.0
16,5,6rovOdp3HgK1DeAMYDzoA7,0.7,0.65,0.0,0.0,0.5,0.0,0.25,0.25,0.25,0.0,0.0
16,6,7Ar4G7Ci11gpt6sfH9Cgz5,0.64,0.6,0.0,0.0,0.0,0.0,0.25,0.0,0.0,0.0,0.0
16,7,2igwFfvr1OAGX9SKDCPBwO,0.78,0.65,0.0,0.0,0.0,0.0,0.0,0.5,0.5,0.0,0.0
16,8,2PFIZFcGry0po3ZfRZkzKc,0.64,0.62,0.25,0.0,0.25,0.0,0.0,0.25,0.25,0.0,0.0
16,9,4o6BgsqLIBViaGVbx5rbRk,0.37,0.56,0.0,0.0,0.25,0.0,0.0,0.0,0.25,0.0,0.0
16,10,3S94k75DXrZI7OX3c9KPfr,0.65,0.57,0.0,0.0,0.25,0.25,0.0,0.25,0.0,0.0,0.0
16,11,6HPLeKiNm92RbykX2BDTUB,0.34,0.58,0.25,0.25,0.25,0.0,0.25,0.0,0.0,0.0,0.0
16,12,7rbECVPkY5UODxoOUVKZnA,0.71,0.4,0.25,0.0,0.0,0.25,0.0,0.5,0.25,0.0,0.25
16,13,273QnyCvJB65rScHJ1nPZb,0.28,0.53,0.0,0.25,0.25,0.0,0.25,0.0,0.0,0.0,0.0
16,14,6XHVuErjQ4XNm6nDPVCxVX,0.68,0.57,0.0,0.0,0.0,0.0,0.0,0.25,0.0,0.0,0.0
16,15,77xMtm3bTqLVN6FiJurLFv,0.69,0.63,0.25,0.0,0.0,0.0,0.0,0.25,0.25,0.0,0.0
16,16,1NCuYqMc8hKMb4cpNTcJbD,0.36,0.6,0.0,0.0,0.25,0.25,0.0,0.0,0.0,0.0,0.25
16,17,0b4M7hd7mzLTm99MrMeZsp,0.53,0.52,0.0,0.0,0.0,0.0,0.0,0.25,0.0,0.25,0.0
16,18,09CtPGIpYB4BrO8qb1RGsF,0.68,0.59,0.0,0.0,0.25,0.25,0.0,0.25,0.0,0.0,0.0
16,19,4sFtp3pDTJnOZfZuhY20vr,0.71,0.38,0.0,0.0,0.25,0.5,0.0,0.0,0.0,0.0,0.25
17,0,6zV8IpLvw0tkRSVCFQJB1y,0.27,0.54,0.0,0.0,1.0,0.75,1.0,0.0,0.0,0.0,0.0
17,1,3XVBdLihbNbxUwZosxcGuJ,0.19,0.45,0.0,0.0,0.0,0.75,0.25,0.25,0.0,0.0,0.0
17,2,1fu5IQSRgPxJL2OTP7FVLW,0.77,1.0,0.0,0.0,0.75,0.75,0.5,0.75,0.75,0.0,0.0
17,3,3wM6RTAnF7IQpMFd7b9ZcL,0.52,0.54,0.0,0.0,0.5,0.5,0.0,0.25,0.0,0.0,0.0
17,4,6oMZhY0f1ReI6AJDDYfuSb,0.54,0.42,0.0,0.0,0.5,0.75,0.5,0.0,0.0,0.0,0.25
17,5,1CiVz2WkmZRwhU3A6J2Gjz,0.99,0.98,0.0,0.0,0.0,0.0,0.0,0.5,1.0,0.0,0.0
17,6,1jq28NGw6wdtFKx8MBPy6C,0.63,0.55,0.0,0.0,0.0,0.0,0.0,1.0,0.0,0.0,0.0
17,7,4mcZYzoGwPRDdhWVlygiHf,0.75,0.65,0.0,0.0,0.0,0.25,0.0,0.75,0.0,0.0,0.25
17,8,2ENexcMEMsYk0rVJigVD3i,0.74,0.5,0.0,0.0,0.0,0.0,0.0,0.75,0.25,0.0,0.0
17,9,00qOE7OjRl0BpYiCiweZB2,0.73,0.55,0.0,0.0,0.0,0.25,0.0,0.5,0.0,0.0,0.25
17,10,5FoeE0CWMs0CbX0udYutDS,0.57,0.5,0.0,0.0,0.0,0.25,0.25,0.0,0.5,0.0,0.0
17,11,0b4M7hd7mzLTm99MrMeZsp,0.69,0.35,0.0,0.0,0.0,0.0,0.0,0.0,0.0,0.5,0.0
17,12,6JY1IdkZGeIcPegKxjSKeb,0.63,0.62,0.0,0.0,0.0,0.25,0.0,0.75,0.25,0.0,0.0
17,13,0G21yYKMZoHa30cYVi1iA8,0.74,0.38,0.0,0.0,0.0,0.0,0.0,0.25,0.0,0.5,0.0
17,14,2goLsvvODILDzeeiT4dAoR,0.68,0.62,0.0,0.0,0.0,0.0,0.0,0.75,0.25,0.0,0.0
17,15,4IkWzcb7Zaarlz1lmiKNPE,0.38,0.55,0.0,0.0,0.0,0.25,0.25,0.0,0.0,0.0,0.0
17,16,0Q3GpBYKy5Mx97TNBJVibl,0.08,0.57,0.0,0.0,0.75,0.25,0.75,0.0,0.0,0.0,0.0
17,17,19Shlms2uTnOjIUg50TXzd,0.59,0.63,0.0,0.0,0.25,0.0,0.25,0.0,0.5,0.0,0.0
17,18,0mbS3VwRbO6HVBMPXnzOGA,0.15,0.44,0.0,0.0,0.25,0.25,0.25,0.0,0.0,0.0,0.25
17,19,5sJnwwIjhid95JI3zShd6A,0.2,0.7,0.0,0.0,0.25,0.0,0.75,0.0,0.75,0.0,0.0
18,0,1htQDV8JxSuXG2QsNj5ttr,0.91,0.94,0.75,0.0,0.0,0.0,0.0,1.0,1.0,0.0,0.0
18,1,7tqhbajSfrz2F7E1Z75ASX,0.19,0.31,0.0,0.0,0.25,0.75,0.0,0.0,0.0,0.25,0.25
18,2,64UioB4Nmwgn2f4cbIpAkl,0.46,0.45,0.0,0.0,0.0,0.75,0.0,0.0,0.25,0.25,0.0
18,3,1oYYd2gnWZYrt89EBXdFiO,0.62,0.49,0.0,0.0,0.0,0.5,0.0,0.25,0.25,0.0,0.0
18,4,7r91bpZvftQAk6EfdSdwXq,0.84,0.8,0.5,0.0,0.0,0.0,0.0,0.5,0.75,0.0,0.0
18,5,1aWV3uY3SIEZVbmv45oFWS,0.05,0.1,0.0,0.0,0.0,0.0,0.0,0.0,0.25,0.5,0.0
18,6,76TZCvJ8GitQ2FA1q5dKu0,0.08,0.25,0.0,0.0,0.5,0.75,0.25,0.0,0.0,0.0,0.0
18,7,7xQiq1lCtwkJdI3zni9BZp,0.15,0.5,0.0,0.25,0.5,0.75,0.5,0.0,0.0,0.0,0.25
18,8,1ZwJALwnYbeHdEVCNVmniz,0.65,0.82,0.25,0.75,0.5,0.5,0.5,0.0,0.5,0.0,0.0
18,9,0Q3GpBYKy5Mx97TNBJVibl,0.17,0.42,0.0,0.0,0.25,0.25,0.25,0.0,0.0,0.0,0.0
18,10,4W0pzgxtVud25lXyfnfxDC,0.36,0.5,0.25,0.25,0.5,0.5,0.5,0.0,0.0,0.0,0.25
18,11,75lWQzF7y0FY9380G3gEZ9,0.27,0.52,0.25,0.75,0.75,0.5,0.5,0.0,0.0,0.0,0.0
18,12,7rbECVPkY5UODxoOUVKZnA,0.15,0.22,0.0,0.0,0.0,0.25,0.0,0.0,0.0,0.25,0.25
18,13,5ihS6UUlyQAfmp48eSkxuQ,0.18,0.46,0.0,0.0,0.5,0.5,0.25,0.0,0.0,0.0,0.0
18,14,3XVBdLihbNbxUwZosxcGuJ,0.45,0.22,0.0,0.0,0.25,0.25,0.0,0.0,0.0,0.75,0.25
18,15,0hCB0YR03f6AmQaHbwWDe8,0.68,0.05,0.0,0.0,0.0,0.0,0.0,0.0,0.0,1.0,0.0
18,16,57BrRMwf9LrcmuOsyGilwr,0.9,0.8,0.25,0.5,0.0,0.5,0.0,1.0,0.0,0.0,0.25
18,17,70jtjJHtVBPuxllGPCWxnX,0.44,0.11,0.0,0.0,0.0,0.0,0.0,0.0,0.0,1.0,0.0
18,18,0Qh38w01QRXK6KHIv0e3hb,0.86,0.79,0.5,0.25,0.0,0.25,0.0,0.75,0.25,0.0,0.0
18,19,6UBjSnyP1O5W5ndJoO9vUk,0.21,0.21,0.0,0.0,0.0,0.25,0.0,0.0,0.0,0.0,0.0
19,0,0gJvqi9QyASOCtJu99tytc,0.72,0.2,0.75,0.0,0.0,0.5,0.0,0.25,0.0,0.0,0.75
19,1,60a0Rd6pjrkxjPbaKzXjfq,0.74,0.3,0.75,0.5,0.0,0.0,0.0,0.75,0.25,0.0,0.0
19,2,7j4OmvkjRz0PrjFADlHfQx,0.63,0.35,0.5,0.0,0.0,0.25,0.0,0.0,0.0,0.25,0.5
19,3,6qVXkG01rBYGfxIndGOQ3z,0.91,0.71,1.0,0.75,0.0,0.0,0.0,1.0,1.0,0.0,0.0
19,4,6JY1IdkZGeIcPegKxjSKeb,0.65,0.56,0.5,0.0,0.0,0.0,0.0,0.5,0.25,0.0,0.0
19,5,4lYaAFLiZMxrqHUijf83ZR,0.36,0.27,0.0,0.0,0.5,0.25,1.0,0.0,0.0,0.0,0.25
19,6,6SDJcDg0BzVOuUGT0WEYKP,0.3,0.7,0.0,0.0,0.5,0.0,0.25,0.0,0.75,0.0,0.0
19,7,0DlVOdK5GJtnom4nI3EOz5,0.76,0.59,0.75,0.0,0.0,0.0,0.0,0.75,0.5,0.0,0.0
19,8,52FlwUMMDnTK8TGkCag9Jd,0.38,0.68,0.0,0.25,0.5,0.25,0.25,0.0,0.0,0.0,0.0
19,9,7wnm2J7SGOMLv7oycQZzDc,0.16,0.43,0.0,0.0,0.25,0.0,0.25,0.0,0.0,0.0,0.0
19,10,1jF7IL57ayN4Ity3jQqGu0,0.8,0.71,0.75,0.25,0.0,0.0,0.0,0.5,0.25,0.25,0.0
19,11,1db0gbTSKdRQum8VlbNkiO,0.73,0.56,0.25,0.25,0.0,0.0,0.0,0.5,0.25,0.0,0.0
19,12,5rb9QrpfcKFHM1EUbSIurX,0.83,0.67,0.75,0.25,0.0,0.0,0.0,0.75,0.5,0.25,0.0
19,13,07GvNcU1WdyZJq3XxP0kZa,0.75,0.64,0.5,0.25,0.0,0.0,0.0,0.25,0.25,0.0,0.0
19,14,6twIBPybEvGydyNzNz89FT,0.76,0.63,0.5,0.25,0.0,0.0,0.0,0.5,0.25,0.0,0.0
19,15,6l8EbYRtQMgKOyc1gcDHF9,0.29,0.22,0.0,0.25,0.25,0.25,0.25,0.0,0.0,0.25,0.25
19,16,5WOLghNew2YKZO96gYoM7p,0.21,0.43,0.0,0.25,0.5,0.25,0.25,0.0,0.0,0.0,0.25
19,17,31er9IGsfFbwqy1pH4aiTP,0.7,0.27,0.5,0.25,0.0,0.25,0.0,0.25,0.0,0.0,0.0
19,18,5Pj5zrq2nbKcAekH1AxbrO,0.25,0.12,0.0,0.0,0.0,0.5,0.0,0.0,0.0,0.25,0.75
19,19,1yJzoX4xPsACzVxUarXRKa,0.35,0.3,0.5,0.25,0.0,0.5,0.0,0.0,0.0,0.75,0.25
20,0,2n4uOdMHzEvcZ0KP7iQnay,0.27,0.73,0.25,0.0,0.0,0.0,0.0,0.5,0.75,0.0,0.0
20,1,7so0lgd0zP2Sbgs2d7a1SZ,0.58,0.59,0.5,0.5,0.0,0.0,0.0,1.0,0.75,0.0,0.0
20,2,4BTsEp2tjLdQZcLiI2OT4E,0.81,0.81,1.0,1.0,0.0,0.0,0.0,1.0,1.0,0.0,0.0
20,3,6I9VzXrHxO9rA9A5euc8Ak,0.66,0.7,0.75,0.75,0.0,0.0,0.0,0.75,0.75,0.25,0.0
20,4,2HRbnflWz1K17PhfdxH6w2,0.6,0.69,0.75,0.5,0.25,0.0,0.0,0.25,0.5,0.0,0.0
20,5,17CPezzLWzvGfpZW6X8XT0,0.54,0.41,0.25,0.0,0.5,0.5,0.25,0.0,0.0,0.0,0.0
20,6,2rIqbiRDXuiWxFHfLgzYRe,0.45,0.57,0.75,0.5,0.0,0.0,0.25,0.0,0.0,0.0,0.0
20,7,4Pn0JlCUusD2QHjADuOzuV,0.59,0.54,0.5,0.25,0.25,0.5,0.5,0.5,0.25,0.0,0.0
20,8,1eN42Q7IWRzRBq8eW2Y2TE,0.57,0.55,0.25,0.25,0.25,0.75,0.75,0.0,0.0,0.0,0.25
20,9,0nJW01T7XtvILxQgC5J7Wh,0.54,0.42,0.25,0.25,0.0,0.75,0.0,0.75,0.0,0.0,0.25
20,10,3D8dwH690MXQRhtIZTSS9c,0.59,0.58,0.25,0.25,0.75,0.0,0.75,0.0,0.25,0.0,0.0
20,11,4EI8VuxUuIHKfafU72emqz,0.85,0.72,0.75,0.5,0.5,0.5,0.0,0.25,0.25,0.0,0.0
20,12,5Y8QJVMu9MWziD2IgujriR,0.57,0.58,0.25,0.0,0.0,0.25,0.25,0.25,0.25,0.0,0.0
20,13,0mbS3VwRbO6HVBMPXnzOGA,0.6,0.55,0.0,0.0,0.0,0.25,0.0,0.25,0.0,0.0,0.0
20,14,1ne9wOtDF2jM6Cm8WBkaER,0.6,0.7,0.75,0.5,0.25,0.25,0.25,0.5,0.25,0.0,0.0
20,15,07ceEXOyS7ghQkyCOycXwP,0.87,0.67,0.0,0.0,0.0,0.0,0.0,1.0,0.75,1.0,0.0
20,16,6SKwQghsR8AISlxhcwyA9R,0.67,0.68,0.25,0.25,0.25,0.0,0.0,0.5,0.5,0.0,0.0
20,17,4Gmkqn3V7IMTkOmmiX7cbb,0.84,0.83,0.25,0.5,0.5,0.5,0.0,0.75,0.75,0.0,0.0
20,18,3E7dfMvvCLUddWissuqMwr,0.75,0.72,0.25,0.0,0.25,0.0,0.0,0.5,0.5,0.0,0.0
20,19,77xMtm3bTqLVN6FiJurLFv,0.75,0.62,0.75,0.5,0.25,0.25,0.0,1.0,0.5,0.0,0.25
21,0,6MjfEIHOMW6MaDO3LpFcmW,0.3,0.52,0.5,0.0,0.25,0.5,0.75,0.0,0.0,0.0,0.5
21,1,4eHbdreAnSOrDDsFfc4Fpm,0.38,0.5,0.75,0.0,0.75,0.5,0.75,0.0,0.0,0.0,0.25
21,2,0PsbWiVtix5FoTZ1s00mEl,0.15,0.5,0.0,0.0,0.0,0.0,0.25,0.0,0.0,0.0,0.0
21,3,4J0DbyODwZJcmIAiTSJfMF,0.58,0.54,0.25,0.0,0.75,0.0,0.5,0.0,0.0,0.0,0.0
21,4,5K09WxKdlkroDyEVyOSySy,0.7,0.68,0.75,0.5,0.75,0.25,0.25,0.5,0.75,0.0,0.0
21,5,7iL6o9tox1zgHpKUfh9vuC,0.83,0.12,0.0,0.0,0.0,0.0,0.0,0.0,0.0,1.0,0.0
21,6,1CQqupcyMg7176PPmIVmSj,0.76,0.17,0.0,0.0,0.0,0.0,0.0,0.0,0.0,1.0,0.0
21,7,7LD74EByP1gBD2FynoIGSL,0.68,0.61,0.25,0.5,0.75,0.0,0.5,0.25,0.75,0.0,0.0
21,8,7Ie9W94M7OjPoZVV216Xus,0.78,0.15,0.0,0.0,0.0,0.0,0.0,0.0,0.0,0.75,0.0
21,9,452KBpASS5lZLeJWX9Ixub,0.68,0.65,0.25,0.5,0.5,0.0,0.5,0.75,0.75,0.0,0.0
21,10,5JVlu41jJTVVD8HnkcslNZ,0.26,0.83,0.75,0.75,1.0,0.25,1.0,0.5,0.25,0.0,0.0
21,11,1aWV3uY3SIEZVbmv45oFWS,0.58,0.6,0.25,0.25,0.75,0.25,0.5,0.25,0.5,0.0,0.25
21,12,3l3xTXsUXeWlkPqzMs7mPD,0.61,0.55,0.25,0.5,0.75,0.5,0.25,0.25,0.25,0.0,0.5
21,13,0Q3GpBYKy5Mx97TNBJVibl,0.3,0.56,0.75,0.5,0.75,0.5,0.75,0.0,0.25,0.0,0.25
21,14,1xlHJbC2DE2aWDTlqFw81u,0.87,0.88,0.75,0.75,0.75,0.0,0.75,0.75,1.0,0.0,0.0
21,15,1daDRI9ahBonbWD8YcxOIB,0.68,0.24,0.0,0.0,0.0,0.0,0.0,0.0,0.0,0.75,0.0
21,16,05rWggLwQ2weA4D2cRAt55,0.37,0.44,0.0,0.25,0.25,0.0,0.25,0.25,0.0,0.5,0.0
21,17,1ZHYJ2Wwgxes4m8Ba88PeK,0.72,0.72,0.75,0.25,0.25,0.0,0.25,0.75,0.75,0.0,0.0
21,18,07ceEXOyS7ghQkyCOycXwP,0.92,0.06,0.0,0.0,0.0,0.0,0.0,0.0,0.0,1.0,0.0
21,19,36lkJSDyMEZoWTqtRj8Q8q,0.42,0.58,0.25,0.0,0.5,0.25,0.25,0.0,0.25,0.0,0.0
22,0,50kpGaPAhYJ3sGmk6vplg0,0.27,0.39,0.0,0.0,0.25,0.75,0.75,0.0,0.0,0.0,0.0
22,1,69RH84na5iUNwrwxpgjC5j,0.46,0.55,0.0,0.0,0.0,0.75,0.0,0.0,0.5,0.0,0.0
22,2,3zxklD2EGecZre9MjEEvIU,0.64,0.58,0.75,0.0,0.75,1.0,0.0,0.0,0.75,0.0,0.0
22,3,1ZwJALwnYbeHdEVCNVmniz,0.12,0.25,0.0,0.0,0.0,0.0,0.75,0.0,0.0,0.75,0.0
22,4,62AuGbAkt8Ox2IrFFb8GKV,0.33,0.42,0.0,0.0,0.0,0.75,0.0,0.0,0.0,0.0,0.0
22,5,4nXkbcTj3nyww1cHkw5RAP,0.61,0.42,0.0,0.0,0.0,0.0,0.0,0.75,0.25,0.0,0.0
22,6,78lgmZwycJ3nzsdgmPPGNx,0.68,0.78,0.75,0.0,0.0,0.75,0.0,1.0,0.75,0.0,0.0
22,7,7qiZfU4dY1lWllzX7mPBI3,0.76,0.84,0.0,0.0,0.0,0.0,0.0,0.5,0.75,0.0,0.0
22,8,7DSAEUvxU8FajXtRloy8M0,0.6,0.72,0.75,0.0,0.0,0.75,0.0,0.75,0.75,0.0,0.0
22,9,3qT4bUD1MaWpGrTwcvguhb,0.2,0.41,0.0,0.0,0.0,0.75,0.0,0.75,0.0,0.75,0.0
22,10,4Pn0JlCUusD2QHjADuOzuV,0.19,0.36,0.0,0.0,0.75,0.75,0.0,0.0,0.25,0.0,0.0
22,11,2TjnCxxQRYn56Ye8gkUKiW,0.21,0.1,0.0,0.0,0.25,1.0,0.25,0.0,0.0,0.0,0.0
22,12,5ihS6UUlyQAfmp48eSkxuQ,0.41,0.63,0.25,0.0,0.75,0.75,0.25,0.0,0.0,0.0,0.0
22,13,6Qb7gtV6Q4MnUjSbkFcopl,0.25,0.33,0.0,0.0,0.75,0.75,0.25,0.0,0.0,0.0,0.25
22,14,7iN1s7xHE4ifF5povM6A48,0.41,0.39,0.25,0.75,0.75,1.0,0.25,0.0,0.0,0.0,0.75
22,15,4lnnde7PnrXR3pUzQKBe6X,0.75,0.7,0.75,0.0,0.0,0.0,0.0,1.0,0.75,0.0,0.0
22,16,36lkJSDyMEZoWTqtRj8Q8q,0.25,0.53,0.0,0.0,0.0,0.75,0.0,0.75,0.25,0.0,0.0
22,17,27QvYgBk0CHOVHthWnkuWt,0.76,0.78,0.75,0.0,0.0,0.75,0.0,1.0,0.75,0.0,0.0
22,18,3YRCqOhFifThpSRFJ1VWFM,0.41,0.33,0.25,0.0,0.0,0.75,0.0,0.5,0.0,0.25,0.0
22,19,3QxKpdTB8ZSFn8MGeCCpsQ,0.57,0.14,0.0,0.0,0.0,0.5,0.0,0.75,0.0,0.75,0.0
23,0,58DXqHKK7TfxUmhCq2ux4E,0.8,0.55,0.0,0.25,0.0,0.0,0.0,0.75,0.75,0.0,0.0
23,1,0V3wPSX9ygBnCm8psDIegu,0.72,0.53,0.0,0.25,0.5,0.5,0.25,0.5,0.5,0.0,0.0
23,2,3ZdJffjzJWFimSQyxgGIxN,0.85,0.74,0.0,0.25,0.25,0.0,0.0,1.0,1.0,0.0,0.0
23,3,66TxPMqbyDLJOusYH4o93n,0.77,0.33,0.0,0.0,0.0,0.0,0.0,0.75,0.5,0.25,0.0
23,4,0b4M7hd7mzLTm99MrMeZsp,0.74,0.2,0.5,0.5,0.25,0.0,0.0,0.75,0.75,0.25,0.0
23,5,6SDJcDg0BzVOuUGT0WEYKP,0.43,0.82,0.5,0.75,0.75,0.0,0.5,0.25,0.75,0.0,0.0
23,6,7xQiq1lCtwkJdI3zni9BZp,0.25,0.65,0.0,0.5,1.0,0.25,0.25,0.0,0.5,0.0,0.0
23,7,7cFQFr1VpkSp3BTIn7X719,0.29,0.43,0.0,0.5,0.5,0.0,0.5,0.0,0.5,0.0,0.0
23,8,0mbS3VwRbO6HVBMPXnzOGA,0.57,0.81,0.0,0.0,1.0,0.0,0.5,0.0,1.0,0.0,0.0
23,9,1aWV3uY3SIEZVbmv45oFWS,0.72,0.72,0.0,0.0,0.25,0.0,0.25,0.0,0.75,0.0,0.0
23,10,0yftAXSqtZoHdgrXjSuZwz,0.25,0.77,0.0,0.5,1.0,0.25,1.0,0.0,0.75,0.0,0.0
23,11,2vwlzO0Qp8kfEtzTsCXfyE,0.8,0.59,1.0,0.75,0.5,0.0,0.0,0.75,0.25,0.0,0.0
23,12,4eHbdreAnSOrDDsFfc4Fpm,0.78,0.55,1.0,0.75,1.0,0.0,0.0,0.75,0.5,0.0,0.0
23,13,3WvIE0r15DpLbcHvBT3rdB,0.39,0.74,0.0,0.0,1.0,0.75,0.5,0.5,0.25,0.25,0.5
23,14,0rOGlWeH0drBxhO2oEvsqr,0.11,0.67,0.0,0.75,1.0,0.5,1.0,0.0,0.5,0.0,0.25
23,15,5rb9QrpfcKFHM1EUbSIurX,0.83,0.28,0.25,0.0,0.0,0.0,0.0,1.0,0.25,0.5,0.0
23,16,7LD74EByP1gBD2FynoIGSL,0.77,0.77,0.25,0.5,0.5,0.25,0.5,0.25,0.5,0.0,0.25
23,17,5dNfHmqgr128gMY2tc5CeJ,0.5,0.61,0.0,0.0,0.5,0.0,0.25,0.25,0.25,0.0,0.0
23,18,1KGi9sZVMeszgZOWivFpxs,0.62,0.61,0.0,0.25,0.5,0.25,0.25,0.0,0.5,0.0,0.0
23,19,3AhXZa8sUQht0UEdBJgpGc,0.61,0.44,0.0,0.25,0.25,0.5,0.25,0.0,0.25,0.25,0.25
24,0,6UBjSnyP1O5W5ndJoO9vUk,0.7,0.7,0.5,0.75,0.25,0.75,0.25,0.0,1.0,0.0,0.0
24,1,2goLsvvODILDzeeiT4dAoR,0.9,0.6,0.75,0.0,0.0,0.0,0.0,1.0,0.75,0.0,0.0
24,2,5qlJg0Wbj3sslxfwiaRNpq,1.0,0.25,0.25,0.0,0.0,0.5,0.0,1.0,0.0,0.0,1.0
24,3,4xkOaSrkexMciUUogZKVTS,0.85,0.65,0.0,0.0,0.0,0.0,0.0,1.0,0.5,0.5,0.0
24,4,6ic8OlLUNEATToEFU3xmaH,0.63,0.36,0.0,0.0,0.0,0.0,0.0,0.5,0.25,0.0,0.0
24,5,2KzV3VG27vIp7roOS3N4kX,0.31,0.38,0.25,0.75,0.25,0.5,0.0,0.0,0.0,0.0,0.25
24,6,4HHge4zAyIw3pkrtFzmwCl,0.3,0.37,0.75,0.75,1.0,0.75,0.5,0.0,0.0,0.0,0.25
24,7,5t9KYe0Fhd5cW6UYT4qP8f,0.68,0.61,0.25,0.0,0.0,0.0,0.0,0.5,0.75,0.0,0.0
24,8,3rTnGUeDrnZV22DvRuUuXr,0.43,0.41,0.25,0.75,0.0,0.25,0.0,0.25,0.0,0.5,0.25
24,9,6HPLeKiNm92RbykX2BDTUB,0.25,0.6,0.25,0.75,0.5,0.75,0.25,0.0,0.0,0.0,0.5
24,10,4z7maGZkAonDlXlwo8q69f,0.88,0.87,0.0,0.0,0.0,0.0,0.0,1.0,1.0,0.0,0.0
24,11,53LwBS4bovyljsMlLqGfd6,0.63,0.65,0.0,0.0,0.0,0.0,0.0,0.5,0.5,0.25,0.0
24,12,0dOg1ySSI7NkpAe89Zo0b9,0.41,0.56,0.0,0.0,0.0,0.0,0.0,0.25,0.0,0.5,0.0
24,13,7DSAEUvxU8FajXtRloy8M0,0.94,0.94,0.25,0.25,0.0,0.0,0.0,0.75,1.0,0.0,0.0
24,14,0EHR9OObFtjlhQB8wSt1m7,0.36,0.54,0.0,0.0,0.0,0.0,0.0,0.25,0.25,0.25,0.0
24,15,4gMgiXfqyzZLMhsksGmbQV,0.35,0.47,0.0,0.25,0.0,0.5,0.0,0.0,0.0,0.0,0.25
24,16,1xlHJbC2DE2aWDTlqFw81u,0.68,0.67,0.25,0.0,0.0,0.5,0.0,0.0,0.25,0.0,0.0
24,17,1aWV3uY3SIEZVbmv45oFWS,0.67,0.63,0.0,0.0,0.5,0.0,0.0,0.25,0.5,0.0,0.0
24,18,7wnm2J7SGOMLv7oycQZzDc,0.63,0.24,0.25,0.0,0.5,0.25,0.0,0.0,0.0,0.0,0.5
24,19,3zxklD2EGecZre9MjEEvIU,0.62,0.32,0.25,0.5,0.0,0.75,0.0,0.0,0.0,0.0,0.5
25,0,6o3MvjWfF0jczTzPRcfZsK,0.69,0.53,0.5,0.25,0.0,0.0,0.0,0.75,0.75,0.25,0.0
25,1,2nLtzopw4rPReszdYBJU6h,0.78,0.31,0.5,0.0,0.0,1.0,0.0,0.75,0.0,0.75,0.75
25,2,6gsFth2s4hP8zXHSqNcsuY,0.57,0.94,0.5,0.5,1.0,0.75,1.0,0.25,1.0,0.0,0.0
25,3,0ZUo4YjG4saFnEJhdWp9Bt,0.62,0.53,0.25,0.25,0.25,1.0,0.0,0.75,0.0,0.75,0.75
25,4,0gJvqi9QyASOCtJu99tytc,0.62,0.4,0.25,0.0,0.25,1.0,0.25,0.0,0.25,0.75,1.0
25,5,1IcR6RlgvDczfvoWJSSY2A,0.58,0.75,1.0,0.75,0.5,0.75,0.75,0.25,0.5,0.0,0.25
25,6,5vywtoD7fO1CP0B2wtm6I6,0.58,0.86,0.5,0.25,0.5,0.25,0.25,0.5,0.75,0.25,0.0
25,7,68vgtRHr7iZHpzGpon6Jlo,0.57,0.67,0.25,0.25,0.5,0.75,0.5,0.25,1.0,0.0,0.25
25,8,6vxHp3CDNo0afgKGp2yi1E,0.25,0.62,0.25,0.0,1.0,0.75,0.5,0.0,0.25,0.0,0.5
25,9,1wZ7o1mZysv1l26ZWawVfW,0.62,0.75,0.5,0.5,0.75,0.25,0.0,0.5,0.75,0.0,0.25
25,10,33LC84JgLvK2KuW43MfaNq,0.58,0.7,1.0,1.0,0.75,0.75,0.75,0.5,0.25,0.0,0.75
25,11,6zC0mpGYwbNTpk9SKwh08f,0.36,0.72,0.75,0.75,1.0,0.75,1.0,0.25,0.25,0.0,0.5
25,12,5BUq9bdtsm3LWw5laJeJ4R,0.32,0.3,0.25,0.25,0.25,1.0,0.75,0.0,0.25,0.25,1.0
25,13,3rTnGUeDrnZV22DvRuUuXr,0.24,0.14,0.5,0.25,0.0,1.0,0.75,0.25,0.25,0.5,1.0
25,14,5ihS6UUlyQAfmp48eSkxuQ,0.23,0.53,0.25,0.5,1.0,1.0,0.75,0.0,0.25,0.0,0.5
25,15,6SDJcDg0BzVOuUGT0WEYKP,0.27,0.19,1.0,0.75,0.5,1.0,0.75,0.0,0.0,0.0,0.75
25,16,1ne9wOtDF2jM6Cm8WBkaER,0.27,0.22,0.5,0.25,0.5,0.75,0.5,0.0,0.0,0.25,0.5
25,17,62Yu8QL1g9pdbvN4XL9Rah,0.33,0.54,0.75,0.5,1.0,0.75,0.75,0.0,0.25,0.0,0.5
25,18,0j3QN4uiMdf8gI12JATZ9B,0.31,0.4,0.25,0.25,0.5,0.75,0.25,0.0,0.0,0.25,0.75
25,19,12q3V8ShACq2PSWINMc2rC,0.33,0.32,0.25,0.5,0.5,1.0,0.5,0.0,0.0,0.25,0.75
26,0,4VijLEUxHEzbWKYL5u9wuN,0.26,0.27,0.0,0.25,0.5,0.25,0.5,0.0,0.25,0.0,0.0
26,1,7IsXXgpowAB48crGjV1oGb,0.24,0.61,0.25,0.25,0.75,0.0,0.75,0.0,0.75,0.0,0.0
26,2,7cFQFr1VpkSp3BTIn7X719,0.67,0.61,0.5,0.25,0.25,0.25,0.75,0.5,0.75,0.0,0.0
26,3,3Hx5E6ObUjkNBLQM0x37cA,0.18,0.17,0.0,0.0,0.0,0.25,0.25,0.0,0.0,0.0,0.75
26,4,62Yu8QL1g9pdbvN4XL9Rah,0.22,0.32,0.25,0.0,0.25,0.25,0.0,0.0,0.0,0.0,0.0
26,5,4Pn0JlCUusD2QHjADuOzuV,0.55,0.5,0.0,0.25,0.0,0.0,0.25,0.0,0.25,0.0,0.0
26,6,4J0DbyODwZJcmIAiTSJfMF,0.7,0.41,0.25,0.75,0.0,0.0,0.0,0.0,0.0,0.25,0.0
26,7,2rIqbiRDXuiWxFHfLgzYRe,0.03,0.13,0.0,0.0,0.75,0.5,0.75,0.0,0.0,0.0,0.0
26,8,6zV8IpLvw0tkRSVCFQJB1y,0.22,0.5,0.0,0.0,0.5,0.25,0.25,0.0,0.0,0.0,0.0
26,9,2mOGLiSTUeki1l9t1BBNRQ,0.5,0.59,0.25,0.0,0.25,0.0,0.0,0.25,0.5,0.0,0.0
26,10,64UioB4Nmwgn2f4cbIpAkl,0.7,0.63,0.25,0.0,0.0,0.0,0.0,0.5,0.75,0.0,0.0
26,11,4pbG9SUmWIvsROVLF0zF9s,0.83,0.26,0.0,0.0,0.0,0.0,0.0,0.0,0.0,0.0,0.0
26,12,2009X8GyWTqyxIdzAEYW6N,0.72,0.63,0.25,0.0,0.0,0.0,0.0,0.5,0.75,0.0,0.0
26,13,5vywtoD7fO1CP0B2wtm6I6,0.82,0.39,0.0,0.0,0.0,0.0,0.0,0.5,0.25,0.25,0.0
26,14,3CifrcOH0P7cMwEInwBcIN,0.7,0.78,0.5,0.0,0.0,0.0,0.0,0.5,1.0,0.0,0.0
26,15,4xkOaSrkexMciUUogZKVTS,0.92,0.32,0.0,0.0,0.0,0.0,0.0,0.25,0.0,0.5,0.0
26,16,5TRPicyLGbAF2LGBFbHGvO,0.5,0.25,0.0,0.0,0.0,0.25,0.0,0.25,0.0,0.25,0.0
26,17,6SKwQghsR8AISlxhcwyA9R,0.83,0.93,0.75,0.25,0.0,0.0,0.0,0.5,1.0,0.0,0.0
26,18,6o3MvjWfF0jczTzPRcfZsK,0.91,0.3,0.0,0.0,0.0,0.0,0.0,0.25,0.0,0.0,0.0
26,19,5kK1Iru9ogP3Iy1zsANU1n,0.79,0.4,0.25,0.75,0.0,0.25,0.0,0.0,0.0,0.0,0.0
27,0,0sFvItEeMstcUyZCleYgyj,0.36,0.45,0.0,0.0,0.25,0.25,0.0,0.0,0.25,0.75,0.0
27,1,3WvIE0r15DpLbcHvBT3rdB,0.6,0.61,0.0,0.0,0.0,0.0,0.0,0.25,0.25,0.0,0.0
27,2,1fu5IQSRgPxJL2OTP7FVLW,0.39,0.38,0.0,0.0,0.25,0.25,0.25,0.0,0.0,0.0,0.25
27,3,6HPLeKiNm92RbykX2BDTUB,0.35,0.63,0.0,0.25,0.25,0.25,0.25,0.0,0.0,0.0,0.0
27,4,1vZTgn4JXWMahR8r99ug5H,0.38,0.5,0.25,0.25,0.25,0.25,0.25,0.25,0.0,0.0,0.0
27,5,6ADSaE87h8Y3lccZlBJdXH,0.74,0.59,0.25,0.25,0.0,0.0,0.0,0.75,0.0,0.25,0.0
27,6,1mExCoXAGKI6abLGXoG7O3,0.86,0.67,0.0,0.0,0.25,0.0,0.0,0.75,0.75,0.0,0.0
27,7,2FTZeRHQ4gRPViPMpWL9uX,0.98,0.82,0.0,0.25,0.25,0.0,0.25,1.0,0.75,0.0,0.0
27,8,3Lk7RWStfLaHG7lXsuS87j,0.85,0.72,0.75,0.75,0.75,0.25,0.0,1.0,0.75,0.0,0.0
27,9,2MfOcbtgz2yTsiznFmVZUN,0.96,0.87,1.0,1.0,0.75,0.0,0.75,1.0,1.0,0.0,0.0
27,10,3BovdzfaX4jb5KFQwoPfAw,0.96,0.85,1.0,1.0,0.0,0.0,0.0,1.0,1.0,0.0,0.0
27,11,40riOy7x9W7GXjyGp4pjAv,0.35,0.39,0.0,0.0,0.75,0.5,0.5,0.75,0.5,0.0,0.0
27,12,6JV2JOEocMgcZxYSZelKcc,0.82,0.77,0.5,0.5,0.25,0.0,0.0,0.75,0.75,0.0,0.0
27,13,5xl5582IihbEZAnfj0xyso,0.88,0.81,0.5,0.5,0.0,0.0,0.0,0.5,0.75,0.0,0.0
27,14,29rQJydAlO0uMyWvRIZxQg,0.35,0.65,0.25,0.25,0.25,0.25,0.25,0.25,0.25,0.0,0.0
27,15,5DnT9a5IM3eMjKgXTWVJvi,0.65,0.63,0.0,0.0,0.0,0.0,0.25,0.25,0.25,0.0,0.0
27,16,17PXXzOygMyXXUNLngVN5u,0.35,0.34,0.0,0.0,0.75,0.5,0.75,0.25,0.5,0.0,0.0
27,17,3i8j2dKXChkErfi8jsDDuH,0.5,0.5,0.0,0.0,0.0,0.0,0.25,0.0,0.25,0.0,0.0
27,18,1AJ5F0FMTC3yFU3ocjy1gE,0.61,0.36,0.0,0.25,0.25,0.25,0.75,0.0,0.5,0.0,0.25
27,19,19Shlms2uTnOjIUg50TXzd,0.59,0.5,0.0,0.0,0.25,0.0,0.75,0.25,0.75,0.0,0.0
28,0,4jbmgIyjGoXjY01XxatOx6,0.75,0.71,0.75,0.5,0.0,0.0,0.0,0.75,0.75,0.0,0.0
28,1,6ic8OlLUNEATToEFU3xmaH,0.64,0.63,0.0,0.0,0.0,0.0,0.0,0.0,0.75,0.0,0.0
28,2,6VObnIkLVruX4UVyxWhlqm,0.5,0.43,0.0,0.75,0.25,0.0,0.0,0.5,0.0,0.0,0.0
28,3,07ceEXOyS7ghQkyCOycXwP,0.5,0.25,0.0,0.0,0.0,0.0,0.0,0.0,0.0,0.75,0.0
28,4,3ZdJffjzJWFimSQyxgGIxN,0.71,0.64,0.0,0.0,0.0,0.0,0.0,0.0,0.75,0.0,0.0
28,5,43btz2xjMKpcmjkuRsvxyg,0.5,0.69,0.0,0.0,0.75,0.75,0.0,0.0,0.5,0.0,0.0
28,6,5DnT9a5IM3eMjKgXTWVJvi,0.51,0.5,0.0,0.0,0.5,0.0,0.5,0.0,0.5,0.0,0.0
28,7,3D8dwH690MXQRhtIZTSS9c,0.33,0.36,0.0,0.0,0.25,0.75,0.0,0.0,0.0,0.0,0.75
28,8,1ZwJALwnYbeHdEVCNVmniz,0.5,0.36,0.0,0.0,0.5,0.75,0.0,0.0,0.0,0.0,0.25
28,9,0ofHAoxe9vBkTCp2UQIavz,0.62,0.46,0.0,0.0,0.5,0.0,0.0,0.0,0.5,0.0,0.0
28,10,6twIBPybEvGydyNzNz89FT,0.72,0.5,0.0,0.0,0.0,0.0,0.0,0.75,0.75,0.0,0.0
28,11,648BMGrt98kUbLo24A4vgj,0.96,0.56,0.0,0.0,0.0,0.0,0.0,0.75,1.0,0.0,0.0
28,12,1BWsOxeMx83OrKGCV4gxly,0.59,0.58,0.0,0.0,0.75,0.25,0.0,0.0,0.5,0.0,0.0
28,13,5qHYXcVvc9xsFB2uH7GpMN,0.55,0.6,0.0,0.0,0.75,0.0,0.75,0.0,0.75,0.0,0.0
28,14,2C5SI38AMmqckQGnD1H2FO,0.68,0.59,0.0,0.0,0.0,0.0,0.0,0.0,0.75,0.0,0.0
28,15,1pTGc8pwyo6xtgXBKCBcFn,0.58,0.4,0.75,0.75,0.0,0.0,0.0,0.75,0.0,0.0,0.0
28,16,6oMZhY0f1ReI6AJDDYfuSb,0.64,0.25,0.75,0.75,0.75,0.75,0.0,0.0,0.0,0.0,0.0
28,17,2TjdnqlpwOjhijHCwHCP2d,0.67,0.4,0.75,0.25,0.0,0.0,0.0,0.0,0.0,0.0,0.0
28,18,0yftAXSqtZoHdgrXjSuZwz,0.59,0.51,0.0,0.0,1.0,0.5,0.0,0.0,0.0,0.0,0.75
28,19,6ZSTinOwx5dKFYc6iYyGDn,0.37,0.33,0.0,0.0,0.5,0.5,0.25,0.0,0.0,0.0,0.25
29,0,3Hx5E6ObUjkNBLQM0x37cA,0.22,0.22,0.0,0.0,0.75,0.5,0.25,0.0,0.0,0.25,0.75
29,1,3l3xTXsUXeWlkPqzMs7mPD,0.31,0.25,0.5,0.0,0.25,0.25,0.0,0.5,0.0,0.0,0.25
29,2,69RH84na5iUNwrwxpgjC5j,0.49,0.64,0.0,0.0,0.5,0.0,0.25,0.0,0.75,0.0,0.25
29,3,4lYaAFLiZMxrqHUijf83ZR,0.25,0.22,0.0,0.0,0.75,0.25,0.25,0.0,0.0,0.0,0.25
29,4,7xQiq1lCtwkJdI3zni9BZp,0.21,0.18,0.0,0.0,0.25,0.25,0.25,0.0,0.0,0.5,0.5
29,5,2n4uOdMHzEvcZ0KP7iQnay,0.66,0.62,0.0,0.25,0.0,0.0,0.0,0.5,0.5,0.0,0.0
29,6,77oU2rjC5XbjQfNe3bD6so,0.54,0.52,0.0,0.0,0.25,0.25,0.0,0.75,0.25,0.0,0.0
29,7,2xar08Fq5xra2KKZs5Bw9j,0.6,0.41,0.25,0.25,0.0,0.0,0.0,0.5,0.0,0.25,0.25
29,8,5pkd9ib1RgbkAd1R9bIOCa,0.36,0.27,0.25,0.0,0.5,0.25,0.0,0.0,0.0,0.5,0.25
29,9,6JV2JOEocMgcZxYSZelKcc,0.81,0.82,0.25,0.5,0.0,0.0,0.0,0.75,0.75,0.0,0.0
29,10,3ZdJffjzJWFimSQyxgGIxN,0.74,0.62,0.5,0.5,0.25,0.0,0.0,0.5,0.5,0.0,0.0
29,11,3lec3CzDPAxsZokPph5w87,0.73,0.23,0.5,0.5,0.75,0.5,0.0,0.5,0.0,0.25,0.75
29,12,0hCB0YR03f6AmQaHbwWDe8,0.69,0.5,0.25,0.25,0.25,0.25,0.0,0.25,0.0,0.5,0.25
29,13,5mMjkxGijQB4JZallYrkOW,0.68,0.38,0.25,0.25,0.0,0.0,0.0,0.5,0.0,0.25,0.0
29,14,0ZUo4YjG4saFnEJhdWp9Bt,0.76,0.61,0.5,0.5,0.0,0.0,0.0,0.75,0.25,0.0,0.0
29,15,2mOGLiSTUeki1l9t1BBNRQ,0.5,0.32,0.0,0.0,0.75,0.5,0.25,0.0,0.0,0.0,0.25
29,16,6HPLeKiNm92RbykX2BDTUB,0.47,0.34,0.0,0.0,0.75,0.5,0.0,0.0,0.0,0.25,0.5
29,17,0tgVpDi06FyKpA1z0VMD4v,0.5,0.5,0.0,0.25,0.75,0.75,0.5,0.0,0.0,0.25,0.25
29,18,2Bsnj9KAmtYz8PW9RImef7,0.49,0.32,0.75,0.75,0.0,0.0,0.0,0.5,0.0,0.5,0.0
29,19,4eHbdreAnSOrDDsFfc4Fpm,0.61,0.5,0.5,0.75,0.75,0.5,0.0,0.25,0.0,0.25,0.25
30,0,59q0gDvWPoL2DQ1SAt5ZLY,0.62,0.33,0.0,0.0,0.25,0.0,0.0,0.5,0.5,0.25,0.25
30,1,5qlJg0Wbj3sslxfwiaRNpq,0.72,0.63,0.25,0.25,0.5,0.25,0.5,0.5,0.75,0.25,0.0
30,2,1urmwhtXPiakhcqvqUi3rp,0.32,0.4,0.25,0.0,0.5,0.0,0.25,0.0,0.25,0.25,0.25
30,3,4xkOaSrkexMciUUogZKVTS,0.6,0.55,0.5,0.0,0.0,0.25,0.0,0.5,0.5,0.25,0.0
30,4,3ZdJffjzJWFimSQyxgGIxN,0.78,0.78,0.75,0.25,0.0,0.0,0.0,0.75,0.75,0.0,0.0
30,5,33LC84JgLvK2KuW43MfaNq,0.38,0.37,0.75,0.75,0.5,0.5,0.75,0.25,0.25,0.25,0.5
30,6,4DphT1rljbJjbK9WdrR1zI,0.14,0.18,0.0,0.0,0.5,0.75,0.5,0.0,0.25,0.5,0.5
30,7,5WOLghNew2YKZO96gYoM7p,0.28,0.7,0.0,0.0,0.5,0.5,0.5,0.0,0.5,0.0,0.25
30,8,6l8EbYRtQMgKOyc1gcDHF9,0.13,0.14,0.0,0.0,0.25,0.25,0.25,0.0,0.0,0.25,0.5
30,9,2KzV3VG27vIp7roOS3N4kX,0.23,0.21,0.25,0.0,0.25,0.25,0.25,0.25,0.0,0.25,0.25
30,10,1YYhDizHx7PnDhAhko6cDS,0.27,0.74,0.25,0.0,0.5,0.75,0.5,0.25,0.75,0.0,0.0
30,11,1aWV3uY3SIEZVbmv45oFWS,0.4,0.43,0.0,0.0,0.0,0.0,0.25,0.25,0.25,0.0,0.0
30,12,5sJnwwIjhid95JI3zShd6A,0.18,0.73,0.0,0.0,0.75,0.5,0.75,0.0,0.75,0.0,0.0
30,13,6SDJcDg0BzVOuUGT0WEYKP,0.45,0.66,0.5,0.0,0.25,0.0,0.5,0.25,0.25,0.0,0.0
30,14,54536WVYAqiNf2N2SfBMGk,0.71,0.78,0.5,0.0,0.25,0.25,0.25,0.25,0.5,0.0,0.0
30,15,1QV6tiMFM6fSOKOGLMHYYg,0.8,0.81,0.75,0.25,0.0,0.0,0.0,0.5,0.75,0.0,0.0
30,16,0TwBtDAWpkpM3srywFVOV5,0.44,0.72,0.25,0.0,0.25,0.0,0.0,0.5,0.5,0.0,0.0
30,17,3BovdzfaX4jb5KFQwoPfAw,0.89,0.86,0.75,0.25,0.25,0.25,0.0,0.75,0.75,0.0,0.0
30,18,7J41dYQolQJEtj3UmKLu5r,0.14,0.21,0.0,0.0,0.25,0.75,0.25,0.25,0.25,0.5,0.75
30,19,0B9x2BRHqj3Qer7biM3pU3,0.35,0.65,0.25,0.0,0.25,0.5,0.25,0.25,0.25,0.0,0.0
31,0,1XxRYmDKuABtbtCozx3pA2,0.3,0.62,0.0,0.0,0.75,0.75,0.5,0.25,0.5,0.0,0.25
31,1,6ECp64rv50XVz93WvxXMGF,0.61,0.45,0.0,0.0,0.25,0.25,0.25,0.5,0.25,0.25,0.25
31,2,2udGjDmpK1dH9VGyw7nrei,0.62,0.62,0.25,0.0,0.5,0.25,0.0,0.5,0.5,0.0,0.0
31,3,1SV1fxF65n9NhRHp3KlBuu,0.59,0.82,0.0,0.0,0.75,0.5,0.5,0.25,0.75,0.0,0.0
31,4,3UpS7kBnkVQYG13pDDFTC4,0.75,0.62,0.0,0.0,0.5,0.5,0.25,0.0,0.5,0.0,0.0
31,5,1JSTJqkT5qHq8MDJnJbRE1,0.65,0.5,0.25,0.25,0.25,0.25,0.25,0.5,0.25,0.25,0.0
31,6,1xlHJbC2DE2aWDTlqFw81u,0.38,0.45,0.0,0.0,0.25,0.25,0.5,0.0,0.0,0.25,0.25
31,7,7cFQFr1VpkSp3BTIn7X719,0.39,0.46,0.0,0.25,0.25,0.25,0.5,0.25,0.25,0.0,0.25
31,8,31IogzJ6J55FjbJhKT9PBy,0.11,0.65,0.0,0.25,0.5,0.5,0.5,0.0,0.5,0.0,0.0
31,9,5JVlu41jJTVVD8HnkcslNZ,0.19,0.21,0.25,0.25,0.25,0.5,0.5,0.0,0.0,0.25,0.5
31,10,7qUTZEf6bgiApJEXpMAH5y,0.35,0.42,0.0,0.0,0.5,0.5,0.5,0.0,0.25,0.25,0.5
31,11,0Qh38w01QRXK6KHIv0e3hb,0.75,0.34,0.0,0.0,0.0,0.0,0.0,0.5,0.0,0.25,0.25
31,12,0gzqZ9d1jIKo9psEIthwXe,0.57,0.47,0.0,0.25,0.25,0.25,0.25,0.25,0.0,0.25,0.25
31,13,0b4M7hd7mzLTm99MrMeZsp,0.72,0.34,0.0,0.0,0.0,0.0,0.0,0.5,0.0,0.5,0.5
31,14,1daDRI9ahBonbWD8YcxOIB,0.39,0.32,0.0,0.25,0.25,0.25,0.0,0.25,0.0,0.25,0.5
31,15,1pTGc8pwyo6xtgXBKCBcFn,0.41,0.61,0.0,0.25,0.25,0.25,0.0,0.25,0.25,0.0,0.25
31,16,1kgdslQYmeTR4thk9whoRw,0.14,0.22,0.0,0.25,0.5,0.5,0.5,0.0,0.0,0.0,0.5
31,17,2TjnCxxQRYn56Ye8gkUKiW,0.3,0.5,0.0,0.25,0.25,0.25,0.25,0.0,0.0,0.0,0.25
31,18,2Yy0FsAV2I5VXU4xpph2WN,0.44,0.27,0.5,0.0,0.25,0.25,0.25,0.0,0.0,0.25,0.5
31,19,3ascnOSOR5MX901ylGuhcl,0.5,0.77,0.0,0.25,0.75,0.5,0.5,0.0,0.25,0.0,0.0
32,0,3qczyRtur0tILibW9rHBFA,0.7,0.8,0.0,0.25,1.0,0.25,0.5,1.0,1.0,0.75,0.0
32,1,0l5TpsCL1ObiTEsHeWA0by,0.35,0.6,0.0,0.25,0.5,0.25,0.75,0.75,0.5,0.75,0.25
32,2,6UBjSnyP1O5W5ndJoO9vUk,0.2,0.16,0.0,0.5,0.25,0.75,0.25,0.75,0.25,0.75,0.75
32,3,47Slg6LuqLaX0VodpSCvPt,0.78,0.84,0.0,0.75,0.5,0.75,0.25,0.75,0.75,0.75,0.25
32,4,60a0Rd6pjrkxjPbaKzXjfq,0.76,0.25,0.0,0.25,0.25,0.25,0.25,1.0,1.0,0.75,0.25
32,5,6epn3r7S14KUqlReYr77hA,0.29,0.66,0.0,1.0,0.75,0.25,0.75,0.5,0.75,0.25,0.25
32,6,2zFdsAIk9r2Mi7Lmm1w3sM,0.63,0.6,0.0,0.25,0.5,0.25,0.5,0.75,0.75,0.25,0.0
32,7,53LwBS4bovyljsMlLqGfd6,0.34,0.39,0.0,0.25,0.75,0.5,0.5,0.75,0.25,0.25,0.5
32,8,6aL6pPBaTMGgM558mplSnj,0.34,0.32,0.0,0.75,0.75,0.5,0.25,0.75,0.25,0.25,0.75
32,9,6KCUliK0a3lHcMiGaqNdHR,0.87,0.84,0.0,0.25,0.75,0.25,0.25,1.0,1.0,0.25,0.25
32,10,62Yu8QL1g9pdbvN4XL9Rah,0.22,0.78,0.0,1.0,1.0,1.0,0.75,0.25,0.5,0.25,0.75
32,11,4VijLEUxHEzbWKYL5u9wuN,0.37,0.68,0.0,0.25,0.75,0.25,0.75,1.0,0.75,0.25,0.0
32,12,3i8j2dKXChkErfi8jsDDuH,0.18,0.71,0.0,0.25,1.0,0.75,1.0,0.25,0.75,0.0,0.0
32,13,12q3V8ShACq2PSWINMc2rC,0.22,0.35,0.0,0.5,0.75,0.25,1.0,0.25,0.75,0.25,0.25
32,14,0Q3GpBYKy5Mx97TNBJVibl,0.11,0.78,0.0,1.0,1.0,0.5,0.75,0.0,0.0,0.0,1.0
32,15,7nXZCcFAy1oCKQG2SqLszv,0.29,0.74,0.0,0.5,1.0,1.0,1.0,0.5,0.75,0.0,0.25
32,16,2Bsnj9KAmtYz8PW9RImef7,0.85,0.2,0.0,1.0,0.25,0.0,0.25,0.75,0.5,0.75,0.25
32,17,6XHVuErjQ4XNm6nDPVCxVX,0.84,0.72,0.0,0.25,0.5,0.25,0.25,0.75,1.0,0.25,0.0
32,18,1eN42Q7IWRzRBq8eW2Y2TE,0.17,0.25,0.0,1.0,0.75,1.0,0.75,0.0,0.25,0.0,0.75
33,0,4Qj9e2yydpmjA3qSJv58Se,0.64,0.62,0.25,0.0,0.0,0.0,0.0,0.25,0.5,0.0,0.0
33,1,7wnm2J7SGOMLv7oycQZzDc,0.62,0.47,0.0,0.0,0.25,0.0,0.0,0.0,0.25,0.0,0.0
33,2,52FlwUMMDnTK8TGkCag9Jd,0.79,0.77,0.0,0.0,0.0,0.0,0.0,0.5,0.5,0.0,0.0
33,3,0DlVOdK5GJtnom4nI3EOz5,0.65,0.53,0.25,0.0,0.0,0.0,0.0,0.25,0.25,0.0,0.0
33,4,2JoZzpdeP2G6Csfdq5aLXP,0.31,0.32,0.0,0.0,0.25,0.25,0.25,0.0,0.0,0.0,0.25
33,5,2rIqbiRDXuiWxFHfLgzYRe,0.31,0.26,0.25,0.0,0.0,0.25,0.25,0.0,0.0,0.0,0.25
33,6,1JLn8RhQzHz3qDqsChcmBl,0.62,0.27,0.0,0.0,0.0,0.0,0.0,0.25,0.0,0.25,0.0
33,7,2Yy0FsAV2I5VXU4xpph2WN,0.6,0.38,0.0,0.0,0.0,0.0,0.0,0.25,0.0,0.25,0.25
33,8,5ihS6UUlyQAfmp48eSkxuQ,0.54,0.45,0.0,0.25,0.25,0.25,0.0,0.0,0.0,0.0,0.0
33,9,75lWQzF7y0FY9380G3gEZ9,0.69,0.44,0.25,0.25,0.25,0.0,0.25,0.0,0.0,0.0,0.0
33,10,3dmqIB2Qxe2XZobw9gXxJ6,0.73,0.64,0.25,0.0,0.0,0.0,0.0,0.5,0.25,0.0,0.0
33,11,59kHPbwyyCApYA8RQQEuXm,0.74,0.68,0.0,0.0,0.0,0.0,0.0,0.25,0.5,0.0,0.0
33,12,1XGmzt0PVuFgQYYnV2It7A,0.73,0.38,0.25,0.0,0.25,0.25,0.0,0.5,0.0,0.0,0.0
33,13,6QhXQOpyYvbpdbyjgAqKdY,0.58,0.55,0.0,0.0,0.0,0.0,0.25,0.0,0.25,0.0,0.0
33,14,3kXoKlD84c6OmIcOLfrfEs,0.8,0.81,0.5,0.25,0.0,0.0,0.0,0.5,0.5,0.0,0.0
33,15,3F9ByoUqu31xU0I3G5xfVg,0.58,0.31,0.0,0.0,0.0,0.25,0.0,0.0,0.0,0.25,0.25
33,16,6qVXkG01rBYGfxIndGOQ3z,0.6,0.37,0.25,0.25,0.0,0.0,0.0,0.0,0.0,0.25,0.0
33,17,1pTw2cNrp9L3esxLAvWnN2,0.66,0.4,0.25,0.0,0.0,0.0,0.0,0.25,0.25,0.25,0.0
33,18,0Qh38w01QRXK6KHIv0e3hb,0.58,0.41,0.0,0.0,0.0,0.0,0.0,0.0,0.0,0.25,0.25
33,19,47Slg6LuqLaX0VodpSCvPt,0.77,0.54,0.25,0.0,0.25,0.0,0.0,0.25,0.0,0.0,0.0
34,0,5JHNg1hxZFT7TDEphhM4wj,0.6,0.68,0.25,0.0,0.25,0.0,0.25,0.75,0.75,0.0,0.0
34,1,5mMjkxGijQB4JZallYrkOW,0.8,0.15,0.75,0.25,0.0,0.5,0.0,0.75,0.25,1.0,0.75
34,2,1ZHYJ2Wwgxes4m8Ba88PeK,0.41,0.27,0.25,0.25,0.0,0.5,0.0,0.5,0.0,1.0,0.25
34,3,10RQKVSr4rS0coExTmi4dF,0.9,0.8,0.75,0.75,0.75,0.25,0.25,1.0,0.75,0.25,0.0
34,4,4Gmkqn3V7IMTkOmmiX7cbb,0.59,0.45,0.25,0.25,0.75,0.75,0.25,0.0,0.0,0.5,0.75
34,5,4HHge4zAyIw3pkrtFzmwCl,0.13,0.74,0.25,0.75,1.0,0.75,1.0,0.5,0.75,0.0,0.25
34,6,4YjjNHtEsTX6Af4mCTupT5,0.61,0.62,0.5,0.0,0.75,0.5,0.75,0.5,0.25,0.0,0.75
34,7,3RMeOetCdXttthQK0clPuz,0.23,0.12,0.75,0.25,0.75,1.0,0.75,0.25,0.0,0.75,1.0
34,8,0aWMVrwxPNYkKmFthzmpRi,0.37,0.65,0.75,0.75,0.25,0.75,0.75,0.0,0.0,0.0,0.25
34,9,0PsbWiVtix5FoTZ1s00mEl,0.4,0.58,0.75,0.75,1.0,0.75,0.75,0.25,0.75,0.0,0.0
34,10,745H5CctFr12Mo7cqa1BMH,0.75,0.94,0.75,0.25,0.75,0.25,1.0,0.0,1.0,0.0,0.0
34,11,5Y8QJVMu9MWziD2IgujriR,0.58,0.64,0.75,0.75,0.25,0.25,0.75,0.5,0.75,0.0,0.0
34,12,2yBVeksU2EtrPJbTu4ZslK,0.7,0.95,0.75,0.0,0.5,0.5,0.75,0.25,1.0,0.0,0.0
34,13,62AuGbAkt8Ox2IrFFb8GKV,0.43,0.3,0.75,0.5,1.0,0.75,0.75,0.0,0.25,0.0,0.75
34,14,76TZCvJ8GitQ2FA1q5dKu0,0.1,0.61,0.75,0.75,1.0,1.0,1.0,0.75,0.75,0.0,0.75
34,15,1dgWTMoHwTUnQhOQ8SR5fV,0.55,0.69,0.5,0.5,0.75,0.25,0.25,0.0,0.75,0.0,0.0
34,16,6rovOdp3HgK1DeAMYDzoA7,0.53,0.45,0.75,0.75,0.0,0.0,0.5,0.0,0.5,0.0,0.0
34,17,5RKQ5NdjSh2QzD4MaunT91,0.83,0.72,1.0,0.75,0.75,0.0,0.5,1.0,0.75,0.25,0.0
34,18,3SnGymj6ijE2iuUfWxLo1q,1.0,0.82,0.75,0.25,0.75,0.25,0.75,1.0,1.0,0.25,0.0
34,19,7J41dYQolQJEtj3UmKLu5r,0.65,0.11,0.0,0.5,0.0,0.25,0.0,0.75,0.0,1.0,0.75
35,0,62Yu8QL1g9pdbvN4XL9Rah,0.2,0.6,0.0,0.0,1.0,1.0,1.0,0.0,0.25,0.0,0.25
35,1,7cFQFr1VpkSp3BTIn7X719,0.6,0.75,0.0,0.0,0.75,0.0,0.25,0.0,0.75,0.0,0.0
35,2,5Y8QJVMu9MWziD2IgujriR,0.7,0.9,0.0,0.25,0.75,0.25,0.75,0.0,1.0,0.0,0.0
35,3,4wOKTOwGVrie2GIbCMEe7U,0.6,0.7,0.0,0.0,0.5,0.0,0.25,0.0,0.75,0.0,0.0
35,4,3Hx5E6ObUjkNBLQM0x37cA,0.25,0.2,0.0,0.0,0.25,0.75,0.0,0.0,0.0,0.25,0.75
35,5,1daDRI9ahBonbWD8YcxOIB,0.8,0.6,0.75,0.0,0.0,0.0,0.0,1.0,0.5,0.0,0.0
35,6,4xkOaSrkexMciUUogZKVTS,0.7,0.4,0.0,0.0,0.0,0.0,0.0,1.0,0.0,0.25,0.0
35,7,6FMIVQPZg9cmMY8hPxAacD,0.8,0.9,0.0,0.0,0.25,0.0,0.0,0.75,1.0,0.0,0.0
35,8,58DXqHKK7TfxUmhCq2ux4E,0.6,0.3,0.0,0.0,0.0,0.75,0.0,0.25,0.0,0.25,0.5
35,9,3QxKpdTB8ZSFn8MGeCCpsQ,0.7,0.4,0.0,0.0,0.0,0.5,0.0,0.75,0.0,0.0,0.0
35,10,6yJxCltgtmGxIgKOS6ndnu,0.4,0.35,0.25,0.0,0.5,0.75,0.25,0.0,0.0,0.0,0.25
35,11,6zC0mpGYwbNTpk9SKwh08f,0.15,0.2,0.0,0.0,0.75,1.0,0.5,0.0,0.0,0.0,0.5
35,12,4u7EnebtmKWzUH433cf5Qv,0.7,0.6,0.25,0.0,0.5,0.75,0.0,0.5,0.5,0.0,0.0
35,13,2rIqbiRDXuiWxFHfLgzYRe,0.1,0.65,0.0,0.0,1.0,0.5,1.0,0.0,0.0,0.0,0.0
35,14,2ctvdKmETyOzPb2GiJJT53,0.35,0.35,0.0,0.0,0.5,0.25,0.5,0.0,0.0,0.0,0.5
35,15,1h2xVEoJORqrg71HocgqXd,0.4,0.5,0.0,0.0,0.0,0.25,0.0,0.0,0.0,0.25,0.0
35,16,41IShViF79gmulEkIHAjcb,0.5,0.6,0.0,0.0,0.0,0.0,0.0,0.25,0.5,0.0,0.0
35,17,6ECp64rv50XVz93WvxXMGF,0.85,0.8,0.0,0.0,0.0,0.0,0.0,0.75,1.0,0.0,0.0
35,18,1H4idkmruFoJBg1DvUv2tY,0.55,0.65,0.0,0.0,0.0,0.25,0.0,0.0,0.75,0.0,0.0
35,19,3pbtBomO4Zt5gGiqsYeiBH,0.65,0.6,0.0,0.0,0.0,0.0,0.0,0.25,0.25,0.0,0.0
36,0,6qVXkG01rBYGfxIndGOQ3z,0.93,0.25,0.0,0.0,0.0,0.0,0.0,1.0,0.0,1.0,0.0
36,1,2FTZeRHQ4gRPViPMpWL9uX,0.73,0.87,0.25,0.0,0.0,0.0,0.0,0.25,1.0,0.0,0.0
36,2,0h17TpfCKbbib1J37Qgj7r,0.73,0.28,0.25,0.75,0.0,0.75,0.0,0.75,0.0,0.0,0.75
36,3,3Lk7RWStfLaHG7lXsuS87j,0.68,0.36,0.25,0.0,0.0,0.25,0.0,0.75,0.0,0.0,0.25
36,4,0K7wIocSvzcRISpssBUzfZ,0.65,0.12,0.0,0.0,0.0,0.25,0.0,1.0,0.0,0.0,1.0
36,5,62AuGbAkt8Ox2IrFFb8GKV,0.54,0.68,0.0,0.0,0.0,0.0,0.25,0.0,1.0,0.0,0.0
36,6,0DlVOdK5GJtnom4nI3EOz5,0.56,0.4,0.0,0.0,0.0,0.0,0.0,0.75,0.0,0.75,0.0
36,7,3i8j2dKXChkErfi8jsDDuH,0.24,0.58,0.0,0.0,0.0,0.0,1.0,0.0,0.75,0.0,0.0
36,8,4mnOVRRXsaqg9Nb041xR8u,0.5,0.67,0.0,0.0,0.0,0.25,0.25,0.0,0.75,0.0,0.0
36,9,6yLkOiVYKaBw4DdHbH9r4n,0.06,0.57,0.0,0.0,1.0,0.0,1.0,0.0,0.0,0.0,0.0
36,10,5EBWCGlCn65HM8Hglrc5V1,0.56,0.39,0.25,0.75,0.75,0.25,0.0,0.0,0.0,0.0,0.25
36,11,3rTnGUeDrnZV22DvRuUuXr,0.66,0.34,0.0,0.0,0.0,0.75,0.0,1.0,0.0,0.0,0.25
36,12,6oMZhY0f1ReI6AJDDYfuSb,0.2,0.41,0.0,0.25,0.25,1.0,0.25,0.25,0.0,0.0,0.25
36,13,6yJxCltgtmGxIgKOS6ndnu,0.27,0.37,0.0,0.0,1.0,1.0,0.75,0.0,0.0,0.0,0.0
36,14,3wM6RTAnF7IQpMFd7b9ZcL,0.13,0.24,0.0,0.0,0.75,0.75,1.0,0.0,0.0,0.0,0.0
36,15,1OppEieGNdItZbE14gLBEv,0.6,0.7,0.0,0.0,0.0,0.25,0.0,0.0,1.0,0.0,0.0
36,16,0ee1DiZF94NSqqpG0XHUzH,0.79,0.38,0.0,0.0,0.0,0.0,0.0,1.0,0.0,0.75,0.0
36,17,5VJjhHyG8NZ5xdgG6uTb3P,0.72,0.75,0.0,0.0,0.0,0.0,0.0,0.25,1.0,0.0,0.0
36,18,0B9x2BRHqj3Qer7biM3pU3,0.57,0.66,0.0,0.0,0.0,0.0,0.0,0.0,0.75,0.0,0.0
36,19,3w3y8KPTfNeOKPiqUTakBh,0.76,0.82,0.0,0.0,0.0,0.0,0.0,0.75,1.0,0.0,0.0
37,0,7j4OmvkjRz0PrjFADlHfQx,0.51,0.63,0.25,0.0,0.0,0.0,0.0,0.5,0.0,0.0,0.0
37,1,58DXqHKK7TfxUmhCq2ux4E,0.15,0.18,0.0,0.0,0.0,0.25,0.0,0.0,0.0,0.0,0.25
37,2,1mExCoXAGKI6abLGXoG7O3,0.22,0.68,0.0,0.0,0.5,0.25,0.5,0.0,0.0,0.0,0.0
37,3,1gT5TGwbkkkUliNzHRIGi1,0.5,0.32,0.0,0.0,0.0,0.25,0.25,0.0,0.0,0.0,0.0
37,4,0hCB0YR03f6AmQaHbwWDe8,0.56,0.57,0.25,0.0,0.0,0.0,0.0,0.25,0.0,0.0,0.0
37,5,3D8dwH690MXQRhtIZTSS9c,0.61,0.7,0.0,0.0,0.5,0.0,0.5,0.0,0.25,0.0,0.0
37,6,1ZwJALwnYbeHdEVCNVmniz,0.6,0.68,0.0,0.0,0.25,0.0,0.25,0.0,0.5,0.0,0.0
37,7,76TZCvJ8GitQ2FA1q5dKu0,0.54,0.55,0.0,0.0,0.5,0.25,0.25,0.0,0.0,0.0,0.0
37,8,0ofHAoxe9vBkTCp2UQIavz,0.51,0.5,0.0,0.0,0.0,0.0,0.75,0.0,0.0,0.0,0.0
37,9,0DlVOdK5GJtnom4nI3EOz5,0.61,0.54,0.25,0.0,0.0,0.0,0.0,0.25,0.25,0.0,0.0
37,10,3aw9iWUQ3VrPQltgwvN9Xu,0.5,0.5,0.0,0.0,0.0,0.0,0.5,0.0,0.0,0.0,0.0
37,11,3IvcWWehbBcBR4YZxlGM9R,0.57,0.56,0.25,0.0,0.0,0.0,0.25,0.0,0.0,0.0,0.0
37,12,7so0lgd0zP2Sbgs2d7a1SZ,0.4,0.53,0.0,0.0,0.0,0.0,0.5,0.0,0.0,0.0,0.0
37,13,4kLLWz7srcuLKA7Et40PQR,0.49,0.51,0.25,0.0,0.0,0.0,0.0,0.25,0.0,0.0,0.0
37,14,5vywtoD7fO1CP0B2wtm6I6,0.49,0.51,0.25,0.0,0.0,0.0,0.0,0.25,0.0,0.0,0.0
37,15,6l8EbYRtQMgKOyc1gcDHF9,0.44,0.36,0.0,0.0,0.0,0.5,0.0,0.0,0.0,0.0,0.25
37,16,0gsl92EMIScPGV1AU35nuD,0.27,0.18,0.0,0.0,0.0,0.25,0.0,0.0,0.0,0.0,0.25
37,17,4J0DbyODwZJcmIAiTSJfMF,0.48,0.43,0.0,0.0,0.5,0.25,0.0,0.0,0.0,0.0,0.0
37,18,1fu5IQSRgPxJL2OTP7FVLW,0.31,0.44,0.0,0.0,0.25,0.25,0.0,0.0,0.0,0.0,0.0
37,19,5zH710lFSLtkHbMkslLDjR,0.54,0.57,0.25,0.0,0.0,0.0,0.0,0.25,0.25,0.0,0.0
38,0,0pdfN7nOHMYmKykzu1cyfm,0.81,0.82,0.25,0.5,0.5,0.5,0.5,0.0,0.75,0.0,0.0
38,1,6I9VzXrHxO9rA9A5euc8Ak,0.88,0.68,0.25,0.0,0.25,0.0,0.0,0.5,0.25,0.0,0.0
38,2,2Fs18NaCDuluPG1DHGw1XG,0.92,0.79,0.5,0.5,0.0,0.75,0.0,0.75,0.75,0.0,0.0
38,3,2QsZVnbWVSjKMXK6K3uRBL,0.68,0.4,0.25,0.25,0.75,0.5,0.0,0.25,0.25,0.25,0.75
38,4,1SWmFiFSIBoDbQJjNKC7SR,0.66,0.45,0.5,0.25,0.25,0.5,0.0,0.25,0.25,0.0,0.25
38,5,31er9IGsfFbwqy1pH4aiTP,0.85,0.28,0.5,0.25,0.25,0.75,0.0,0.75,0.0,0.0,0.5
38,6,39Bd345OWEhRNyfayhp9gv,0.25,0.21,0.5,0.5,0.75,0.75,0.75,0.0,0.0,0.5,0.75
38,7,6HPLeKiNm92RbykX2BDTUB,0.55,0.25,0.5,0.25,0.5,0.75,0.75,0.0,0.0,0.0,0.25
38,8,7qmqeHzgNQTOnl1NUgRFO4,0.68,0.1,0.75,0.75,0.75,0.75,0.5,0.0,0.0,0.0,0.75
38,9,1Eb90nmqTrxylKFhcUzW8P,0.8,0.35,0.5,0.25,0.25,0.5,0.0,0.5,0.0,0.25,0.75
38,10,6VObnIkLVruX4UVyxWhlqm,0.4,0.4,0.75,0.75,0.0,0.25,0.25,0.25,0.0,0.25,0.25
38,11,7qUTZEf6bgiApJEXpMAH5y,0.58,0.32,0.5,0.5,0.75,0.75,0.5,0.0,0.0,0.5,0.5
38,12,6yHx2dNnWb1fEChGoulEVc,0.95,0.53,0.5,0.0,0.0,0.25,0.0,1.0,0.5,0.25,0.0
38,13,1z3ugFmUKoCzGsI6jdY4Ci,0.55,0.45,0.5,0.0,0.75,0.5,0.0,0.5,0.25,0.25,0.25
38,14,07ceEXOyS7ghQkyCOycXwP,1.0,0.65,0.75,0.0,0.0,0.0,0.0,1.0,0.5,0.0,0.0
38,15,17PXXzOygMyXXUNLngVN5u,0.23,0.25,0.5,0.25,0.75,0.75,0.75,0.0,0.0,0.0,0.75
38,16,4Xl2PrS3DJqqSKXCo6Uhv9,0.55,0.2,0.75,0.0,0.5,0.75,0.25,0.0,0.0,0.0,0.75
38,17,2yBVeksU2EtrPJbTu4ZslK,0.45,0.6,0.5,0.0,0.25,0.25,0.25,0.25,0.5,0.0,0.0
38,18,5JVlu41jJTVVD8HnkcslNZ,0.28,0.2,0.25,0.75,0.5,0.75,0.75,0.0,0.0,0.0,0.75
38,19,0n2pjCIMKwHSXoYfEbYMfX,0.59,0.4,0.5,0.0,0.5,0.5,0.25,0.25,0.0,0.25,0.75
39,0,31er9IGsfFbwqy1pH4aiTP,0.77,0.23,0.25,0.75,0.75,0.75,0.0,0.75,0.25,0.0,0.0
39,1,2vwlzO0Qp8kfEtzTsCXfyE,0.86,0.69,1.0,0.0,0.0,0.0,0.0,0.75,0.75,0.75,0.0
39,2,1kgdslQYmeTR4thk9whoRw,0.11,0.11,0.0,0.5,0.75,1.0,1.0,0.0,0.0,0.0,1.0
39,3,75lWQzF7y0FY9380G3gEZ9,0.15,0.03,0.0,1.0,0.75,0.75,1.0,0.0,0.0,0.0,0.5
39,4,1fu5IQSRgPxJL2OTP7FVLW,0.82,0.11,0.0,1.0,1.0,0.0,1.0,0.0,0.75,0.0,0.0
39,5,4mcZYzoGwPRDdhWVlygiHf,0.61,0.86,0.0,0.0,0.0,1.0,0.0,1.0,1.0,0.75,0.0
39,6,0snPJPxkk0MbTc0xeUvAPt,0.86,0.86,0.0,0.0,0.0,1.0,0.0,1.0,1.0,0.75,0.0
39,7,1CiVz2WkmZRwhU3A6J2Gjz,0.93,1.0,0.75,0.0,0.0,0.0,0.0,1.0,1.0,0.75,0.0
39,8,2QsZVnbWVSjKMXK6K3uRBL,0.25,0.83,0.0,0.0,0.0,0.0,0.0,0.75,0.75,0.75,0.0
39,9,2olVm1lHicpveMAo4AUDRB,0.82,0.93,1.0,0.0,0.0,0.0,0.0,1.0,1.0,0.75,0.0
39,10,4EI8VuxUuIHKfafU72emqz,0.63,0.3,0.0,0.0,0.0,0.0,0.0,0.75,0.25,0.75,0.0
39,11,4qYMcUZzsIYRNi7LnVV90v,0.28,0.1,0.0,1.0,1.0,1.0,1.0,0.0,0.0,0.0,0.5
39,12,62Yu8QL1g9pdbvN4XL9Rah,0.18,0.13,0.0,0.75,1.0,1.0,1.0,0.0,0.0,0.0,0.0
39,13,0mbS3VwRbO6HVBMPXnzOGA,0.21,0.25,0.0,0.0,0.0,0.75,0.0,0.5,0.0,0.0,0.75
39,14,69RH84na5iUNwrwxpgjC5j,0.8,0.29,0.0,0.0,0.75,0.75,0.0,0.0,0.0,0.75,0.5
39,15,4xkOaSrkexMciUUogZKVTS,0.77,0.23,0.75,0.0,0.0,0.0,0.0,1.0,0.25,1.0,0.0
39,16,0K7wIocSvzcRISpssBUzfZ,0.82,0.34,0.75,0.0,0.0,1.0,0.0,0.0,0.0,0.0,0.75
39,17,6VObnIkLVruX4UVyxWhlqm,0.9,0.06,0.0,1.0,0.0,1.0,0.0,0.75,0.0,0.0,0.75
39,18,2goLsvvODILDzeeiT4dAoR,0.22,0.78,0.0,0.0,0.0,1.0,0.0,0.75,0.5,0.75,0.0
39,19,6n6OQfBpCgzF9oEg8zhBN7,0.85,0.7,0.75,1.0,0.75,0.75,0.0,0.5,0.75,0.0,0.0
40,0,6FMIVQPZg9cmMY8hPxAacD,0.93,0.9,0.0,0.0,0.0,0.0,0.0,1.0,0.75,0.0,0.0
40,1,6o3MvjWfF0jczTzPRcfZsK,0.87,0.79,0.0,0.0,0.0,0.0,0.0,1.0,0.75,0.0,0.0
40,2,2nfMrwg3aRhSAv4HX7IzJL,0.28,0.64,0.0,0.25,0.75,0.25,0.5,0.0,0.0,0.0,0.25
40,3,10RQKVSr4rS0coExTmi4dF,0.8,0.82,0.0,0.0,0.0,0.0,0.0,0.75,1.0,0.0,0.0
40,4,0gJvqi9QyASOCtJu99tytc,0.73,0.4,0.0,0.0,0.75,0.5,0.25,0.0,0.25,0.0,0.75
40,5,4DphT1rljbJjbK9WdrR1zI,0.11,0.5,0.0,0.0,0.0,0.0,0.75,0.0,0.0,0.0,0.0
40,6,5ihS6UUlyQAfmp48eSkxuQ,0.21,0.36,0.0,0.0,0.0,0.0,0.5,0.0,0.0,0.0,0.0
40,7,31er9IGsfFbwqy1pH4aiTP,0.29,0.3,0.0,0.0,0.0,0.75,0.0,0.0,0.0,0.0,0.25
40,8,1oht5GevPN9t1T3kG1m1GO,0.16,0.46,0.0,0.0,0.75,0.25,0.25,0.0,0.0,0.0,0.0
40,9,3rTnGUeDrnZV22DvRuUuXr,0.47,0.46,0.0,0.25,0.25,0.0,0.5,0.0,0.0,0.0,0.0
40,10,0O45fw2L5vsWpdsOdXwNAR,0.7,0.61,0.0,0.0,0.0,0.0,0.0,0.25,0.5,0.0,0.0
40,11,7HW5WIw7ZgZORCzUxv5gW5,0.81,0.6,0.0,0.0,0.0,0.0,0.0,0.25,0.25,0.0,0.0
40,12,1jF7IL57ayN4Ity3jQqGu0,0.73,0.69,0.0,0.0,0.5,0.0,0.25,0.5,0.5,0.0,0.0
40,13,41IShViF79gmulEkIHAjcb,0.59,0.56,0.0,0.0,0.0,0.5,0.0,0.0,0.25,0.0,0.0
40,14,5VJjhHyG8NZ5xdgG6uTb3P,0.6,0.66,0.0,0.0,0.0,0.0,0.25,0.0,0.5,0.0,0.0
40,15,7cFQFr1VpkSp3BTIn7X719,0.33,0.64,0.0,0.0,0.0,0.25,0.25,0.0,0.25,0.0,0.0
40,16,745H5CctFr12Mo7cqa1BMH,0.4,0.61,0.0,0.0,0.0,0.0,0.5,0.0,0.25,0.0,0.0
40,17,7DKjnQH7yeCUPXX88Hh12p,0.29,0.5,0.0,0.0,0.0,0.25,0.0,0.0,0.0,0.0,0.0
40,18,17PXXzOygMyXXUNLngVN5u,0.25,0.43,0.0,0.0,0.0,0.5,0.0,0.0,0.0,0.0,0.0
40,19,3PzsbWSQdLCKDLxn7YZfkM,0.24,0.6,0.0,0.0,0.25,0.25,0.25,0.0,0.0,0.0,0.0
41,0,1OppEieGNdItZbE14gLBEv,0.65,0.75,0.0,0.0,0.0,0.5,0.5,0.0,0.75,0.0,0.0
41,1,7LD74EByP1gBD2FynoIGSL,0.76,0.8,0.0,0.0,0.25,0.5,0.25,0.0,0.75,0.0,0.0
41,2,59kHPbwyyCApYA8RQQEuXm,0.62,0.83,0.0,0.0,0.5,0.75,0.25,0.25,1.0,0.0,0.0
41,3,2HsjJJL4DhPCzMlnaGv7ap,0.94,0.58,0.0,0.0,0.0,0.0,0.0,0.75,0.25,0.25,0.0
41,4,4ZoBC5MhSEzuknIgAkBaoT,0.78,0.97,0.0,0.0,0.25,0.75,0.5,0.25,0.75,0.0,0.0
41,5,2Yy0FsAV2I5VXU4xpph2WN,0.85,0.8,0.25,0.0,0.0,0.25,0.0,0.25,0.0,0.0,0.25
41,6,3rTnGUeDrnZV22DvRuUuXr,0.46,0.46,0.0,0.0,0.0,0.5,0.25,0.0,0.0,0.0,0.75
41,7,6mFkJmJqdDVQ1REhVfGgd1,0.67,0.63,0.0,0.0,0.25,0.75,0.25,0.0,0.0,0.0,0.0
41,8,6oMZhY0f1ReI6AJDDYfuSb,0.47,0.57,0.0,0.25,0.25,0.75,0.25,0.0,0.25,0.0,0.25
41,9,2rIqbiRDXuiWxFHfLgzYRe,0.32,0.74,0.5,0.5,0.75,0.25,1.0,0.0,0.0,0.0,0.0
41,10,6SKwQghsR8AISlxhcwyA9R,0.87,0.8,0.25,0.0,0.0,0.0,0.0,0.25,1.0,0.0,0.0
41,11,2MfOcbtgz2yTsiznFmVZUN,0.82,0.78,0.75,0.75,0.0,0.0,0.0,0.75,0.75,0.0,0.0
41,12,07ceEXOyS7ghQkyCOycXwP,0.98,0.0,0.0,0.0,0.0,0.0,0.0,0.25,0.0,1.0,0.0
41,13,77xMtm3bTqLVN6FiJurLFv,0.8,0.52,0.25,0.25,0.0,0.0,0.0,0.5,0.25,0.0,0.0
41,14,7qUTZEf6bgiApJEXpMAH5y,0.76,0.9,0.0,0.25,0.25,0.75,0.25,0.0,0.75,0.0,0.0
41,15,4tHqQMWSqmL6YjXwsqthDI,0.35,0.14,0.25,0.5,0.0,0.0,0.0,0.0,0.0,0.5,0.0
41,16,2JoZzpdeP2G6Csfdq5aLXP,0.64,0.87,0.0,0.0,0.25,0.5,0.25,0.0,0.5,0.0,0.0
41,17,3D8dwH690MXQRhtIZTSS9c,0.6,0.72,0.0,0.0,0.75,0.75,0.25,0.0,0.25,0.0,0.25
41,18,69RH84na5iUNwrwxpgjC5j,0.62,0.76,0.0,0.0,0.0,0.25,0.25,0.25,1.0,0.0,0.0
41,19,5Y8QJVMu9MWziD2IgujriR,0.67,0.82,1.0,1.0,0.0,0.0,0.25,0.0,0.0,0.0,0.0
42,0,4pbG9SUmWIvsROVLF0zF9s,0.2,0.8,0.0,0.0,0.0,0.75,0.75,0.0,0.25,0.0,0.0
42,1,17S4XrLvF5jlGvGCJHgF51,0.66,0.32,0.0,0.25,0.0,0.25,0.0,0.0,0.0,0.0,0.0
42,2,1P17dC1amhFzptugyAO7Il,0.4,0.05,0.0,0.0,0.0,0.0,0.0,0.0,0.0,0.75,0.5
42,3,2Fs18NaCDuluPG1DHGw1XG,0.71,0.58,0.0,0.0,0.0,0.25,0.0,0.25,0.5,0.0,0.0
42,4,2ymeOsYijJz09LfKw3yM2x,0.76,0.76,0.0,0.0,0.0,0.0,0.0,0.25,1.0,0.0,0.0
42,5,7Ewz6bJ97vUqk5HdkvguFQ,0.11,0.06,0.0,0.0,0.0,0.25,0.0,0.0,0.0,0.25,0.75
42,6,0b4M7hd7mzLTm99MrMeZsp,0.68,0.1,0.0,0.0,0.0,0.0,0.0,0.0,0.0,0.75,0.25
42,7,6ic8OlLUNEATToEFU3xmaH,0.55,0.52,0.0,0.0,0.0,0.25,0.0,0.0,0.0,0.25,0.0
42,8,6ADSaE87h8Y3lccZlBJdXH,0.54,0.57,0.0,0.25,0.25,0.0,0.0,0.0,0.0,0.0,0.0
42,9,57BrRMwf9LrcmuOsyGilwr,0.95,0.03,0.0,0.0,0.0,0.0,0.0,1.0,0.0,0.25,0.0
42,10,0mbS3VwRbO6HVBMPXnzOGA,0.08,0.24,0.0,0.0,0.5,0.25,0.25,0.0,0.0,0.0,0.0
42,11,5DnT9a5IM3eMjKgXTWVJvi,0.69,0.07,0.0,0.0,0.0,0.5,0.0,0.25,0.0,0.0,0.0
42,12,5Y8QJVMu9MWziD2IgujriR,0.14,0.25,0.0,0.5,0.0,0.0,0.0,0.0,0.0,0.0,0.0
42,13,4lYaAFLiZMxrqHUijf83ZR,0.04,0.06,0.0,0.0,0.0,0.75,0.25,0.0,0.0,0.0,0.75
42,14,7cFQFr1VpkSp3BTIn7X719,0.7,0.35,0.0,0.0,0.25,0.25,0.0,0.0,0.0,0.0,0.0
42,15,7rbECVPkY5UODxoOUVKZnA,0.67,0.3,0.0,0.0,0.0,0.5,0.0,0.0,0.0,0.0,0.0
42,16,6zV8IpLvw0tkRSVCFQJB1y,0.33,0.4,0.0,0.0,1.0,0.25,0.75,0.0,0.0,0.0,0.0
42,17,5BUq9bdtsm3LWw5laJeJ4R,0.29,0.39,0.0,0.0,0.0,0.0,0.25,0.25,0.0,0.0,0.25
42,18,75lWQzF7y0FY9380G3gEZ9,0.03,0.21,0.0,0.75,0.75,0.0,1.0,0.0,0.0,0.0,0.0
42,19,2rIqbiRDXuiWxFHfLgzYRe,0.02,0.12,0.0,0.25,0.25,0.0,1.0,0.0,0.0,0.0,0.0
43,0,07GvNcU1WdyZJq3XxP0kZa,0.7,0.85,0.0,0.0,0.75,0.75,0.0,0.75,1.0,0.0,0.0
43,1,0zxj7dVhYZq5ACyaDx5XIo,0.56,0.56,0.0,0.0,0.75,0.75,0.75,0.0,0.75,0.0,0.75
43,2,60hGQrn24APqEFSLObLeDc,0.53,0.75,0.25,0.0,0.75,0.25,0.25,0.75,0.75,0.0,0.75
43,3,4czNORk5MjW5WOn98bki32,0.82,0.58,0.5,0.25,0.0,0.5,0.0,0.75,1.0,0.0,0.0
43,4,1h2xVEoJORqrg71HocgqXd,0.57,0.71,0.0,0.0,0.0,0.75,0.0,0.5,0.75,0.0,0.0
43,5,1AJ5F0FMTC3yFU3ocjy1gE,0.2,0.56,0.25,0.75,1.0,1.0,1.0,0.25,0.5,0.0,0.75
43,6,7IsXXgpowAB48crGjV1oGb,0.33,0.52,0.0,0.75,0.75,0.75,0.75,0.0,0.25,0.0,1.0
43,7,0DlVOdK5GJtnom4nI3EOz5,0.89,0.9,0.25,0.0,0.25,0.5,0.25,1.0,1.0,0.0,0.0
43,8,6SDJcDg0BzVOuUGT0WEYKP,0.59,0.59,0.75,0.75,0.75,0.75,0.5,0.0,0.75,0.0,0.0
43,9,4tHqQMWSqmL6YjXwsqthDI,0.82,0.74,1.0,1.0,0.25,0.75,0.5,0.0,0.5,0.0,0.0
43,10,0Qh38w01QRXK6KHIv0e3hb,0.65,0.52,0.5,0.5,0.25,1.0,0.0,0.25,0.25,0.0,0.75
43,11,0b4M7hd7mzLTm99MrMeZsp,0.38,0.39,0.0,0.0,0.0,0.75,0.0,0.0,0.25,0.25,0.25
43,12,6UBjSnyP1O5W5ndJoO9vUk,0.35,0.67,0.25,0.5,0.25,1.0,0.75,0.0,0.25,0.0,0.0
43,13,3QxKpdTB8ZSFn8MGeCCpsQ,0.78,0.56,0.5,0.0,0.25,1.0,0.25,0.75,0.75,0.0,0.0
43,14,5JHNg1hxZFT7TDEphhM4wj,0.75,0.58,0.75,0.0,0.0,0.5,0.0,0.75,1.0,0.0,0.0
43,15,0rOGlWeH0drBxhO2oEvsqr,0.24,0.72,0.75,0.75,0.75,1.0,0.75,0.0,0.75,0.0,0.75
43,16,7L4G39PVgMfaeHRyi1ML7y,0.34,0.34,0.5,0.5,0.0,0.75,0.75,0.0,0.25,0.0,0.0
43,17,273QnyCvJB65rScHJ1nPZb,0.7,0.7,0.75,0.75,0.75,1.0,0.75,0.25,0.75,0.0,0.75
43,18,4u7EnebtmKWzUH433cf5Qv,0.83,0.83,1.0,0.5,0.75,1.0,0.25,0.5,1.0,0.0,0.75
43,19,3hqsBLMAqJqrhr434Z7WlA,0.32,0.72,0.75,0.75,0.75,1.0,1.0,0.0,0.75,0.0,0.75
44,0,09CtPGIpYB4BrO8qb1RGsF,0.25,0.5,0.25,0.25,0.25,0.0,0.25,0.25,0.5,0.0,0.0
44,1,5FoeE0CWMs0CbX0udYutDS,0.6,0.6,0.75,0.5,0.25,0.25,0.25,0.25,0.5,0.0,0.0
44,2,2rbDhOo9Fh61Bbu23T2qCk,0.37,0.38,0.75,0.5,0.5,0.75,0.75,0.25,0.0,0.25,0.25
44,3,6qVXkG01rBYGfxIndGOQ3z,0.8,0.75,1.0,0.25,0.0,0.0,0.0,0.75,0.75,0.0,0.0
44,4,1zi7xx7UVEFkmKfv06H8x0,0.32,0.61,0.75,0.5,0.25,0.0,0.25,0.25,0.5,0.0,0.0
44,5,2RzJwBCXsS1VnjDm2jKKAa,0.66,0.6,0.75,0.25,0.5,0.5,0.0,0.5,0.25,0.0,0.5
44,6,4Y8EyXnq5CLR8A7EHXxx7L,0.6,0.5,0.75,0.5,0.25,0.5,0.25,0.5,0.25,0.0,0.5
44,7,6oMZhY0f1ReI6AJDDYfuSb,0.67,0.41,0.75,0.75,0.75,0.75,0.75,0.5,0.0,0.0,0.5
44,8,2TjnCxxQRYn56Ye8gkUKiW,0.25,0.48,0.5,0.5,0.5,0.5,0.5,0.25,0.25,0.0,0.5
44,9,5HNCy40Ni5BZJFw1TKzRsC,0.3,0.49,0.25,0.25,0.5,0.5,0.25,0.0,0.0,0.0,0.25
44,10,7cy1bEJV6FCtDaYpsk8aG6,0.8,0.79,0.75,0.25,0.0,0.0,0.0,0.75,0.75,0.0,0.0
44,11,0dOg1ySSI7NkpAe89Zo0b9,0.69,0.61,0.5,0.25,0.0,0.0,0.0,0.75,0.75,0.0,0.0
44,12,3w3y8KPTfNeOKPiqUTakBh,0.69,0.83,0.75,0.25,0.0,0.0,0.0,0.75,0.75,0.0,0.0
44,13,7vidktgNZFQylTgH1GEnMs,0.49,0.5,0.5,0.25,0.25,0.25,0.25,0.25,0.25,0.0,0.0
44,14,4BP3uh0hFLFRb5cjsgLqDh,0.63,0.6,0.5,0.25,0.0,0.0,0.0,0.75,0.5,0.0,0.0
44,15,31IogzJ6J55FjbJhKT9PBy,0.22,0.39,0.0,0.25,0.25,0.25,1.0,0.0,0.25,0.0,0.0
44,16,52FlwUMMDnTK8TGkCag9Jd,0.5,0.5,0.25,0.5,0.5,0.5,0.5,0.0,0.25,0.0,0.0
44,17,0DlVOdK5GJtnom4nI3EOz5,0.83,0.84,1.0,0.25,0.0,0.0,0.0,0.75,0.75,0.0,0.0
44,18,5Y8QJVMu9MWziD2IgujriR,0.25,0.44,0.25,0.5,0.5,0.5,0.5,0.0,0.25,0.0,0.0
44,19,4EI8VuxUuIHKfafU72emqz,0.57,0.55,0.5,0.25,0.25,0.25,0.25,0.0,0.5,0.0,0.0
45,0,1eN42Q7IWRzRBq8eW2Y2TE,0.6,0.4,0.0,0.25,0.75,1.0,0.5,0.5,0.0,0.75,0.75
45,1,3oevkC3HQ2sxTwJ394MROY,0.23,0.35,0.0,0.0,0.75,0.75,0.5,0.0,0.0,0.0,0.25
45,2,0S0YKiEdR9cT9pYgEaTevF,0.61,0.56,0.25,0.5,0.25,0.0,0.75,0.25,0.0,0.0,0.0
45,3,2TVxnKdb3tqe1nhQWwwZCO,0.75,0.7,0.25,0.75,0.25,0.0,0.0,0.25,0.5,0.0,0.0
45,4,3rTnGUeDrnZV22DvRuUuXr,0.25,0.36,0.0,0.0,0.0,0.75,0.0,0.0,0.0,0.0,1.0
45,5,0j3QN4uiMdf8gI12JATZ9B,0.88,0.79,0.25,0.0,0.0,0.0,0.0,1.0,0.75,0.0,0.0
45,6,0JuW3zVUYjyW5BbtXq2to6,0.7,0.59,0.0,0.0,0.25,0.0,0.0,0.5,0.25,0.0,0.0
45,7,1xlHJbC2DE2aWDTlqFw81u,0.88,0.67,0.0,0.0,0.0,0.0,0.25,0.5,0.75,0.0,0.0
45,8,7xQiq1lCtwkJdI3zni9BZp,0.23,0.7,0.25,0.0,0.75,0.0,0.5,0.0,0.25,0.0,0.0
45,9,5GjPQ0eI7AgmOnADn1EO6Q,0.94,0.8,0.75,0.0,0.25,0.0,0.0,1.0,0.75,0.0,0.0
45,10,5JHNg1hxZFT7TDEphhM4wj,0.95,0.93,0.75,0.0,0.0,0.0,0.0,1.0,0.75,0.0,0.0
45,11,6LxSe8YmdPxy095Ux6znaQ,0.61,0.55,0.0,0.0,0.0,0.0,0.0,0.5,0.5,0.0,0.0
45,12,3qczyRtur0tILibW9rHBFA,0.73,0.63,0.75,0.25,0.0,0.0,0.0,0.25,0.25,0.0,0.0
45,13,6ADSaE87h8Y3lccZlBJdXH,0.77,0.62,0.25,0.0,0.0,0.0,0.0,0.75,0.5,0.0,0.0
45,14,4lnnde7PnrXR3pUzQKBe6X,0.62,0.38,0.0,0.0,0.0,0.0,0.25,0.0,0.25,0.0,0.0
45,15,459h0Mh30C82Z1lhk41yYK,0.94,0.77,0.75,1.0,0.25,0.0,0.0,0.75,0.5,0.0,0.0
45,16,1h2xVEoJORqrg71HocgqXd,0.74,0.92,0.0,0.0,0.25,0.0,0.0,0.25,1.0,0.0,0.0
45,17,5zA8vzDGqPl2AzZkEYQGKh,0.75,0.87,0.25,0.0,0.0,0.0,0.0,0.5,0.75,0.0,0.0
45,18,4KfSdst7rW39C0sfhArdrz,0.63,0.57,0.5,0.25,0.0,0.0,0.0,0.5,0.25,0.0,0.0
45,19,4ZoBC5MhSEzuknIgAkBaoT,0.78,0.39,0.25,0.0,0.75,0.5,0.0,0.25,0.0,0.25,0.75
46,0,4BTsEp2tjLdQZcLiI2OT4E,0.83,0.81,0.75,0.75,0.0,0.0,0.0,1.0,1.0,0.0,0.0
46,1,4rHZZAmHpZrA3iH5zx8frV,0.84,0.7,0.5,0.75,0.0,0.25,0.0,0.75,0.75,0.0,0.0
46,2,1y4eb6hmAvsqlDOl3fx9kk,0.64,0.62,1.0,0.5,0.0,0.0,0.0,0.75,0.5,0.0,0.0
46,3,0gmbgwZ8iqyMPmXefof8Yf,0.3,0.35,0.0,0.0,0.0,0.75,0.0,0.75,0.25,0.75,0.5
46,4,3NlLmKBJozwoi0k03Feb1N,0.14,0.28,0.0,0.0,0.25,1.0,0.5,0.75,0.0,0.5,0.0
46,5,5DnT9a5IM3eMjKgXTWVJvi,0.44,0.65,0.0,0.75,0.75,0.0,0.0,0.25,0.0,0.0,0.0
46,6,1JSTJqkT5qHq8MDJnJbRE1,0.76,0.61,0.0,1.0,1.0,0.5,1.0,0.0,0.75,0.0,0.5
46,7,7DKjnQH7yeCUPXX88Hh12p,0.32,0.5,0.0,0.0,0.75,0.0,0.75,0.0,0.5,0.0,0.0
46,8,5sJnwwIjhid95JI3zShd6A,0.32,0.43,0.0,0.0,1.0,0.75,0.75,0.0,0.5,0.25,0.25
46,9,69RH84na5iUNwrwxpgjC5j,0.52,0.48,0.0,0.0,0.75,0.5,0.25,0.0,0.25,0.0,0.0
46,10,1pTw2cNrp9L3esxLAvWnN2,0.62,0.39,1.0,1.0,0.0,0.0,0.0,0.75,0.5,0.0,0.25
46,11,07ceEXOyS7ghQkyCOycXwP,1.0,1.0,1.0,1.0,0.0,0.0,0.0,1.0,1.0,0.0,0.0
46,12,0K7wIocSvzcRISpssBUzfZ,0.67,0.35,0.25,0.0,0.25,0.0,0.0,0.75,0.5,0.0,0.0
46,13,6o3MvjWfF0jczTzPRcfZsK,0.87,0.83,0.25,0.75,0.25,0.0,0.0,0.5,0.75,0.0,0.0
46,14,0Wv3aY6gApoT3oKBYIqvXb,0.61,0.33,0.5,0.25,0.5,0.5,0.0,0.25,0.0,0.5,0.75
46,15,5ihS6UUlyQAfmp48eSkxuQ,0.2,0.3,0.0,0.0,1.0,0.75,1.0,0.25,0.25,0.0,0.5
46,16,4Y8EyXnq5CLR8A7EHXxx7L,0.23,0.16,0.0,0.0,0.25,0.75,0.5,0.0,0.0,0.75,0.75
46,17,0yftAXSqtZoHdgrXjSuZwz,0.49,0.29,0.0,0.0,0.25,1.0,0.5,0.25,0.0,0.5,1.0
46,18,24AIahNHzBxm9S12peXbnG,0.42,0.16,0.0,0.0,0.75,0.75,0.5,0.0,0.0,0.75,0.5
46,19,0tgVpDi06FyKpA1z0VMD4v,0.69,0.59,0.0,0.0,0.75,0.0,0.5,0.5,0.75,0.0,0.0
47,0,17PXXzOygMyXXUNLngVN5u,0.53,0.6,0.0,0.0,0.25,0.25,0.5,0.0,0.0,0.0,0.0
47,1,3l3xTXsUXeWlkPqzMs7mPD,0.6,0.56,0.0,0.0,0.0,0.25,0.0,0.0,0.0,0.0,0.0
47,2,0DlVOdK5GJtnom4nI3EOz5,0.73,0.73,0.0,0.0,0.25,0.0,0.0,0.75,0.5,0.0,0.0
47,3,4tHqQMWSqmL6YjXwsqthDI,0.46,0.56,0.25,0.5,0.25,0.0,0.5,0.25,0.0,0.0,0.0
47,4,3PzsbWSQdLCKDLxn7YZfkM,0.36,0.36,0.0,0.0,0.0,0.25,0.0,0.0,0.0,0.0,0.0
47,5,2ZiMQKIieJ7GTRYnO8fP8p,0.66,0.53,0.0,0.0,0.0,0.0,0.0,0.25,0.0,0.0,0.0
47,6,65kp3OFn7JXbCvkm3m2Ui2,0.78,0.65,0.0,0.0,0.0,0.0,0.0,0.25,0.25,0.0,0.0
47,7,2nLtzopw4rPReszdYBJU6h,0.73,0.68,0.0,0.0,0.0,0.0,0.0,0.5,0.25,0.0,0.0
47,8,744hdHz3CORMz3FcU230C4,0.53,0.53,0.0,0.0,0.0,0.25,0.25,0.0,0.0,0.0,0.0
47,9,5IgjP7X4th6nMNDh4akUHb,0.59,0.62,0.0,0.0,0.0,0.25,0.25,0.0,0.0,0.0,0.0
47,10,6HSXNV0b4M4cLJ7ljgVVeh,0.57,0.64,0.0,0.0,0.0,0.25,0.25,0.0,0.0,0.0,0.0
47,11,1oht5GevPN9t1T3kG1m1GO,0.57,0.58,0.0,0.0,0.25,0.0,0.25,0.0,0.0,0.0,0.0
47,12,39Bd345OWEhRNyfayhp9gv,0.62,0.78,0.0,0.0,0.25,0.0,0.25,0.0,0.25,0.0,0.0
47,13,7ygBd6XOHoCzIOEL147xbz,0.54,0.53,0.0,0.0,0.25,0.0,0.5,0.0,0.0,0.0,0.0
47,14,3BQHpFgAp4l80e1XslIjNI,0.53,0.6,0.0,0.0,0.25,0.0,0.5,0.0,0.0,0.0,0.0
47,15,1XxRYmDKuABtbtCozx3pA2,0.62,0.68,0.0,0.0,0.0,0.25,0.25,0.25,0.0,0.0,0.0
47,16,3QszJeuSyyZQmD9pY1tqpo,0.44,0.47,0.0,0.0,0.0,0.0,0.25,0.0,0.0,0.0,0.0
47,17,6vxHp3CDNo0afgKGp2yi1E,0.66,0.69,0.0,0.0,0.5,0.0,0.0,0.25,0.25,0.0,0.0
47,18,0xmjwnQ3FNE6HuWCt2nHdZ,0.58,0.78,0.0,0.0,0.0,0.0,0.25,0.0,0.25,0.0,0.0
47,19,1y4eb6hmAvsqlDOl3fx9kk,0.71,0.78,0.0,0.0,0.0,0.0,0.0,0.5,0.25,0.0,0.0
48,0,4Gmkqn3V7IMTkOmmiX7cbb,0.61,0.41,0.5,0.5,0.5,0.25,0.5,0.5,0.5,0.5,0.25
48,1,44aTAUBF0g6sMkMNE8I5kd,0.6,0.67,0.5,0.5,0.5,0.5,0.5,0.5,0.75,0.5,0.25
48,2,70jtjJHtVBPuxllGPCWxnX,0.75,0.28,0.25,0.25,0.0,0.0,0.0,0.75,0.25,1.0,0.0
48,3,2MfOcbtgz2yTsiznFmVZUN,0.61,0.63,0.25,0.0,0.25,0.0,0.0,0.75,0.75,0.0,0.0
48,4,3MWToltSqef5lgDt0pO16p,0.39,0.58,0.5,0.75,0.0,0.0,0.5,0.0,0.0,0.0,0.0
48,5,1Yk0cQdMLx5RzzFTYwmuld,0.73,0.27,0.0,0.0,0.0,0.75,0.0,0.0,0.0,0.0,0.75
48,6,0sFvItEeMstcUyZCleYgyj,0.61,0.54,0.0,1.0,0.0,0.0,0.0,0.25,0.5,0.0,0.0
48,7,3WvIE0r15DpLbcHvBT3rdB,0.44,0.41,0.0,0.25,0.0,0.25,0.0,0.25,0.0,0.0,0.5
48,8,6T0gaMfEfNWXZCGQKh1wlo,0.16,0.43,0.25,0.0,0.5,0.25,0.25,0.0,0.0,0.0,0.0
48,9,7nXZCcFAy1oCKQG2SqLszv,0.44,0.6,0.0,0.0,1.0,0.0,0.5,0.25,0.5,0.0,0.0
48,10,41IShViF79gmulEkIHAjcb,0.76,0.73,0.0,0.75,0.25,0.0,0.0,0.5,1.0,0.0,0.0
48,11,1H4idkmruFoJBg1DvUv2tY,0.47,0.5,0.0,0.0,1.0,0.0,0.5,0.0,0.75,0.0,0.0
48,12,3aw9iWUQ3VrPQltgwvN9Xu,0.68,0.64,0.0,0.0,0.25,0.0,0.5,0.5,0.75,0.0,0.0
48,13,64Ny7djQ6rNJspquof2KoX,0.79,0.67,0.0,0.0,0.25,0.5,0.25,0.25,0.75,0.0,0.0
48,14,5YjKdeES9QRJ8NmF4Xc8pV,0.79,0.61,0.0,0.0,0.25,0.0,0.0,0.75,1.0,0.0,0.0
48,15,5JVlu41jJTVVD8HnkcslNZ,0.21,0.58,0.0,0.0,0.25,0.0,0.75,0.0,0.0,0.0,0.0
48,16,17PXXzOygMyXXUNLngVN5u,0.3,0.53,0.0,0.0,0.5,1.0,0.75,0.0,0.0,0.0,0.0
48,17,4YMQXzscifAREG0a7KNGhB,0.39,0.55,0.0,0.0,0.25,0.75,0.5,0.0,0.25,0.0,0.0
48,18,1K1nzhbKCNmrNXi9B07mPF,0.42,0.55,0.0,0.0,0.75,0.75,0.75,0.0,0.25,0.0,0.0
48,19,0ofHAoxe9vBkTCp2UQIavz,0.42,0.58,0.0,0.0,0.75,0.25,0.75,0.0,0.75,0.0,0.0
49,0,3PzsbWSQdLCKDLxn7YZfkM,0.6,0.7,0.0,0.0,0.25,0.25,0.25,0.0,0.5,0.0,0.0
49,1,1ZwJALwnYbeHdEVCNVmniz,0.7,0.5,0.25,0.0,0.0,0.0,0.0,0.25,0.25,0.0,0.0
49,2,3l3xTXsUXeWlkPqzMs7mPD,0.75,0.6,0.25,0.0,0.25,0.25,0.0,0.0,0.25,0.0,0.0
49,3,16pUlUFjyp6BtDtxC0i9ch,0.5,0.7,0.25,0.0,0.25,0.5,0.25,0.0,0.25,0.0,0.0
49,4,7cFQFr1VpkSp3BTIn7X719,0.8,0.6,0.0,0.0,0.0,0.0,0.25,0.25,0.5,0.0,0.0
49,5,1db0gbTSKdRQum8VlbNkiO,0.6,0.7,0.25,0.0,0.0,0.0,0.0,0.25,0.25,0.0,0.0
49,6,60hGQrn24APqEFSLObLeDc,0.8,0.7,0.25,0.25,0.25,0.0,0.0,0.25,0.25,0.0,0.0
49,7,7vidktgNZFQylTgH1GEnMs,0.7,0.5,0.5,0.25,0.0,0.5,0.0,0.5,0.0,0.0,0.0
49,8,7N3PAbqfTjSEU1edb2tY8j,0.8,0.7,0.5,0.0,0.0,0.0,0.0,0.25,0.25,0.0,0.0
49,9,1dgWTMoHwTUnQhOQ8SR5fV,0.6,0.6,0.0,0.0,0.25,0.25,0.0,0.0,0.25,0.0,0.0
49,10,5FoeE0CWMs0CbX0udYutDS,0.6,0.4,0.25,0.0,0.25,0.25,0.0,0.0,0.0,0.0,0.25
49,11,6O5TrlFWTYvznd9fMC0VvU,0.7,0.4,0.25,0.25,0.0,0.5,0.0,0.25,0.0,0.0,0.5
49,12,09CtPGIpYB4BrO8qb1RGsF,0.6,0.8,0.0,0.0,0.0,0.0,0.0,0.25,0.5,0.0,0.0
49,13,1mExCoXAGKI6abLGXoG7O3,0.6,0.5,0.0,0.0,0.25,0.25,0.0,0.0,0.0,0.0,0.0
49,14,59q0gDvWPoL2DQ1SAt5ZLY,0.7,0.5,0.0,0.0,0.0,0.0,0.0,0.5,0.0,0.0,0.0
49,15,6HSXNV0b4M4cLJ7ljgVVeh,0.3,0.3,0.0,0.0,0.25,0.5,0.25,0.0,0.0,0.0,0.25
49,16,5WOLghNew2YKZO96gYoM7p,0.4,0.4,0.0,0.0,0.25,0.5,0.5,0.0,0.0,0.0,0.25
49,17,7ygBd6XOHoCzIOEL147xbz,0.2,0.2,0.0,0.25,0.0,0.75,0.0,0.0,0.0,0.0,0.5
49,18,3BQHpFgAp4l80e1XslIjNI,0.4,0.2,0.0,0.0,0.25,0.5,0.0,0.0,0.0,0.25,0.5
49,19,7L4G39PVgMfaeHRyi1ML7y,0.2,0.1,0.0,0.0,0.0,0.0,0.0,0.0,0.0,0.25,0.0
50,0,2rIqbiRDXuiWxFHfLgzYRe,0.63,0.63,0.0,0.0,0.5,0.5,0.0,0.0,0.0,0.0,0.5
50,1,3S94k75DXrZI7OX3c9KPfr,0.86,0.74,0.0,0.0,0.0,0.5,0.0,0.0,0.0,0.0,0.5
50,2,5mCPDVBb16L4XQwDdbRUpz,0.59,0.36,0.0,0.0,0.0,0.0,0.0,0.0,0.0,0.25,0.25
50,3,7rbECVPkY5UODxoOUVKZnA,0.59,0.43,0.0,0.0,0.0,0.0,0.0,0.0,0.0,0.25,0.25
50,4,1oht5GevPN9t1T3kG1m1GO,0.36,0.6,0.0,0.0,0.25,0.25,0.0,0.0,0.0,0.0,0.25
50,5,2aEuXA1KswHlCGPOuPmCOW,0.57,0.47,0.0,0.0,0.0,0.0,0.0,0.0,0.0,0.25,0.0
50,6,459h0Mh30C82Z1lhk41yYK,0.7,0.57,0.0,0.0,0.0,0.0,0.0,0.25,0.25,0.0,0.0
50,7,3kXoKlD84c6OmIcOLfrfEs,0.64,0.58,0.0,0.0,0.0,0.0,0.0,0.25,0.25,0.0,0.0
50,8,40riOy7x9W7GXjyGp4pjAv,0.63,0.57,0.0,0.0,0.0,0.5,0.0,0.0,0.0,0.0,0.25
50,9,144JMbvbR5txNzoZ112wo4,0.89,0.61,0.0,0.25,0.0,0.0,0.0,0.25,0.0,0.0,0.0
50,10,6FMIVQPZg9cmMY8hPxAacD,0.77,0.56,0.0,0.0,0.0,0.0,0.0,0.25,0.25,0.0,0.0
50,11,2nLtzopw4rPReszdYBJU6h,0.91,0.73,0.75,0.5,0.0,0.0,0.0,0.25,0.0,0.0,0.0
50,12,1daDRI9ahBonbWD8YcxOIB,0.75,0.4,0.0,0.0,0.0,0.0,0.0,0.0,0.0,0.0,0.75
50,13,58DXqHKK7TfxUmhCq2ux4E,0.56,0.54,0.0,0.0,0.0,0.25,0.0,0.0,0.0,0.0,0.0
50,14,2ZiMQKIieJ7GTRYnO8fP8p,0.62,0.35,0.0,0.0,0.0,0.0,0.0,0.0,0.0,0.25,0.0
50,15,1ZwJALwnYbeHdEVCNVmniz,0.88,0.64,0.0,0.0,0.0,0.25,0.0,0.0,0.0,0.0,0.25
50,16,7xQiq1lCtwkJdI3zni9BZp,0.73,0.65,0.0,0.0,0.0,0.25,0.0,0.0,0.0,0.0,0.75
50,17,3l3xTXsUXeWlkPqzMs7mPD,0.59,0.57,0.0,0.0,0.0,0.25,0.0,0.0,0.0,0.0,0.0
50,18,5DnT9a5IM3eMjKgXTWVJvi,0.88,0.72,0.0,0.0,0.0,0.75,0.0,0.0,0.0,0.0,0.75
50,19,7IsXXgpowAB48crGjV1oGb,0.73,0.64,0.0,0.0,0.25,0.25,0.0,0.0,0.0,0.0,0.25
51,0,5FoeE0CWMs0CbX0udYutDS,0.77,0.36,0.0,0.0,0.0,0.25,0.0,0.75,0.5,0.0,0.25
51,1,3E7dfMvvCLUddWissuqMwr,0.8,0.4,0.0,0.0,0.0,0.25,0.0,0.75,0.0,0.0,0.25
51,2,0b4M7hd7mzLTm99MrMeZsp,0.61,0.62,0.25,0.0,0.0,0.25,0.0,0.25,0.5,0.0,0.0
51,3,3Lk7RWStfLaHG7lXsuS87j,0.77,0.55,0.25,0.25,0.25,0.25,0.0,0.75,0.0,0.0,0.25
51,4,3lec3CzDPAxsZokPph5w87,0.86,0.55,0.25,0.0,0.0,0.75,0.5,1.0,0.0,0.0,0.25
51,5,6mFkJmJqdDVQ1REhVfGgd1,0.67,0.45,0.0,0.0,0.25,1.0,0.5,0.5,0.0,0.0,0.25
51,6,2rIqbiRDXuiWxFHfLgzYRe,0.89,0.8,0.25,0.75,0.25,0.25,0.75,0.5,0.5,0.0,0.25
51,7,3XVBdLihbNbxUwZosxcGuJ,0.84,0.56,0.25,0.25,0.0,0.25,0.0,0.75,0.25,0.0,0.25
51,8,3BQHpFgAp4l80e1XslIjNI,0.87,0.45,0.0,0.0,0.75,0.75,0.25,0.25,0.25,0.0,0.25
51,9,42CX3VhPsCG75BFp07r9Vj,0.81,0.68,0.25,0.25,0.25,0.25,0.25,0.5,0.25,0.0,0.0
51,10,69HICMmc6nNLucAx3aJX9M,0.91,0.65,0.25,0.0,0.0,0.25,0.25,0.75,0.25,0.0,0.0
51,11,4aMT5LHe8A2uIc11H8Cx2m,0.83,0.77,0.25,0.25,0.0,0.25,0.0,1.0,0.75,0.0,0.0
51,12,2HsjJJL4DhPCzMlnaGv7ap,0.85,0.73,0.25,0.25,0.0,0.25,0.0,1.0,0.5,0.0,0.25
51,13,1P17dC1amhFzptugyAO7Il,0.72,0.62,0.25,0.25,0.25,0.25,0.0,0.5,0.25,0.0,0.25
51,14,3UpS7kBnkVQYG13pDDFTC4,0.75,0.44,0.25,0.0,0.25,0.25,0.0,0.25,0.0,0.0,0.75
51,15,54536WVYAqiNf2N2SfBMGk,0.63,0.62,0.0,0.0,0.25,0.25,0.75,0.25,0.25,0.0,0.0
51,16,62Yu8QL1g9pdbvN4XL9Rah,0.76,0.37,0.0,0.0,0.75,0.75,0.25,0.0,0.0,0.0,1.0
51,17,3i8j2dKXChkErfi8jsDDuH,0.63,0.56,0.0,0.0,0.25,0.25,0.75,0.25,0.25,0.0,0.0
51,18,2yBVeksU2EtrPJbTu4ZslK,0.88,0.5,0.25,0.25,0.25,0.25,0.25,0.5,0.25,0.0,0.0
51,19,7xQiq1lCtwkJdI3zni9BZp,0.3,0.54,0.0,0.0,0.25,0.75,0.5,0.25,0.25,0.0,0.0
52,0,3MWToltSqef5lgDt0pO16p,0.38,0.72,0.0,0.75,0.25,0.5,0.0,0.0,0.75,0.0,0.0
52,1,6SKwQghsR8AISlxhcwyA9R,0.55,0.7,0.0,0.25,0.5,0.25,0.5,0.5,0.75,0.0,0.0
52,2,6VObnIkLVruX4UVyxWhlqm,0.55,0.45,0.75,0.25,0.0,0.0,0.0,0.5,0.0,0.0,0.25
52,3,4jbmgIyjGoXjY01XxatOx6,0.7,0.38,0.25,0.5,0.0,0.0,0.0,0.5,0.25,0.0,0.0
52,4,2nLtzopw4rPReszdYBJU6h,0.8,0.4,0.25,0.5,0.0,0.0,0.0,0.75,0.25,0.25,0.0
52,5,3RMeOetCdXttthQK0clPuz,0.59,0.62,0.0,0.75,0.5,0.25,0.25,0.0,0.5,0.0,0.0
52,6,4HHge4zAyIw3pkrtFzmwCl,0.27,0.36,0.0,0.25,0.75,0.5,0.25,0.0,0.0,0.0,0.25
52,7,5K09WxKdlkroDyEVyOSySy,0.42,0.53,0.0,0.5,0.5,0.0,0.0,0.0,0.5,0.0,0.0
52,8,273QnyCvJB65rScHJ1nPZb,0.4,0.64,0.0,0.25,0.75,0.0,0.5,0.0,0.5,0.0,0.0
52,9,5HNCy40Ni5BZJFw1TKzRsC,0.35,0.26,0.0,0.25,0.0,0.75,0.0,0.0,0.0,0.0,0.5
52,10,5KqldkCunQ2rWxruMEtGh0,0.31,0.23,0.0,0.0,0.25,0.75,0.5,0.0,0.0,0.0,0.25
52,11,3AhXZa8sUQht0UEdBJgpGc,0.36,0.21,0.0,0.0,0.0,0.5,0.0,0.25,0.0,0.25,0.25
52,12,2Fs18NaCDuluPG1DHGw1XG,0.75,0.54,0.0,0.0,0.0,0.0,0.0,0.25,0.75,0.0,0.0
52,13,6ECp64rv50XVz93WvxXMGF,0.73,0.61,0.0,0.25,0.25,0.25,0.0,0.0,0.75,0.0,0.0
52,14,1y4eb6hmAvsqlDOl3fx9kk,0.73,0.54,0.0,0.0,0.0,0.0,0.0,0.5,0.5,0.0,0.0
52,15,4tHqQMWSqmL6YjXwsqthDI,0.25,0.1,0.0,0.5,0.0,0.25,0.5,0.0,0.0,0.5,0.0
52,16,0j3QN4uiMdf8gI12JATZ9B,0.18,0.33,0.0,0.0,0.0,0.5,0.0,0.0,0.0,0.25,0.5
52,17,0Q3GpBYKy5Mx97TNBJVibl,0.11,0.2,0.0,0.25,0.25,0.25,0.0,0.0,0.0,0.0,0.75
52,18,1HfB7BLeW5XXIJ9sjCaL5U,0.29,0.34,0.0,0.0,0.25,0.75,0.0,0.0,0.0,0.25,0.25
52,19,31IogzJ6J55FjbJhKT9PBy,0.21,0.68,0.0,0.0,0.25,0.0,1.0,0.0,0.5,0.0,0.0
53,0,3YRCqOhFifThpSRFJ1VWFM,0.73,0.5,0.0,0.0,0.25,0.75,0.5,0.0,0.0,0.0,0.0
53,1,6yHx2dNnWb1fEChGoulEVc,0.84,0.16,0.25,0.25,0.0,0.0,0.0,0.75,0.0,0.25,0.5
53,2,4bVuIlGQBMWS7vIhcx8Ae4,0.29,0.25,0.25,0.25,1.0,1.0,0.75,0.0,0.0,0.25,1.0
53,3,5pgmgHNxiq9w9XuthMKzJS,0.63,0.75,0.25,0.5,0.5,0.5,0.25,0.25,0.75,0.0,0.0
53,4,4rDbp1vnvEhieiccprPMdI,0.28,0.59,0.5,0.75,1.0,1.0,0.75,0.0,0.75,0.0,0.0
53,5,5KgbyD2lQQlIupAaPjgiXg,0.54,0.5,0.25,0.0,0.0,0.0,0.5,0.0,0.0,0.0,0.0
53,6,0gmbgwZ8iqyMPmXefof8Yf,0.3,0.29,0.25,0.5,1.0,1.0,0.25,0.0,0.0,0.25,0.5
53,7,4yugZvBYaoREkJKtbG08Qr,0.3,0.65,0.25,0.5,0.75,0.75,1.0,0.0,0.5,0.0,0.0
53,8,676Rf0qIOh2gKNEl9TnCOx,0.64,0.79,0.0,0.0,0.75,1.0,0.75,0.0,0.5,0.25,0.0
53,9,3EYOJ48Et32uATr9ZmLnAo,0.53,0.5,0.25,0.0,0.0,0.0,0.0,0.0,0.0,0.5,0.25
53,10,015qd1I4v00JIoK7yOUgKC,0.13,0.23,0.5,0.75,1.0,1.0,1.0,0.0,0.5,0.0,0.0
53,11,6zV8IpLvw0tkRSVCFQJB1y,0.04,0.33,0.25,0.5,1.0,1.0,1.0,0.0,0.0,0.0,0.5
53,12,1fu5IQSRgPxJL2OTP7FVLW,0.09,0.14,0.75,0.75,1.0,1.0,0.5,0.0,0.0,0.0,1.0
53,13,3XVBdLihbNbxUwZosxcGuJ,0.28,0.4,0.75,0.0,0.25,0.25,0.25,0.0,0.0,0.25,0.25
53,14,5BUq9bdtsm3LWw5laJeJ4R,0.39,0.72,0.5,0.75,1.0,1.0,1.0,0.0,0.5,0.0,0.25
53,15,4qYMcUZzsIYRNi7LnVV90v,0.38,0.31,0.75,0.25,0.5,1.0,0.25,0.0,0.0,0.25,1.0
53,16,52FlwUMMDnTK8TGkCag9Jd,0.74,0.86,1.0,0.75,0.25,0.0,0.0,0.25,1.0,0.0,0.0
53,17,3D8dwH690MXQRhtIZTSS9c,0.42,0.46,0.75,0.0,1.0,0.5,1.0,0.0,0.0,0.0,0.25
53,18,0ofHAoxe9vBkTCp2UQIavz,0.42,0.61,0.25,0.0,0.0,0.0,0.0,0.25,0.75,0.0,0.0
53,19,5sJnwwIjhid95JI3zShd6A,0.19,0.94,0.75,1.0,1.0,1.0,1.0,0.0,0.5,0.0,0.0
54,0,5mCPDVBb16L4XQwDdbRUpz,0.63,0.32,0.0,0.0,0.75,1.0,0.75,0.0,0.75,0.0,0.75
54,1,4eHbdreAnSOrDDsFfc4Fpm,0.14,0.42,0.75,0.75,1.0,0.5,0.75,0.25,0.25,0.5,0.75
54,2,2mOGLiSTUeki1l9t1BBNRQ,0.61,0.6,0.0,0.0,0.75,0.5,0.75,0.0,0.75,0.0,0.0
54,3,31er9IGsfFbwqy1pH4aiTP,0.21,0.28,0.25,0.0,0.25,0.75,0.0,0.5,0.0,0.0,0.25
54,4,2RzJwBCXsS1VnjDm2jKKAa,0.52,0.6,0.0,0.0,0.0,0.0,0.25,0.0,0.75,0.0,0.0
54,5,3dmqIB2Qxe2XZobw9gXxJ6,0.56,0.5,0.0,0.0,0.0,0.0,0.0,0.0,0.25,0.0,0.0
54,6,0xmjwnQ3FNE6HuWCt2nHdZ,0.77,0.7,0.0,0.0,0.0,0.0,0.0,0.0,0.75,0.0,0.0
54,7,0v1XpBHnsbkCn7iJ9Ucr1l,0.92,0.93,0.75,0.0,0.0,0.0,0.0,1.0,0.75,0.0,0.0
54,8,2olVm1lHicpveMAo4AUDRB,0.64,0.63,0.0,0.0,0.0,0.0,0.0,0.0,0.25,0.0,0.0
54,9,4rHZZAmHpZrA3iH5zx8frV,0.36,0.3,0.0,0.0,0.0,0.75,0.0,0.0,0.0,0.25,0.25
54,10,54536WVYAqiNf2N2SfBMGk,0.46,0.53,0.0,0.0,0.0,0.0,0.0,0.0,0.25,0.25,0.0
54,11,3D8dwH690MXQRhtIZTSS9c,0.16,0.35,0.0,0.0,1.0,1.0,1.0,0.0,0.0,0.0,0.25
54,12,69RH84na5iUNwrwxpgjC5j,0.4,0.35,0.0,0.0,0.75,0.75,0.75,0.0,0.0,0.0,0.25
54,13,5JVlu41jJTVVD8HnkcslNZ,0.12,0.51,0.0,0.25,0.25,0.5,1.0,0.0,0.0,0.0,0.0
54,14,7DKjnQH7yeCUPXX88Hh12p,0.3,0.5,0.0,0.0,0.25,0.25,0.75,0.0,0.0,0.0,0.0
54,15,0h17TpfCKbbib1J37Qgj7r,0.25,0.77,0.75,0.0,0.0,0.25,0.0,0.75,0.25,0.0,0.0
54,16,4xkOaSrkexMciUUogZKVTS,0.79,0.34,0.0,0.0,0.0,0.0,0.0,0.75,0.0,0.75,0.0
54,17,6n6OQfBpCgzF9oEg8zhBN7,0.55,0.56,0.0,0.0,0.75,0.0,0.0,0.0,0.25,0.0,0.0
54,18,5TRPicyLGbAF2LGBFbHGvO,0.84,0.5,0.0,0.0,0.0,0.25,0.0,0.0,0.0,0.0,0.0
54,19,4bVuIlGQBMWS7vIhcx8Ae4,0.83,0.23,0.0,0.0,0.0,0.25,0.0,0.75,0.0,0.0,0.75
55,0,3rTnGUeDrnZV22DvRuUuXr,0.39,0.31,0.0,0.0,0.0,0.25,0.0,0.0,0.0,0.75,0.75
55,1,2Yy0FsAV2I5VXU4xpph2WN,0.5,0.5,0.0,0.0,0.0,0.0,0.5,0.0,0.0,0.0,0.0
55,2,6iXQrhhgBisdfvS34EMTZ3,0.57,0.57,0.0,0.0,0.25,0.0,0.0,0.0,0.0,0.0,0.0
55,3,6l8EbYRtQMgKOyc1gcDHF9,0.8,0.39,0.5,0.5,0.75,0.0,0.0,0.0,0.25,0.0,0.25
55,4,0OYcEfskah1egYHjYRvbg1,0.5,0.5,0.0,0.0,0.0,0.0,0.0,0.0,0.0,0.0,0.0
55,5,3ZdJffjzJWFimSQyxgGIxN,0.5,0.5,0.0,0.0,0.0,0.0,0.0,0.0,0.0,0.0,0.0
55,6,2nfMrwg3aRhSAv4HX7IzJL,0.58,0.58,0.0,0.0,0.5,0.0,0.0,0.25,0.25,0.0,0.0
55,7,09CtPGIpYB4BrO8qb1RGsF,0.66,0.66,0.5,0.5,0.5,0.0,0.0,0.75,0.75,0.0,0.0
55,8,77xMtm3bTqLVN6FiJurLFv,0.84,0.84,1.0,1.0,0.0,0.0,0.0,1.0,1.0,0.0,0.0
55,9,10RQKVSr4rS0coExTmi4dF,0.55,0.6,0.0,0.0,0.0,0.0,0.0,0.25,0.25,0.0,0.0
55,10,4tHqQMWSqmL6YjXwsqthDI,0.75,0.68,1.0,1.0,0.0,0.0,0.0,1.0,1.0,0.75,0.0
55,11,5GjPQ0eI7AgmOnADn1EO6Q,0.65,0.54,0.0,0.0,0.0,0.0,0.0,0.5,0.25,0.75,0.0
55,12,31IogzJ6J55FjbJhKT9PBy,0.5,0.5,0.0,0.0,0.0,0.0,0.0,0.0,0.0,0.0,0.0
55,13,3x2ksaXI6EZUWidE2BiLXy,0.53,0.54,0.0,0.0,0.25,0.0,0.25,0.0,0.0,0.0,0.0
55,14,5Y8QJVMu9MWziD2IgujriR,0.5,0.5,0.0,0.0,0.0,0.0,0.0,0.0,0.0,0.0,0.0
55,15,05tlUh0E6IFks9sCQguQKN,0.55,0.51,0.0,0.0,0.0,0.0,0.0,0.25,0.0,0.0,0.0
55,16,7qiZfU4dY1lWllzX7mPBI3,0.6,0.65,0.0,0.0,0.75,0.0,0.0,0.75,0.25,0.0,0.0
55,17,4YwbSZaYeYja8Umyt222Qf,0.75,0.75,0.75,0.0,0.75,0.0,0.0,0.75,0.75,0.0,0.0
55,18,1P17dC1amhFzptugyAO7Il,0.65,0.57,0.0,0.0,0.25,0.0,0.0,0.25,0.25,0.0,0.0
55,19,0pdfN7nOHMYmKykzu1cyfm,0.58,0.58,0.0,0.0,0.25,0.0,0.0,0.25,0.25,0.0,0.0
56,0,1ne9wOtDF2jM6Cm8WBkaER,0.66,0.77,0.0,0.0,0.5,0.5,0.25,0.0,0.75,0.0,0.0
56,1,0Q3GpBYKy5Mx97TNBJVibl,0.39,0.41,0.0,0.0,0.75,0.75,0.5,0.0,0.0,0.0,0.5
56,2,0DlVOdK5GJtnom4nI3EOz5,0.84,0.91,0.0,0.0,0.0,0.0,0.0,0.75,1.0,0.0,0.0
56,3,4qYMcUZzsIYRNi7LnVV90v,0.6,0.56,0.5,0.5,0.25,0.5,0.25,0.0,0.0,0.0,0.0
56,4,0JkIre0YxNmKGMU5V7ZiDx,0.73,0.65,0.0,0.0,0.25,0.25,0.0,0.0,0.5,0.0,0.0
56,5,6IAZHEBUIGJ6NJKxxOBIEr,0.82,0.69,0.25,0.0,0.0,0.25,0.0,0.75,0.5,0.0,0.0
56,6,1jF7IL57ayN4Ity3jQqGu0,0.55,0.45,0.0,0.0,0.0,0.0,0.0,0.5,0.0,0.25,0.0
56,7,0B9x2BRHqj3Qer7biM3pU3,0.57,0.63,0.0,0.0,0.0,0.25,0.0,0.25,0.25,0.0,0.0
56,8,5EOoMWIB9iK4ZpcSex9Ec7,0.84,0.8,0.0,0.0,0.0,0.0,0.0,1.0,0.75,0.0,0.0
56,9,4ZoBC5MhSEzuknIgAkBaoT,0.39,0.44,0.0,0.0,0.0,0.5,0.0,0.25,0.25,0.0,0.0
56,10,3qczyRtur0tILibW9rHBFA,0.72,0.61,0.0,0.0,0.0,0.25,0.0,0.5,0.25,0.0,0.0
56,11,0h17TpfCKbbib1J37Qgj7r,0.61,0.3,0.0,0.0,0.0,0.5,0.0,0.0,0.0,0.0,0.25
56,12,5mMjkxGijQB4JZallYrkOW,0.88,0.29,0.0,0.0,0.0,0.25,0.0,0.0,0.0,0.5,0.0
56,13,6ic8OlLUNEATToEFU3xmaH,0.72,0.4,0.0,0.0,0.0,0.0,0.0,0.25,0.0,0.5,0.25
56,14,6qVXkG01rBYGfxIndGOQ3z,0.94,0.13,0.25,0.0,0.0,0.0,0.0,0.25,0.0,0.5,0.25
56,15,0rOGlWeH0drBxhO2oEvsqr,0.7,0.45,0.0,0.0,0.25,0.5,0.25,0.0,0.0,0.0,0.25
56,16,2TVxnKdb3tqe1nhQWwwZCO,0.41,0.38,0.0,0.0,0.25,0.25,0.25,0.0,0.0,0.0,0.0
56,17,5Pj5zrq2nbKcAekH1AxbrO,0.63,0.28,0.0,0.0,0.25,0.5,0.25,0.0,0.0,0.0,0.5
56,18,7dfl9X38RhIvB3oSmmneq3,0.42,0.45,0.0,0.0,0.25,0.25,0.0,0.0,0.0,0.0,0.0
56,19,1HNkqx9Ahdgi1Ixy2xkKkL,0.68,0.61,0.0,0.0,0.25,0.25,0.0,0.0,0.25,0.0,0.0
57,0,64UioB4Nmwgn2f4cbIpAkl,0.4,0.82,0.0,0.0,0.25,0.5,0.25,0.5,0.0,0.0,0.0
57,1,5dUMh0ugelpKfoFp3qChuK,0.87,0.83,0.75,0.5,0.0,0.75,0.0,1.0,1.0,0.25,0.25
57,2,6leiB1fEsTnVCuPiielde5,0.74,0.75,0.0,0.0,0.75,0.75,0.5,0.0,0.0,0.0,0.75
57,3,4qjscZh4jfhkpcQG4ZQfi2,0.87,0.72,0.75,0.0,0.0,0.0,0.0,1.0,1.0,0.75,0.0
57,4,5VJjhHyG8NZ5xdgG6uTb3P,0.82,0.85,0.75,0.5,0.0,0.0,0.0,0.75,0.75,0.0,0.0
57,5,4lYaAFLiZMxrqHUijf83ZR,0.15,0.12,0.0,0.0,1.0,1.0,1.0,0.0,0.0,0.0,1.0
57,6,5JVlu41jJTVVD8HnkcslNZ,0.1,0.1,0.0,0.0,1.0,1.0,1.0,0.0,0.0,0.0,1.0
57,7,1AJ5F0FMTC3yFU3ocjy1gE,0.14,0.81,0.0,0.0,0.75,1.0,0.75,0.0,0.0,0.0,0.5
57,8,0DlVOdK5GJtnom4nI3EOz5,0.82,0.83,0.0,0.0,0.0,0.0,0.0,0.75,0.75,0.0,0.0
57,9,62Yu8QL1g9pdbvN4XL9Rah,0.13,0.82,0.0,0.0,1.0,0.75,0.75,0.0,0.0,0.0,0.75
57,10,4Gmkqn3V7IMTkOmmiX7cbb,0.3,0.76,0.0,0.0,0.75,0.75,0.75,0.0,0.0,0.0,0.75
57,11,2rbDhOo9Fh61Bbu23T2qCk,0.12,0.11,0.0,0.75,1.0,1.0,1.0,0.0,0.0,0.0,0.75
57,12,05rWggLwQ2weA4D2cRAt55,0.9,0.58,0.5,0.0,0.0,0.75,0.5,0.5,0.75,0.0,0.0
57,13,4sFtp3pDTJnOZfZuhY20vr,0.36,0.36,0.0,0.0,0.0,0.0,0.0,0.75,0.75,0.5,0.0
57,14,10RQKVSr4rS0coExTmi4dF,0.88,0.72,0.75,0.25,0.0,0.0,0.0,1.0,1.0,0.0,0.75
57,15,6iXQrhhgBisdfvS34EMTZ3,0.13,0.08,0.0,0.75,0.75,0.75,0.0,0.25,0.75,0.0,0.75
57,16,1qjrYozGqc7upUgfN776lZ,0.37,0.78,0.0,0.0,1.0,1.0,1.0,0.0,0.75,0.0,0.75
57,17,0S0YKiEdR9cT9pYgEaTevF,1.0,0.5,0.5,1.0,0.0,0.0,1.0,0.25,0.0,0.0,0.5
57,18,6oMZhY0f1ReI6AJDDYfuSb,0.06,0.08,0.0,0.5,1.0,1.0,1.0,0.0,0.0,0.0,1.0
57,19,1fu5IQSRgPxJL2OTP7FVLW,0.14,0.17,0.0,0.0,0.75,0.75,0.75,0.0,0.0,0.25,0.75
58,0,05RgAMGypEvqhNs5hPCbMS,0.7,0.6,0.0,0.0,0.0,0.0,0.0,0.75,0.75,0.25,0.0
58,1,0ByMNEPAPpOR5H69DVrTNy,0.41,0.54,0.0,0.0,0.25,0.0,0.25,0.0,0.75,0.0,0.0
58,2,0EANX0OVKSCcmarY50Xa4p,0.22,0.75,0.5,1.0,0.75,0.25,0.5,0.5,0.25,0.0,0.0
58,3,0Fe1qL6qvgt6m71BoUUG3V,0.14,0.54,0.0,0.0,0.5,0.25,0.25,0.0,0.0,0.0,0.25
58,4,0GONea6G2XdnHWjNZd6zt3,0.71,0.38,0.0,0.0,0.75,0.25,0.0,1.0,0.75,0.0,0.0
58,5,0No5Hr1LxZjJHGsQSTy2bm,0.39,0.9,0.0,0.0,0.75,0.0,0.75,0.5,1.0,0.0,0.0
58,6,0PdM2a6oIjqepoEfcJo0RO,0.64,0.25,0.0,0.0,0.0,0.0,0.0,0.75,0.25,0.25,0.0
58,7,0SiywuOBRcynK0uKGWdCnn,0.68,0.32,0.0,0.25,0.0,0.0,0.0,1.0,0.5,0.5,0.0
58,8,0hlou0hEfL2aS9FpJMX2OW,0.73,0.82,0.0,0.25,1.0,0.5,0.5,0.25,0.75,0.0,0.5
58,9,0mZ5GyrHG908lqrHaTw4hi,0.76,0.66,0.25,0.75,0.75,0.25,0.0,0.5,0.75,0.0,0.0
58,10,0sKlV58cODrjxGFOyf9IXY,0.86,0.62,0.0,0.0,0.0,0.0,0.0,1.0,1.0,0.25,0.0
58,11,0tzixmHNQfE6S6SirSToxW,0.38,0.77,0.25,0.5,0.5,0.0,0.25,0.5,0.5,0.0,0.0
58,12,0xpBr84T3FTm9j4D1MdPtk,0.83,0.28,0.25,0.0,0.25,0.0,0.0,0.5,1.0,0.25,0.0
58,13,15JINEqzVMv3SvJTAXAKED,1.0,0.62,0.25,0.0,0.0,0.0,0.0,1.0,1.0,0.0,0.0
58,14,18URo35acNKRTHfEdjTcGn,0.57,0.75,0.0,0.0,0.25,0.0,0.0,0.75,0.75,0.0,0.25
58,15,1AGU94UmRrDst2T9C5pEvI,0.16,1.0,0.75,1.0,1.0,0.75,1.0,0.0,0.25,0.0,0.5
58,16,1AWQoqb9bSvzTjaLralEkT,0.55,0.86,0.0,0.0,0.25,0.0,0.0,0.25,0.75,0.0,0.0
58,17,1CAO7hiNOxJRPW4nFv2aRO,0.64,0.79,0.0,0.25,1.0,0.25,0.5,0.0,0.5,0.0,0.0
58,18,1D4PL9B8gOg78jiHg3FvBb,0.4,0.69,0.0,0.0,0.75,0.75,0.25,0.0,0.5,0.0,0.25
58,19,1Ehdm1PDlKrdfyBsjwEvd1,0.45,0.9,0.0,0.75,1.0,0.25,0.75,0.0,0.25,0.0,0.25
59,0,1mKXFLRA179hdOWQBwUk9e,0.72,0.36,0.0,0.25,0.75,0.5,0.25,0.75,0.0,0.0,0.25
59,1,1vwCXIAjSkUxvn78Cmz84g,0.51,0.78,0.0,0.0,0.0,0.0,0.0,0.0,0.5,0.0,0.0
59,2,1xOXXYh6lTW8laxlW7JP2J,0.56,0.68,0.0,0.0,0.0,0.0,0.0,0.5,0.5,0.0,0.0
59,3,1xsYj84j7hUDDnTTerGWlH,0.35,0.36,0.0,0.0,0.0,0.75,0.0,0.0,0.0,0.25,0.5
59,4,2LlQb7Uoj1kKyGhlkBf9aC,0.79,0.73,0.0,0.0,0.0,0.25,0.0,0.5,0.75,0.0,0.0
59,5,2TofEeQobQ9YoK7EFds698,0.5,0.36,0.0,0.0,0.0,0.0,0.0,0.5,0.0,0.25,0.0
59,6,2Vnw8zKmjhr1jczUeaqiQg,0.68,0.7,0.0,0.0,0.0,0.25,0.0,0.75,0.5,0.0,0.0
59,7,2WOjLF83vqjit2Zh4B69V3,0.25,0.75,0.0,0.0,0.75,0.0,0.75,0.0,0.25,0.0,0.0
59,8,2aBxt229cbLDOvtL7Xbb9x,0.74,0.39,0.25,0.25,0.25,0.25,0.25,0.25,0.0,0.0,0.0
59,9,2fuCquhmrzHpu5xcA1ci9x,0.71,0.27,0.0,0.5,0.0,0.25,0.0,0.25,0.0,0.5,0.0
59,10,2fzykVsO2Di5jnofUNX3YE,0.63,0.65,0.0,0.0,0.25,0.0,0.0,0.0,0.5,0.0,0.0
59,11,2mqaYmF0XmV8egZB6jQOtN,0.71,0.82,0.0,0.0,0.0,0.0,0.0,0.5,0.75,0.0,0.0
59,12,2pX4FpOgwItRVPPUFdRcxA,0.7,0.87,0.0,0.0,0.0,0.25,0.0,0.5,0.5,0.0,0.0
59,13,2tUBqZG2AbRi7Q0BIrVrEj,0.57,0.88,0.0,0.25,0.0,0.25,0.0,0.75,0.75,0.0,0.0
59,14,3MODES4TNtygekLl146Dxd,0.61,0.61,0.0,0.0,0.0,0.0,0.0,0.25,0.25,0.0,0.0
59,15,3QIoEi8Enr9uHffwInGIsC,0.3,0.68,0.0,0.25,0.75,0.25,0.75,0.0,0.75,0.0,0.0
59,16,3VZmChrnVW8JK6ano4gSED,0.62,0.7,0.0,0.25,0.5,0.25,0.25,0.0,0.5,0.0,0.0
59,17,3g2fYZW5v2od8KIF7VktT0,0.1,0.05,1.0,1.0,0.0,0.0,1.0,0.0,0.0,0.25,0.0
59,18,3koCCeSaVUyrRo3N2gHrd8,0.71,0.84,0.0,0.0,0.0,0.0,0.0,0.5,0.75,0.0,0.0
59,19,3nAp4IvdMPPWEH9uuXFFV5,1.0,1.0,0.0,0.0,0.75,0.0,0.0,1.0,1.0,0.0,0.0
60,0,5JVlu41jJTVVD8HnkcslNZ,0.2,0.65,0.0,0.25,1.0,0.5,0.75,0.0,0.5,0.0,0.0
60,1,3x2ksaXI6EZUWidE2BiLXy,0.25,0.55,0.0,0.0,1.0,0.75,0.5,0.0,0.25,0.0,0.25
60,2,0Q3GpBYKy5Mx97TNBJVibl,0.08,0.4,0.0,0.5,0.75,1.0,0.75,0.0,0.0,0.0,0.5
60,3,2yBVeksU2EtrPJbTu4ZslK,0.61,0.61,0.0,0.0,0.5,0.0,0.25,0.0,0.75,0.0,0.0
60,4,3PzsbWSQdLCKDLxn7YZfkM,0.68,0.55,0.0,0.75,0.75,1.0,0.25,0.0,0.5,0.0,0.25
60,5,2RzJwBCXsS1VnjDm2jKKAa,0.8,0.38,0.75,0.25,0.0,0.0,0.0,0.75,0.0,0.0,0.5
60,6,4HHge4zAyIw3pkrtFzmwCl,0.46,0.3,0.0,0.0,0.5,0.75,0.25,0.0,0.0,0.0,0.5
60,7,4DphT1rljbJjbK9WdrR1zI,0.05,0.4,0.0,0.5,0.5,0.5,1.0,0.0,0.0,0.0,0.5
60,8,7iN1s7xHE4ifF5povM6A48,0.6,0.73,1.0,0.25,0.25,0.0,0.0,0.0,0.75,0.0,0.0
60,9,0rOGlWeH0drBxhO2oEvsqr,0.24,0.24,0.0,0.0,0.5,1.0,0.25,0.0,0.0,0.0,0.5
60,10,6ic8OlLUNEATToEFU3xmaH,0.9,0.4,0.75,0.0,0.0,0.0,0.0,0.75,0.25,0.75,0.0
60,11,65kp3OFn7JXbCvkm3m2Ui2,0.92,0.5,0.75,1.0,0.0,0.0,0.0,0.0,0.25,0.0,0.0
60,12,5oO3drDxtziYU2H1X23ZIp,0.94,0.7,0.5,1.0,0.5,0.25,0.0,0.5,0.25,0.0,0.0
60,13,4lnnde7PnrXR3pUzQKBe6X,0.96,0.86,0.75,0.5,0.0,0.0,0.0,1.0,0.75,0.0,0.0
60,14,77xMtm3bTqLVN6FiJurLFv,0.91,0.72,1.0,0.75,0.0,0.0,0.0,1.0,0.75,0.0,0.0
60,15,0xpBr84T3FTm9j4D1MdPtk,0.9,0.6,0.75,0.0,0.0,0.0,0.0,0.0,0.75,0.0,0.0
60,16,67eX1ovaHyVPUinMHeUtIM,0.59,0.8,0.0,0.5,0.0,0.0,0.0,0.0,0.75,0.0,0.0
60,17,144JMbvbR5txNzoZ112wo4,0.7,0.25,0.0,0.0,0.0,0.0,0.0,0.5,0.0,0.75,0.0
60,18,7vidktgNZFQylTgH1GEnMs,0.7,0.41,0.25,0.5,0.0,0.0,0.0,0.25,0.25,1.0,0.0
60,19,0NhodPAXI2erfY7rdLr3di,0.55,0.71,0.0,0.0,0.25,0.25,0.0,0.0,0.75,0.0,0.0
