spotify_id,track_title,artist_name,album_name,duration_m_s,genres
7iN1s7xHE4ifF5povM6A48,Let It Be - Remastered 2009,The Beatles,Let It Be (Remastered),4:03,"classic rock, psychedelic rock"
6dGnYIeXmHdcikdzNNDMm2,Here Comes The Sun - Remastered 2009,The Beatles,Abbey Road (Remastered),3:06,"classic rock, psychedelic rock"
4pbG9SUmWIvsROVLF0zF9s,I Want To Hold Your Hand - Remastered 2015,The Beatles,1 (Remastered),2:26,"classic rock, psychedelic rock"
3BQHpFgAp4l80e1XslIjNI,Yesterday - Remastered - Remastered 2009,The Beatles,Help! (Remastered),2:06,"classic rock, psychedelic rock"
5GjPQ0eI7AgmOnADn1EO6Q,Eleanor Rigby - Remastered 2009,The Beatles,Revolver (Remastered),2:07,"classic rock, psychedelic rock"
75zMKn5euxQdlkZgu4P42J,Sympathy For The Devil,The Rolling Stones,The Rolling Stones Singles Collection: The London Years,6:18,"classic rock, rock"
77oU2rjC5XbjQfNe3bD6so,Beast Of Burden - Remastered 1994,The Rolling Stones,Some Girls,4:25,"classic rock, rock"
744hdHz3CORMz3FcU230C4,Memory Motel - Remastered,The Rolling Stones,Black And Blue (Remastered 2009),7:08,"classic rock, rock"
0JuW3zVUYjyW5BbtXq2to6,I Am Waiting,The Rolling Stones,Aftermath,3:11,"classic rock, rock"
2TVxnKdb3tqe1nhQWwwZCO,Tiny Dancer,Elton John,Madman Across The Water,6:17,No genre info
38zsOOcu31XbbYj9BIPUF1,Your Song,Elton John,Elton John,4:01,No genre info
7HW5WIw7ZgZORCzUxv5gW5,Don't Go Breaking My Heart,Elton John,Rock Of The Westies,4:35,No genre info
0EANX0OVKSCcmarY50Xa4p,Can You Feel The Love Tonight,Elton John,The Lion King,4:00,No genre info
3qczyRtur0tILibW9rHBFA,Infinity,Mariah Carey,#1 to Infinity,4:00,christmas
2aEuXA1KswHlCGPOuPmCOW,Touch My Body,Mariah Carey,E=MC2 (Deluxe Version),3:25,christmas
2aBxt229cbLDOvtL7Xbb9x,Always Be My Baby,Mariah Carey,Daydream,4:18,christmas
4EI8VuxUuIHKfafU72emqz,We Belong Together,Mariah Carey,The Emancipation of Mimi,3:21,christmas
1z3ugFmUKoCzGsI6jdY4Ci,Like A Prayer,Madonna,Celebration (double disc version),5:42,No genre info
1ZPlNanZsJSPK5h9YZZFbZ,Like A Virgin,Madonna,Like a Virgin,3:39,No genre info
27QvYgBk0CHOVHthWnkuWt,Vogue,Madonna,Celebration (double disc version),5:17,No genre info
2fzykVsO2Di5jnofUNX3YE,Music,Madonna,Music,3:46,No genre info
4xnp5cvuGKQGwuIRHCTUzh,Till I Loved You,Barbra Streisand,Duets,4:17,adult standards
1pTGc8pwyo6xtgXBKCBcFn,Woman In Love,Barbra Streisand,Guilty,3:52,adult standards
1vZTgn4JXWMahR8r99ug5H,The Way We Were,Barbra Streisand,The Way We Were,3:31,adult standards
7qmqeHzgNQTOnl1NUgRFO4,You Don't Bring Me Flowers,Barbra Streisand & Neil Diamond,You Don't Bring Me Flowers,3:15,adult standards
7J1uxwnxfQLu4APicE5Rnj,Billie Jean,Michael Jackson,Thriller,4:54,No genre info
3BovdzfaX4jb5KFQwoPfAw,Beat It,Michael Jackson,Thriller,4:18,No genre info
2LlQb7Uoj1kKyGhlkBf9aC,Thriller,Michael Jackson,Thriller 25 Super Deluxe Edition,5:57,No genre info
7oOOI85fVQvVnK5ynNMdW7,Rock with You - Single Version,Michael Jackson,Off the Wall,3:41,No genre info
0sKlV58cODrjxGFOyf9IXY,The Way You Make Me Feel,Michael Jackson,Bad 25th Anniversary,4:58,No genre info
1P17dC1amhFzptugyAO7Il,Look What You Made Me Do,Taylor Swift,reputation,3:32,No genre info
1CiVz2WkmZRwhU3A6J2Gjz,Shake It Off,Taylor Swift,1989,3:39,No genre info
1D4PL9B8gOg78jiHg3FvBb,Love Story,Taylor Swift,Fearless (Big Machine Radio Release Special),3:55,No genre info
0V3wPSX9ygBnCm8psDIegu,Anti-Hero,Taylor Swift,Midnights,3:21,No genre info
1vwCXIAjSkUxvn78Cmz84g,Blank Space,Taylor Swift,1989,3:52,No genre info
1BxfuPKGuaTgP7aM0Bbdwr,Cruel Summer,Taylor Swift,Lover,2:58,No genre info
3NlLmKBJozwoi0k03Feb1N,Isn't She Lovely,Stevie Wonder,The Definitive Collection (Deluxe Edition),3:19,"motown, classic soul, soul"
0n2pjCIMKwHSXoYfEbYMfX,You Are The Sunshine Of My Life,Stevie Wonder,Talking Book,2:58,"motown, classic soul, soul"
2C5SI38AMmqckQGnD1H2FO,"Signed, Sealed, Delivered (I'm Yours)",Stevie Wonder,The Definitive Collection (Deluxe Edition),2:39,"motown, classic soul, soul"
1h2xVEoJORqrg71HocgqXd,Superstition - Single Version,Stevie Wonder,The Definitive Collection,4:05,"motown, classic soul, soul"
36lkJSDyMEZoWTqtRj8Q8q,You're the Inspiration - 2006 Remaster,Chicago,Chicago 17 (Expanded & Remastered),3:49,"yacht rock, soft rock"
58DXqHKK7TfxUmhCq2ux4E,Hard To Say I'M Sorry,Chicago,The Collection,3:32,"yacht rock, soft rock"
0Wv3aY6gApoT3oKBYIqvXb,Will You Still Love Me? - Alternate,Chicago,Chicago 18 (Expanded Edition),4:13,"yacht rock, soft rock"
5FoeE0CWMs0CbX0udYutDS,Look Away,Chicago,The Very Best of Chicago: Only the Beginning,4:01,"yacht rock, soft rock"
2tUBqZG2AbRi7Q0BIrVrEj,I Wanna Dance with Somebody (Who Loves Me),Whitney Houston,Whitney,4:51,No genre info
4eHbdreAnSOrDDsFfc4Fpm,I Will Always Love You,Whitney Houston,The Bodyguard - Original Soundtrack Album,4:31,No genre info
6yJxCltgtmGxIgKOS6ndnu,Greatest Love Of All,Whitney Houston,Whitney Houston,4:58,No genre info
31er9IGsfFbwqy1pH4aiTP,I Have Nothing,Whitney Houston,The Bodyguard - Original Soundtrack Album,4:49,No genre info
1H4idkmruFoJBg1DvUv2tY,Band On The Run - Remastered 2010,Paul McCartney,Band On The Run,5:13,No genre info
1SV1fxF65n9NhRHp3KlBuu,Wonderful Christmastime - Remastered 2011 / Edited Version,Paul McCartney,McCartney II (Special Edition),3:48,No genre info
1Qa0Y05al633fG8f9Peytc,Maybe I'm Amazed - Remastered 2011,Paul McCartney,McCartney (Archive Collection),3:50,No genre info
1db0gbTSKdRQum8VlbNkiO,Say Say Say - Remastered 2015,Paul McCartney,Pipes Of Peace (Remastered 2015),3:56,No genre info
3oevkC3HQ2sxTwJ394MROY,My Love,Paul McCartney,All The Best (UK Version),4:08,No genre info
452KBpASS5lZLeJWX9Ixub,Jailhouse Rock,Elvis Presley,Platinum - A Life In Music,2:26,"rockabilly, rock and roll"
44AyOl4qVkzS48vBsbNXaC,Can't Help Falling in Love,Elvis Presley,Blue Hawaii,3:02,"rockabilly, rock and roll"
1H5IfYyIIAlgDX8zguUzns,Suspicious Minds,Elvis Presley,From Elvis in Memphis,4:21,"rockabilly, rock and roll"
64Ny7djQ6rNJspquof2KoX,Hound Dog,Elvis Presley,Elvis' Golden Records,2:16,"rockabilly, rock and roll"
7zMUCLm1TN9o9JlLISztxO,Burning Love,Elvis Presley,Elvis (Fool),2:50,"rockabilly, rock and roll"
2yOm4lN7aTygtXanJFNFWU,"Any Time, Any Place",Janet Jackson,Janet,7:08,new jack swing
29rQJydAlO0uMyWvRIZxQg,That's The Way Love Goes,Janet Jackson,Janet,4:25,new jack swing
5vywtoD7fO1CP0B2wtm6I6,Control,Janet Jackson,Control,5:53,new jack swing
5EBWCGlCn65HM8Hglrc5V1,Come Back To Me,Janet Jackson,Rhythm Nation 1814,5:33,new jack swing
4z7maGZkAonDlXlwo8q69f,Da Ya Think I'm Sexy,Rod Stewart,Blondes Have More Fun,5:31,soft rock
6rovOdp3HgK1DeAMYDzoA7,Maggie May,Rod Stewart,Every Picture Tells A Story,5:50,soft rock
6sBA8b9bT8Z8G8TkVDvNTK,Young Turks,Rod Stewart,Tonight I'm Yours (Expanded Edition),5:02,soft rock
4lsEHglVsLzILTDQ3CNESV,All for Love,Rod Stewart,If We Fall in Love Tonight,4:41,soft rock
6LxSe8YmdPxy095Ux6znaQ,Headlines,Drake,Take Care (Deluxe),3:55,rap
1zi7xx7UVEFkmKfv06H8x0,One Dance,Drake,Views,2:53,rap
5mCPDVBb16L4XQwDdbRUpz,Passionfruit,Drake,More Life,4:58,rap
3XLSlQLJf3Ut0zvMUxnF1h,Houstatlantavegas,Drake,So Far Gone,4:51,rap
6FMIVQPZg9cmMY8hPxAacD,Let's Go Crazy,Prince,Purple Rain,4:39,"funk, funk rock"
62LJFaYihsdVrrkgUOJC05,Kiss,Prince,Parade - Music from the Motion Picture Under the Cherry Moon,3:46,"funk, funk rock"
6sby78fghipoXHQLeeZFFH,When Doves Cry,Prince,Purple Rain,5:54,"funk, funk rock"
3QszJeuSyyZQmD9pY1tqpo,I Would Die 4 U,Prince,Purple Rain,2:50,"funk, funk rock"
6qn9YLKt13AGvpq9jfO8py,We Found Love,Rihanna,Talk That Talk,3:35,edm
5oO3drDxtziYU2H1X23ZIp,Love On The Brain,Rihanna,ANTI (Deluxe),3:44,No genre info
2Yy0FsAV2I5VXU4xpph2WN,Stay,Rihanna,Unapologetic (Edited Version),4:01,No genre info
49FYlytm3dAAraYgpoJZux,Umbrella,Rihanna,Good Girl Gone Bad: Reloaded,4:36,"hip hop, east coast hip hop, rap"
0ByMNEPAPpOR5H69DVrTNy,Don't Stop The Music,Rihanna,Good Girl Gone Bad: Reloaded,4:27,No genre info
2ENexcMEMsYk0rVJigVD3i,Only Girl (In The World),Rihanna,Loud,3:55,No genre info
1xOXXYh6lTW8laxlW7JP2J,Only the Good Die Young,Billy Joel,The Stranger (Legacy Edition),3:55,soft rock
64UioB4Nmwgn2f4cbIpAkl,It's Still Rock and Roll to Me,Billy Joel,Glass Houses,2:56,soft rock
4ZoBC5MhSEzuknIgAkBaoT,My Life,Billy Joel,52nd Street,4:44,soft rock
5zA8vzDGqPl2AzZkEYQGKh,Uptown Girl,Billy Joel,An Innocent Man,3:17,soft rock
5A6Jbi90K8s9ge8BVh15ga,Shallow,Garth Brooks,Shallow,3:42,"country, classic country"
4Y8EyXnq5CLR8A7EHXxx7L,Where Your Road Leads,Garth Brooks,Where Your Road Leads,3:27,"classic country, country"
4W0pzgxtVud25lXyfnfxDC,If Tomorrow Never Comes - Live,Garth Brooks,The Kings of Country (Live),3:41,"classic country, country"
3CifrcOH0P7cMwEInwBcIN,Spanish Flea,Herb Alpert,Without Her,2:07,No genre info
54536WVYAqiNf2N2SfBMGk,A Taste Of Honey,Herb Alpert,Without Her,2:44,No genre info
3S94k75DXrZI7OX3c9KPfr,This Guy's In Love With You,Herb Alpert,Without Her,4:01,No genre info
0NhodPAXI2erfY7rdLr3di,Tijuana Taxi,Herb Alpert,Without Her,2:06,No genre info
7Ie9W94M7OjPoZVV216Xus,Not Afraid,Eminem,Recovery,4:08,"rap, hip hop"
15JINEqzVMv3SvJTAXAKED,Love The Way You Lie,Eminem,Recovery,4:23,"rap, hip hop"
3yfqSUWxFvZELEM4PmlwIR,The Real Slim Shady,Eminem,The Marshall Mathers LP,4:44,"rap, hip hop"
4xkOaSrkexMciUUogZKVTS,Till I Collapse,Eminem,The Eminem Show,4:58,"rap, hip hop"
7J41dYQolQJEtj3UmKLu5r,U Got It Bad,Usher,8701,4:08,r&b
2QsZVnbWVSjKMXK6K3uRBL,U Remind Me,Usher,8701,4:27,r&b
5rb9QrpfcKFHM1EUbSIurX,Yeah! (feat. Lil Jon & Ludacris),Usher,Confessions (Expanded Edition),4:10,r&b
68vgtRHr7iZHpzGpon6Jlo,My Boo,Usher & Alicia Keys,Confessions (Expanded Edition),3:43,r&b
2mOGLiSTUeki1l9t1BBNRQ,If I Should Fall Behind,Bruce Springsteen,Lucky Town,2:58,No genre info
7FwBtcecmlpc1sLySPXeGE,Dancing In The Dark,Bruce Springsteen,Born In The U.S.A.,4:01,No genre info
3PzsbWSQdLCKDLxn7YZfkM,I'm On Fire,Bruce Springsteen,Born In The U.S.A.,2:36,No genre info
0dOg1ySSI7NkpAe89Zo0b9,Born in the U.S.A.,Bruce Springsteen,Born In The U.S.A.,4:38,No genre info
62AuGbAkt8Ox2IrFFb8GKV,Sweet Caroline,Neil Diamond,Sweet Caroline,3:24,No genre info
5pkd9ib1RgbkAd1R9bIOCa,Cracklin' Rosie - Single Version,Neil Diamond,Tap Root Manuscript,3:00,No genre info
4wOKTOwGVrie2GIbCMEe7U,I Am Said - Single Version,Neil Diamond,Stones,3:33,No genre info
1K1nzhbKCNmrNXi9B07mPF,Forever In Blue Jeans,Neil Diamond,You Don't Bring Me Flowers,3:38,No genre info
1OppEieGNdItZbE14gLBEv,You Can't Hurry Love,The Supremes,The Supremes A' Go-Go (Expanded Edition),2:48,"motown, northern soul, classic soul, soul"
5uES1C2NgkdrNHiCwf9jRr,Baby Love,The Supremes,Where Did Our Love Go,2:38,"motown, northern soul, classic soul, soul"
69RH84na5iUNwrwxpgjC5j,Where Did Our Love Go,The Supremes,Where Did Our Love Go,2:33,"motown, northern soul, classic soul, soul"
52FlwUMMDnTK8TGkCag9Jd,Stop! In The Name Of Love,The Supremes,More Hits By The Supremes,2:53,"motown, northern soul, classic soul, soul"
40riOy7x9W7GXjyGp4pjAv,Hotel California - 2013 Remaster,Eagles,Hotel California (2013 Remaster),6:31,"classic rock, yacht rock, soft rock"
4yugZvBYaoREkJKtbG08Qr,Take It Easy - 2013 Remaster,Eagles,Eagles (2013 Remaster),3:32,"classic rock, yacht rock, soft rock"
2TjnCxxQRYn56Ye8gkUKiW,Desperado - 2013 Remaster,Eagles,Desperado (2013 Remaster),3:34,"classic rock, yacht rock, soft rock"
3QIoEi8Enr9uHffwInGIsC,Please Come Home For Christmas - 2013 Remaster,Eagles,Please Come Home for Christmas / Funky New Year (2013 Remaster),2:57,"classic rock, yacht rock, soft rock"
3mRM4NM8iO7UBqrSigCQFH,Stayin' Alive,Bee Gees,Greatest,4:45,disco
2JoZzpdeP2G6Csfdq5aLXP,How Deep Is Your Love,Bee Gees,Greatest,4:05,disco
5KgbyD2lQQlIupAaPjgiXg,Night Fever,Bee Gees,Greatest,3:32,disco
0mbS3VwRbO6HVBMPXnzOGA,To Love Somebody,Bee Gees,Bee Gees' 1st,3:02,disco
1AJ5F0FMTC3yFU3ocjy1gE,Surfer Girl - Remastered 2001,The Beach Boys,Surfer Girl (Remastered),2:29,baroque pop
4IHc6SzGPnzSPuHVEPzpJc,Wouldn't It Be Nice,The Beach Boys,Pet Sounds,2:33,baroque pop
5qHYXcVvc9xsFB2uH7GpMN,Kokomo,The Beach Boys,The Very Best Of The Beach Boys: Sounds Of Summer,3:37,baroque pop
5t9KYe0Fhd5cW6UYT4qP8f,Good Vibrations - Remastered 2001,The Beach Boys,Smiley Smile (Remastered),3:38,baroque pop
07GvNcU1WdyZJq3XxP0kZa,Go Your Own Way - 2004 Remaster,Fleetwood Mac,Rumours,3:44,"classic rock, yacht rock, soft rock"
0ofHAoxe9vBkTCp2UQIavz,Dreams - 2004 Remaster,Fleetwood Mac,Rumours (Super Deluxe),4:17,"classic rock, yacht rock, soft rock"
5ihS6UUlyQAfmp48eSkxuQ,Landslide,Fleetwood Mac,Fleetwood Mac,3:19,"classic rock, yacht rock, soft rock"
19Shlms2uTnOjIUg50TXzd,Never Going Back Again - 2004 Remaster,Fleetwood Mac,Rumours (Super Deluxe),2:14,"classic rock, yacht rock, soft rock"
4YMQXzscifAREG0a7KNGhB,Black Magic Woman - Single Version,Santana,Santana's Greatest Hits,3:16,No genre info
2pX4FpOgwItRVPPUFdRcxA,Smooth,Santana,Supernatural (Legacy Edition),4:55,No genre info
41IShViF79gmulEkIHAjcb,The Game of Love - Main / Radio Mix,Santana,Shaman,4:14,No genre info
7ptdX6yHWePemlp0TuOhK5,Into the Night,Santana,Splendiferous Santana,3:42,No genre info
745H5CctFr12Mo7cqa1BMH,My Girl,The Temptations,The Temptations Sing Smokey,2:45,"motown, classic soul, soul"
676Rf0qIOh2gKNEl9TnCOx,Get Ready,The Temptations,Gettin' Ready (Expanded Edition),2:44,"motown, classic soul, soul"
39Bd345OWEhRNyfayhp9gv,Just My Imagination (Running Away With Me),The Temptations,Sky's The Limit,3:48,"motown, classic soul, soul"
6aL6pPBaTMGgM558mplSnj,I Can't Get Next To You,The Temptations,Puzzle People,2:55,"motown, classic soul, soul"
33LC84JgLvK2KuW43MfaNq,"My Heart Will Go On - Love Theme from ""Titanic""",Celine Dion,Let's Talk About Love,4:40,vari茅t茅 fran莽aise
28UMiBhn383n9S7GL4tsxD,"Because You Loved Me (Theme from ""Up Close and Personal"")",Celine Dion,Falling into You,4:33,vari茅t茅 fran莽aise
5kK1Iru9ogP3Iy1zsANU1n,The Power of Love,Celine Dion,The Colour Of My Love,5:42,vari茅t茅 fran莽aise
2FTZeRHQ4gRPViPMpWL9uX,I'm Alive,Celine Dion,A New Day Has Come,3:30,vari茅t茅 fran莽aise
0gsl92EMIScPGV1AU35nuD,All By Myself,Celine Dion,Falling into You,5:12,vari茅t茅 fran莽aise
6cLEpgDcEldV1n9gusHQUX,"Do Right Woman, Do Right Man",Aretha Franklin,I Never Loved a Man the Way I Love You,3:17,"soul, motown, classic soul, jazz blues"
4VijLEUxHEzbWKYL5u9wuN,You Send Me,Aretha Franklin,Aretha Now,2:30,"soul, motown, classic soul, jazz blues"
5K09WxKdlkroDyEVyOSySy,(You Make Me Feel Like) A Natural Woman,Aretha Franklin,Lady Soul (With Bonus Selections),2:45,"soul, motown, classic soul, jazz blues"
7L4G39PVgMfaeHRyi1ML7y,Day Dreaming,Aretha Franklin,"Young, Gifted and Black",4:00,"soul, motown, classic soul, jazz blues"
5Gq5Ozgqqti42kNLVRfkRt,Rich Girl,Daryl Hall & John Oates,"Rock 'N Soul, Part 1 (Expanded Edition)",2:23,"yacht rock, soft rock"
4o6BgsqLIBViaGVbx5rbRk,You Make My Dreams (Come True),Daryl Hall & John Oates,Voices,3:11,"yacht rock, soft rock"
1qjrYozGqc7upUgfN776lZ,Sara Smile,Daryl Hall & John Oates,Daryl Hall & John Oates (The Silver Album),3:05,"yacht rock, soft rock"
0j3QN4uiMdf8gI12JATZ9B,You've Lost That Lovin' Feeling,Daryl Hall & John Oates,Voices,4:36,"yacht rock, soft rock"
7j4OmvkjRz0PrjFADlHfQx,Set Fire to the Rain,Adele,21,4:02,soft pop
6IAZHEBUIGJ6NJKxxOBIEr,Rolling in the Deep,Adele,21,3:48,soft pop
5lkpeJwmQKgY3bX2zChjxX,Someone Like You,Adele,21,4:45,soft pop
1Yk0cQdMLx5RzzFTYwmuld,Hello,Adele,25,4:55,soft pop
273QnyCvJB65rScHJ1nPZb,Make You Feel My Love,Adele,19,3:32,soft pop
6O5TrlFWTYvznd9fMC0VvU,When We Were Young,Adele,25,4:51,soft pop
6VObnIkLVruX4UVyxWhlqm,Skyfall,Adele,Skyfall,4:46,soft pop
2KzV3VG27vIp7roOS3N4kX,One And Only,Adele,21,5:48,soft pop
0TwBtDAWpkpM3srywFVOV5,Crazy In Love (feat. JAY-Z),Beyonce,Dangerously In Love,3:55,"hip hop, east coast hip hop, rap"
5mMjkxGijQB4JZallYrkOW,Single Ladies (Put a Ring on It),Beyonce,I AM...SASHA FIERCE,3:13,No genre info
2MfOcbtgz2yTsiznFmVZUN,Halo,Beyonce,I AM...SASHA FIERCE,4:21,No genre info
0K7wIocSvzcRISpssBUzfZ,If I Were a Boy,Beyonce,I AM...SASHA FIERCE,4:09,No genre info
1kgdslQYmeTR4thk9whoRw,Tears In Heaven,Eric Clapton,Rush (Music from the Motion Picture Soundtrack),4:32,"blues, blues rock, classic rock"
0zxj7dVhYZq5ACyaDx5XIo,Layla - Acoustic Live,Eric Clapton,Unplugged (Live),4:49,"blues, blues rock, classic rock"
2udGjDmpK1dH9VGyw7nrei,Cocaine,Eric Clapton,Slowhand 35th Anniversary,3:42,"blues, blues rock, classic rock"
6zC0mpGYwbNTpk9SKwh08f,Wonderful Tonight,Eric Clapton,Slowhand 35th Anniversary (Super Deluxe),3:45,"blues, blues rock, classic rock"
4czNORk5MjW5WOn98bki32,All Night Long (All Night) - Single Version,Lionel Richie,Back To Front,4:20,motown
0snPJPxkk0MbTc0xeUvAPt,Dancing On The Ceiling,Lionel Richie,Dancing On The Ceiling (Expanded Edition),4:31,motown
6HPLeKiNm92RbykX2BDTUB,Stuck On You,Lionel Richie,Can't Slow Down,3:15,motown
17CPezzLWzvGfpZW6X8XT0,"Say You, Say Me",Lionel Richie,Dancing On The Ceiling (Expanded Edition),4:01,motown
78lgmZwycJ3nzsdgmPPGNx,Immigrant Song - Remaster,Led Zeppelin,Led Zeppelin III (Remaster),2:26,"classic rock, rock, hard rock, rock and roll"
5CQ30WqJwcep0pYcV4AMNc,Stairway to Heaven - Remaster,Led Zeppelin,Led Zeppelin IV (Deluxe Edition),8:02,"classic rock, rock, hard rock, rock and roll"
0hCB0YR03f6AmQaHbwWDe8,Whole Lotta Love - 1990 Remaster,Led Zeppelin,Led Zeppelin II (1994 Remaster),5:33,"classic rock, rock, hard rock, rock and roll"
3MODES4TNtygekLl146Dxd,Ramble On - 1990 Remaster,Led Zeppelin,Led Zeppelin II (1994 Remaster),4:23,"classic rock, rock, hard rock, rock and roll"
3qT4bUD1MaWpGrTwcvguhb,Black Dog - Remaster,Led Zeppelin,Led Zeppelin IV (Deluxe Edition),4:55,"classic rock, rock, hard rock, rock and roll"
6SKwQghsR8AISlxhcwyA9R,Marry You,Bruno Mars,Doo-Wops & Hooligans,3:50,No genre info
3w3y8KPTfNeOKPiqUTakBh,Locked Out Of Heaven,Bruno Mars,Unorthodox Jukebox,3:53,No genre info
0nJW01T7XtvILxQgC5J7Wh,When I Was Your Man,Bruno Mars,Unorthodox Jukebox,3:33,No genre info
47Slg6LuqLaX0VodpSCvPt,Just the Way You Are,Bruno Mars,Doo-Wops & Hooligans,3:40,No genre info
4J0DbyODwZJcmIAiTSJfMF,Annie's Song,John Denver,Back Home Again,3:01,folk
1ne9wOtDF2jM6Cm8WBkaER,Rocky Mountain High,John Denver,Rocky Mountain High,4:44,folk
69HICMmc6nNLucAx3aJX9M,Thank God I'm a Country Boy,John Denver,Back Home Again,3:13,folk
1YYhDizHx7PnDhAhko6cDS,"Take Me Home, Country Roads - Original Version (Remastered)",John Denver,"Poems, Prayers and Promises",3:10,folk
3D8dwH690MXQRhtIZTSS9c,"Leaving, on a Jet Plane - ""Greatest Hits"" Version",John Denver,John Denver's Greatest Hits,4:06,folk
6ECp64rv50XVz93WvxXMGF,This Love,Maroon 5,Songs About Jane: 10th Anniversary Edition,3:26,pop
1XGmzt0PVuFgQYYnV2It7A,Payphone,Maroon 5,Overexposed Track By Track,3:51,pop
4BTsEp2tjLdQZcLiI2OT4E,Maps,Maroon 5,V (Deluxe),3:10,pop
6eV7eK07znOHcKz3bzEmpS,Sugar,Maroon 5,V Japan Special Edition,3:55,pop
0B9x2BRHqj3Qer7biM3pU3,"You're The One That I Want - From ""Grease""",Olivia Newton-John,Grease (The Original Motion Picture Soundtrack),2:50,musicals
5BUq9bdtsm3LWw5laJeJ4R,"Hopelessly Devoted To You - From ""Grease""",Olivia Newton-John,Grease (The Original Motion Picture Soundtrack),3:05,No genre info
0v1XpBHnsbkCn7iJ9Ucr1l,It's My Life,Bon Jovi,Crush,3:44,"glam metal, rock"
0ee1DiZF94NSqqpG0XHUzH,Livin' On A Prayer,Bon Jovi,Slippery When Wet (Deluxe Edition),4:09,"glam metal, rock"
2TofEeQobQ9YoK7EFds698,You Give Love A Bad Name,Bon Jovi,Slippery When Wet (Deluxe Edition),3:43,"glam metal, rock"
6MjfEIHOMW6MaDO3LpFcmW,In The Air Tonight - 2015 Remastered,Phil Collins,Face Value (2016 Remaster),5:36,soft rock
4YwbSZaYeYja8Umyt222Qf,You Can't Hurry Love - 2016 Remastered,Phil Collins,"Hello, I Must Be Going! (Deluxe Edition)",2:56,soft rock
1NCuYqMc8hKMb4cpNTcJbD,Another Day In Paradise - 2016 Remastered,Phil Collins,...But Seriously (Deluxe Edition),5:22,soft rock
3pbtBomO4Zt5gGiqsYeiBH,Upside Down,Diana Ross,Diana,4:06,"motown, disco"
3SnGymj6ijE2iuUfWxLo1q,I'm Coming Out,Diana Ross,Diana,5:23,"motown, disco"
6HSXNV0b4M4cLJ7ljgVVeh,Knockin' On Heaven's Door,Bob Dylan,Pat Garrett & Billy The Kid (Soundtrack From The Motion Picture),2:30,"folk rock, folk, singer-songwriter, roots rock, country rock"
3AhXZa8sUQht0UEdBJgpGc,Like a Rolling Stone,Bob Dylan,Highway 61 Revisited,6:10,"folk rock, folk, singer-songwriter, roots rock, country rock"
3RkQ3UwOyPqpIiIvGVewuU,Mr. Tambourine Man,Bob Dylan,Bringing It All Back Home,5:31,"folk rock, folk, singer-songwriter, roots rock, country rock"
2WOjLF83vqjit2Zh4B69V3,"Don't Think Twice, It's All Right",Bob Dylan,The Freewheelin' Bob Dylan,3:37,"folk rock, folk, singer-songwriter, roots rock, country rock"
43btz2xjMKpcmjkuRsvxyg,Jack & Diane,John Mellencamp,American Fool,4:14,classic rock
67eX1ovaHyVPUinMHeUtIM,Hurts So Good,John Mellencamp,American Fool,3:39,classic rock
2HsjJJL4DhPCzMlnaGv7ap,Small Town,John Mellencamp,Scarecrow,3:42,classic rock
1gT5TGwbkkkUliNzHRIGi1,4:44,JAY-Z,4:44,4:44,"hip hop, east coast hip hop, rap"
2igwFfvr1OAGX9SKDCPBwO,Empire State Of Mind,JAY-Z,The Blueprint 3,4:37,"hip hop, east coast hip hop, rap"
1auxYwYrFRqZP7t3s7w4um,Ni**as In Paris,JAY-Z,Watch The Throne,3:39,"hip hop, east coast hip hop, rap"
2Vnw8zKmjhr1jczUeaqiQg,"Hot Stuff - 12"" Version",Donna Summer,Bad Girls (Deluxe Edition),6:47,"disco, hi-nrg"
1ibRqifchaAfeNdQGpbRVW,Bad Girls,Donna Summer,Bad Girls,4:55,"disco, hi-nrg"
0gmbgwZ8iqyMPmXefof8Yf,How You Remind Me,Nickelback,Silver Side Up,3:43,"post-grunge, rock"
1jq28NGw6wdtFKx8MBPy6C,Burn it to the Ground,Nickelback,Dark Horse,3:32,"post-grunge, rock"
05tlUh0E6IFks9sCQguQKN,Rockstar - 2020 Remaster,Nickelback,All The Right Reasons (15th Anniversary Expanded Edition),4:15,"post-grunge, rock"
05rWggLwQ2weA4D2cRAt55,Far Away - 2020 Remaster,Nickelback,All The Right Reasons (15th Anniversary Expanded Edition),3:58,"post-grunge, rock"
4Gmkqn3V7IMTkOmmiX7cbb,On Bended Knee,Boyz II Men,II,5:30,"new jack swing, r&b, quiet storm"
3l3xTXsUXeWlkPqzMs7mPD,End Of The Road,Boyz II Men,Cooleyhighharmony (Bonus Tracks Version),5:51,"new jack swing, r&b, quiet storm"
7dfl9X38RhIvB3oSmmneq3,I'll Make Love To You,Boyz II Men,II,3:56,"new jack swing, r&b, quiet storm"
3wM6RTAnF7IQpMFd7b9ZcL,Yesterday Once More,Carpenters,Now & Then (Reissue),3:54,"christmas, adult standards"
1Ehdm1PDlKrdfyBsjwEvd1,Top Of The World,Carpenters,A Song For You,2:59,"christmas, adult standards"
42CX3VhPsCG75BFp07r9Vj,I Won't Last A Day Without You,Carpenters,A Song For You,3:53,"christmas, adult standards"
7nXZCcFAy1oCKQG2SqLszv,We've Only Just Begun,Carpenters,Close To You,3:05,"christmas, adult standards"
50kpGaPAhYJ3sGmk6vplg0,Love Yourself,Justin Bieber,Purpose (Deluxe),3:53,No genre info
09CtPGIpYB4BrO8qb1RGsF,Sorry,Justin Bieber,Purpose (Deluxe),3:20,No genre info
6epn3r7S14KUqlReYr77hA,Baby,Justin Bieber,My World 2.0,3:34,southern hip hop
6QFCMUUq1T2Vf5sFUXcuQ7,Beauty And A Beat,Justin Bieber,Believe,3:48,No genre info
7so0lgd0zP2Sbgs2d7a1SZ,Die With A Smile,Lady Gaga,MAYHEM,4:12,"art pop, pop"
1QV6tiMFM6fSOKOGLMHYYg,Poker Face,Lady Gaga,The Fame,3:57,"art pop, pop"
2rbDhOo9Fh61Bbu23T2qCk,Always Remember Us This Way,Lady Gaga,A Star Is Born Soundtrack (Without Dialogue),3:30,"art pop, pop"
0SiywuOBRcynK0uKGWdCnn,Bad Romance,Lady Gaga,The Fame Monster (Deluxe Edition),4:54,"art pop, pop"
7vidktgNZFQylTgH1GEnMs,Cold as Ice,Foreigner,Foreigner (Expanded),3:23,"aor, classic rock"
2OgVsp77En2nju8pnCieVU,Waiting For A Girl Like You,Foreigner,4 (Expanded),4:52,"aor, classic rock"
1JLn8RhQzHz3qDqsChcmBl,I Want To Know What Love Is - 1999 Remaster,Foreigner,Agent Provocateur,5:05,"aor, classic rock"
00qOE7OjRl0BpYiCiweZB2,Juke Box Hero,Foreigner,4 (Expanded),4:20,"aor, classic rock"
6ic8OlLUNEATToEFU3xmaH,Gimme More,Britney Spears,Blackout,4:11,pop
6I9VzXrHxO9rA9A5euc8Ak,Toxic,Britney Spears,In The Zone,3:18,pop
0Qh38w01QRXK6KHIv0e3hb,What About Us,P!nk,Beautiful Trauma,4:29,No genre info
1mKXFLRA179hdOWQBwUk9e,Just Give Me a Reason (feat. Nate Ruess),P!nk,The Truth About Love,4:02,No genre info
1jF7IL57ayN4Ity3jQqGu0,Try,P!nk,The Truth About Love,4:08,No genre info
3XVBdLihbNbxUwZosxcGuJ,If I Ain't Got You,Alicia Keys,The Diary Of Alicia Keys,3:48,"r&b, neo soul"
0mZ5GyrHG908lqrHaTw4hi,No One,Alicia Keys,No One (Remixes),4:13,"r&b, neo soul"
77xMtm3bTqLVN6FiJurLFv,Girl On Fire,Alicia Keys,Alicia Keys in Tokyo 2025,3:44,"r&b, neo soul"
1htQDV8JxSuXG2QsNj5ttr,Last Friday Night (T.G.I.F.),Katy Perry,Teenage Dream,3:50,pop
4jbmgIyjGoXjY01XxatOx6,Dark Horse,Katy Perry,PRISM,3:36,pop
2009X8GyWTqyxIdzAEYW6N,The One That Got Away,Katy Perry,Teenage Dream,3:47,pop
1y4eb6hmAvsqlDOl3fx9kk,Hot N Cold,Katy Perry,One Of The Boys,3:40,pop
3E7dfMvvCLUddWissuqMwr,Party In The U.S.A.,Miley Cyrus,The Time Of Our Lives (International Version),3:22,No genre info
7DSAEUvxU8FajXtRloy8M0,Flowers,Miley Cyrus,Endless Summer Vacation,3:21,No genre info
1daDRI9ahBonbWD8YcxOIB,Angels Like You,Miley Cyrus,Plastic Hearts,3:16,No genre info
2vwlzO0Qp8kfEtzTsCXfyE,Wrecking Ball,Miley Cyrus,Bangerz (Deluxe Version),3:41,No genre info
3qI94hINNNeb4S7xQi18lS,Blame It on the Boogie,The Jacksons,Destiny,3:34,"disco, motown, philly soul"
3kXoKlD84c6OmIcOLfrfEs,September,"Earth, Wind & Fire",September (sped up + slowed),3:36,"funk, disco"
3koCCeSaVUyrRo3N2gHrd8,Let's Groove,"Earth, Wind & Fire",Raise!,5:39,"funk, disco"
7tqhbajSfrz2F7E1Z75ASX,Ain't No Mountain High Enough,Marvin Gaye,United,2:32,"motown, classic soul, soul, northern soul, quiet storm"
3VZmChrnVW8JK6ano4gSED,Sexual Healing,Marvin Gaye,Midnight Love,3:59,"motown, classic soul, soul, northern soul, quiet storm"
6ADSaE87h8Y3lccZlBJdXH,With Or Without You,U2,The Joshua Tree (Super Deluxe),4:56,rock
6wpGqhRvJGNNXwWlPmkMyO,I Still Haven't Found What I'm Looking For,U2,The Joshua Tree (Super Deluxe),4:37,rock
0gzqZ9d1jIKo9psEIthwXe,Beautiful Day,U2,All That You Can't Leave Behind,4:08,rock
3zxklD2EGecZre9MjEEvIU,Blue Bayou,Linda Ronstadt,Simple Dreams,3:59,"country rock, mariachi"
5z3ZDMP02xF33yCvPFnct3,Don't Know Much (with Aaron Neville),Linda Ronstadt,Cry Like a Rainstorm Howl Like the Wind,3:32,"country rock, mariachi"
7N3PAbqfTjSEU1edb2tY8j,Jump - 2015 Remaster,Van Halen,1984 (Remastered),4:01,"glam metal, classic rock, rock, hard rock"
05RgAMGypEvqhNs5hPCbMS,Panama - 2015 Remaster,Van Halen,1984 (Remastered),3:30,"glam metal, classic rock, rock, hard rock"
6UBjSnyP1O5W5ndJoO9vUk,Night Moves,Bob Seger,Night Moves,5:24,classic rock
1Ryxsiacu8pUXIMCVnIQ8J,Still The Same,Bob Seger,Stranger In Town,3:24,classic rock
5EOoMWIB9iK4ZpcSex9Ec7,Old Time Rock & Roll,Bob Seger,Stranger In Town,3:14,classic rock
1SWmFiFSIBoDbQJjNKC7SR,Against The Wind,Bob Seger,Against The Wind,5:34,classic rock
5qlJg0Wbj3sslxfwiaRNpq,"I Don't Want To Miss A Thing - From ""Armageddon"" Soundtrack",Aerosmith,I Don't Want To Miss A Thing EP,4:59,"classic rock, rock"
1xsYj84j7hUDDnTTerGWlH,Dream On,Aerosmith,Aerosmith,4:27,"classic rock, rock"
3QxKpdTB8ZSFn8MGeCCpsQ,Crazy,Aerosmith,Get A Grip,5:17,"classic rock, rock"
4JfuiOWlWCkjP6OKurHjSn,Walk This Way,Aerosmith,Toys In The Attic,3:40,"classic rock, rock"
0xmjwnQ3FNE6HuWCt2nHdZ,Where Is The Love?,The Black Eyed Peas,Elephunk,4:33,No genre info
4kLLWz7srcuLKA7Et40PQR,I Gotta Feeling,The Black Eyed Peas,THE E.N.D. (THE ENERGY NEVER DIES) [Deluxe Version],4:49,No genre info
3F9ByoUqu31xU0I3G5xfVg,Meet Me Halfway,The Black Eyed Peas,THE E.N.D. (THE ENERGY NEVER DIES) [Deluxe Version],4:44,No genre info
3ZdJffjzJWFimSQyxgGIxN,Just A Dream,Nelly,5.0,3:57,No genre info
1mExCoXAGKI6abLGXoG7O3,Die a Happy Man,Nelly,Die a Happy Man,3:34,No genre info
4sFtp3pDTJnOZfZuhY20vr,Wadsyaname - Dirty Edit,Nelly,Wadsyaname,4:06,No genre info
1qhp5owrFGeZ5Jgin28nwR,You've Got a Friend,Carole King,Tapestry,5:09,"singer-songwriter, folk rock"
12q3V8ShACq2PSWINMc2rC,It's Too Late,Carole King,Tapestry,3:53,"singer-songwriter, folk rock"
4HHge4zAyIw3pkrtFzmwCl,So Far Away,Carole King,Tapestry,3:56,"singer-songwriter, folk rock"
1BWsOxeMx83OrKGCV4gxly,I Feel the Earth Move,Carole King,Tapestry,2:59,"singer-songwriter, folk rock"
1AWQoqb9bSvzTjaLralEkT,Rock Your Body,Justin Timberlake,Justified,4:27,No genre info
4rHZZAmHpZrA3iH5zx8frV,Mirrors,Justin Timberlake,The 20/20 Experience (Deluxe Version),8:04,No genre info
6JV2JOEocMgcZxYSZelKcc,"CAN'T STOP THE FEELING! (from DreamWorks Animation's ""TROLLS"")",Justin Timberlake,"CAN'T STOP THE FEELING! (from DreamWorks Animation's ""TROLLS"")",3:58,No genre info
0O45fw2L5vsWpdsOdXwNAR,SexyBack (feat. Timbaland),Justin Timberlake,FutureSex/LoveSounds,4:02,No genre info
3G7tRC24Uh09Hmp1KZ7LQ2,I'm a Believer - 2006 Remaster,The Monkees,More of The Monkees (Deluxe Edition),2:47,No genre info
7uEcCGtM1FBBGIhPozhJjv,Daydream Believer,The Monkees,"The Birds, The Bees, & The Monkees",3:00,No genre info
1XxRYmDKuABtbtCozx3pA2,Me & Magdalena,The Monkees,Good Times! (Deluxe Edition),3:32,No genre info
5KqldkCunQ2rWxruMEtGh0,The Gambler,Kenny Rogers,The Gambler,3:35,"country, classic country"
4mnOVRRXsaqg9Nb041xR8u,Islands In The Stream,Kenny Rogers,Dolly,4:09,"country, classic country"
0JkIre0YxNmKGMU5V7ZiDx,Coward Of The County,Kenny Rogers,Kenny,4:19,"country, classic country"
5Pj5zrq2nbKcAekH1AxbrO,Lady,Kenny Rogers,Daytime Friends: The Very Best Of Kenny Rogers,3:52,"country, classic country"
4KfSdst7rW39C0sfhArdrz,Barracuda,Heart,Little Queen,4:21,"classic rock, aor, rock"
5YjKdeES9QRJ8NmF4Xc8pV,All I Wanna Do Is Make Love To You,Heart,Brigade,5:11,"classic rock, aor, rock"
0h17TpfCKbbib1J37Qgj7r,Alone - Remastered 2000,Heart,Greatest Hits 1985-1995,3:39,"classic rock, aor, rock"
5zH710lFSLtkHbMkslLDjR,Crazy On You,Heart,Dreamboat Annie,4:53,"classic rock, aor, rock"
3IvcWWehbBcBR4YZxlGM9R,"I Like It, I Love It",Tim McGraw,All I Want,3:25,"country, classic country"
60hGQrn24APqEFSLObLeDc,Highway Don't Care,Tim McGraw,Two Lanes Of Freedom,4:37,"country, classic country"
6leiB1fEsTnVCuPiielde5,Something Like That,Tim McGraw,A Place In The Sun,3:03,"country, classic country"
4Pn0JlCUusD2QHjADuOzuV,Humble And Kind,Tim McGraw,Damn Country Music,4:19,"country, classic country"
6iXQrhhgBisdfvS34EMTZ3,Mandy,Barry Manilow,Barry Manilow II,3:33,"yacht rock, adult standards"
7qUTZEf6bgiApJEXpMAH5y,Can't Smile Without You,Barry Manilow,Even Now,3:13,"yacht rock, adult standards"
5dNfHmqgr128gMY2tc5CeJ,Ignition - Remix,R. Kelly,Chocolate Factory,3:06,r&b
2RzJwBCXsS1VnjDm2jKKAa,I Believe I Can Fly,R. Kelly,R.,5:20,r&b
7cFQFr1VpkSp3BTIn7X719,Feelin' On Yo Booty,R. Kelly,TP-2.com,4:06,r&b
5RKQ5NdjSh2QzD4MaunT91,Don't Stop Believin' (2022 Remaster),Journey,Escape (2022 Remaster),4:10,"aor, classic rock"
71SvEDmsOwIWw1IozsZoMA,Any Way You Want It,Journey,Departure,3:21,"aor, classic rock"
1pTw2cNrp9L3esxLAvWnN2,Separate Ways (Worlds Apart) [2023 Remaster],Journey,Frontiers (2023 Remaster),5:23,"aor, classic rock"
0l5TpsCL1ObiTEsHeWA0by,Faithfully (2023 Remaster),Journey,Frontiers (2023 Remaster),4:27,"aor, classic rock"
0Q3GpBYKy5Mx97TNBJVibl,Bookends Theme - Reprise,Simon & Garfunkel,Bookends,1:20,"folk rock, folk"
3g2fYZW5v2od8KIF7VktT0,Scarborough Fair / Canticle,Simon & Garfunkel,"Parsley, Sage, Rosemary And Thyme",3:10,"folk rock, folk"
4Xl2PrS3DJqqSKXCo6Uhv9,Homeward Bound,Simon & Garfunkel,"Parsley, Sage, Rosemary And Thyme",2:30,"folk rock, folk"
5y788ya4NvwhBznoDIcXwK,The Sound of Silence - Acoustic Version,Simon & Garfunkel,"Wednesday Morning, 3 A.M.",3:05,"folk rock, folk"
76TZCvJ8GitQ2FA1q5dKu0,The Boxer,Simon & Garfunkel,Bridge Over Troubled Water,5:08,"folk rock, folk"
6l8EbYRtQMgKOyc1gcDHF9,Bridge Over Troubled Water,Simon & Garfunkel,Bridge Over Troubled Water,4:53,"folk rock, folk"
1eN42Q7IWRzRBq8eW2Y2TE,EI Condor Pasa (If I Could),Simon & Garfunkel,Bridge Over Troubled Water,3:07,"folk rock, folk"
6QhXQOpyYvbpdbyjgAqKdY,Cecilia,Simon & Garfunkel,Bridge Over Troubled Water,2:54,"folk rock, folk"
3RMeOetCdXttthQK0clPuz,How Am I Supposed to Live Without You,Michael Bolton,Soul Provider,4:16,soft rock
3ascnOSOR5MX901ylGuhcl,When a Man Loves a Woman,Michael Bolton,"Time, Love & Tenderness",3:51,soft rock
2nfMrwg3aRhSAv4HX7IzJL,Said I Loved You...But I Lied,Michael Bolton,The One Thing,5:04,soft rock
1fu5IQSRgPxJL2OTP7FVLW,I See Fire,Ed Sheeran,The Hobbit: The Desolation of Smaug (Original Motion Picture Soundtrack),5:01,soft pop
7qiZfU4dY1lWllzX7mPBI3,Shape of You,Ed Sheeran,÷ (Deluxe),3:53,soft pop
0tgVpDi06FyKpA1z0VMD4v,Perfect,Ed Sheeran,÷ (Deluxe),4:23,soft pop
1HNkqx9Ahdgi1Ixy2xkKkL,Photograph,Ed Sheeran,x (Deluxe Edition),4:19,soft pop
34gCuhDGsG4bRPIf9bb02f,Thinking out Loud,Ed Sheeran,x (Deluxe Edition),4:41,soft pop
6JY1IdkZGeIcPegKxjSKeb,Since U Been Gone,Kelly Clarkson,Breakaway,3:08,christmas
0gJvqi9QyASOCtJu99tytc,Because of You,Kelly Clarkson,Breakaway,3:39,christmas
459h0Mh30C82Z1lhk41yYK,Stronger (What Doesn't Kill You),Kelly Clarkson,Stronger (Deluxe Version),3:42,christmas
3nAp4IvdMPPWEH9uuXFFV5,Underneath the Tree,Kelly Clarkson,Wrapped In Red,3:50,christmas
6mFkJmJqdDVQ1REhVfGgd1,Wish You Were Here,Pink Floyd,Wish You Were Here,5:35,"progressive rock, psychedelic rock, classic rock, art rock, rock"
4gMgiXfqyzZLMhsksGmbQV,"Another Brick in the Wall, Pt. 2",Pink Floyd,The Wall,3:58,"progressive rock, psychedelic rock, classic rock, art rock, rock"
5HNCy40Ni5BZJFw1TKzRsC,Comfortably Numb,Pink Floyd,The Wall,6:22,"progressive rock, psychedelic rock, classic rock, art rock, rock"
2ctvdKmETyOzPb2GiJJT53,Breathe (In the Air),Pink Floyd,The Dark Side of the Moon,2:50,"progressive rock, psychedelic rock, classic rock, art rock, rock"
2TjdnqlpwOjhijHCwHCP2d,The Great Gig in the Sky,Pink Floyd,The Dark Side of the Moon,4:43,"progressive rock, psychedelic rock, classic rock, art rock, rock"
4pbJqGIASGPr0ZpGpnWkDn,We Will Rock You - Remastered 2011,Queen,News Of The World (2011 Remaster),2:02,"classic rock, rock, glam rock"
4u7EnebtmKWzUH433cf5Qv,Bohemian Rhapsody - Remastered 2011,Queen,A Night At The Opera (2011 Remaster),5:54,"classic rock, rock, glam rock"
5T8EDUDqKcs6OSOwEsfqG7,Don't Stop Me Now - Remastered 2011,Queen,Jazz (2011 Remaster),3:29,"classic rock, rock, glam rock"
4rDbp1vnvEhieiccprPMdI,Somebody To Love - Remastered 2011,Queen,A Day At The Races (Deluxe Edition 2011 Remaster),4:56,"classic rock, rock, glam rock"
5vdp5UmvTsnMEMESIF2Ym7,Another One Bites The Dust - Remastered 2011,Queen,The Game (2011 Remaster),3:34,"classic rock, rock, glam rock"
2fuCquhmrzHpu5xcA1ci9x,Under Pressure - Remastered 2011,Queen,Hot Space (2011 Remaster),4:08,"classic rock, rock, glam rock"
6Y3WvyUG9iE5bQYg38SPtQ,Be Without You - Kendu Mix,Mary J. Blige,The Breakthrough,4:06,r&b
3aw9iWUQ3VrPQltgwvN9Xu,Family Affair,Mary J. Blige,No More Drama,4:25,r&b
3Lk7RWStfLaHG7lXsuS87j,One,Mary J. Blige,The Breakthrough,4:20,r&b
5TRPicyLGbAF2LGBFbHGvO,Flashing Lights,Kanye West,Graduation,3:57,rap
4EWCNWgDS8707fNSZ1oaA5,Heartless,Kanye West,808s & Heartbreak,3:31,rap
1ZHYJ2Wwgxes4m8Ba88PeK,Monster,Kanye West,My Beautiful Dark Twisted Fantasy,6:19,rap
7rbECVPkY5UODxoOUVKZnA,I Wonder,Kanye West,Graduation,4:03,rap
2ymeOsYijJz09LfKw3yM2x,Joy To The World,Three Dog Night,Naturally,3:41,No genre info
1CAO7hiNOxJRPW4nFv2aRO,Mama Told Me (Not To Come) - Single Version,Three Dog Night,It Ain't Easy,3:19,No genre info
1JQ6Xm1JrvHfvAqhl5pwaA,Easy,Commodores,Commodores,4:16,"motown, classic soul"
5VJjhHyG8NZ5xdgG6uTb3P,Brick House,Commodores,Commodores,3:28,"motown, classic soul"
5xl5582IihbEZAnfj0xyso,Straight Up,Paula Abdul,Forever Your Girl,4:11,No genre info
015qd1I4v00JIoK7yOUgKC,Rush Rush,Paula Abdul,Spellbound,4:53,No genre info
1Eb90nmqTrxylKFhcUzW8P,(Everything I Do) I Do It For You,Bryan Adams,Waking Up The Neighbours,6:33,No genre info
0GONea6G2XdnHWjNZd6zt3,Summer Of '69,Bryan Adams,Reckless (30th Anniversary / Deluxe Edition),3:36,No genre info
7Ewz6bJ97vUqk5HdkvguFQ,Heaven,Bryan Adams,Reckless (30th Anniversary / Deluxe Edition),4:03,No genre info
5IgjP7X4th6nMNDh4akUHb,Under The Influence,Chris Brown,Indigo (Extended),3:04,r&b
6XHVuErjQ4XNm6nDPVCxVX,No Guidance (feat. Drake),Chris Brown,Indigo,4:20,r&b
7snQQk1zcKl8gZ92AnueZW,Sweet Child O' Mine,Guns N' Roses,Appetite For Destruction,5:56,"rock, glam metal, hard rock, classic rock"
0G21yYKMZoHa30cYVi1iA8,Welcome To The Jungle,Guns N' Roses,Appetite For Destruction,4:33,"rock, glam metal, hard rock, classic rock"
3YRCqOhFifThpSRFJ1VWFM,November Rain,Guns N' Roses,Use Your Illusion I,8:56,"rock, glam metal, hard rock, classic rock"
6eN1f9KNmiWEhpE2RhQqB5,Paradise City,Guns N' Roses,Appetite For Destruction,6:46,"rock, glam metal, hard rock, classic rock"
4JiEyzf0Md7KEFFGWDDdCr,Knockin' On Heaven's Door,Guns N' Roses,Use Your Illusion II,5:36,"rock, glam metal, hard rock, classic rock"
0PdM2a6oIjqepoEfcJo0RO,Pour Some Sugar On Me - Remastered 2017,Def Leppard,Hysteria (Super Deluxe),4:27,"glam metal, glam rock, classic rock"
2PFIZFcGry0po3ZfRZkzKc,Hysteria,Def Leppard,Hysteria,5:55,"glam metal, glam rock, classic rock"
18URo35acNKRTHfEdjTcGn,Photograph,Def Leppard,Pyromania,4:08,"glam metal, glam rock, classic rock"
4qjscZh4jfhkpcQG4ZQfi2,Animal,Def Leppard,Hysteria,4:05,"glam metal, glam rock, classic rock"
2olVm1lHicpveMAo4AUDRB,The Power Of Love,Huey Lewis & The News,Greatest Hits: Huey Lewis And The News,3:54,No genre info
2cFl7utlqyZjCXN1G5nRvA,Stuck With You,Huey Lewis & The News,Fore!,4:30,No genre info
648BMGrt98kUbLo24A4vgj,Hip To Be Square,Huey Lewis & The News,Fore!,4:05,No genre info
57BrRMwf9LrcmuOsyGilwr,Crawling,Linkin Park,Hybrid Theory (Bonus Edition),3:28,"nu metal, rap metal, rock, alternative metal"
2nLtzopw4rPReszdYBJU6h,Numb,Linkin Park,Meteora,3:08,"nu metal, rap metal, rock, alternative metal"
60a0Rd6pjrkxjPbaKzXjfq,In The End,Linkin Park,Hybrid Theory (Bonus Edition),3:36,"nu metal, rap metal, rock, alternative metal"
0OYcEfskah1egYHjYRvbg1,Shadow Of The Day,Linkin Park,Minutes to Midnight,4:50,"nu metal, rap metal, rock, alternative metal"
5JHNg1hxZFT7TDEphhM4wj,Waiting For The End,Linkin Park,A Thousand Suns,3:52,"nu metal, rap metal, rock, alternative metal"
17PXXzOygMyXXUNLngVN5u,Sweet Baby James -2019 Remaster,James Taylor,Sweet Baby James (2019 Remaster),2:54,"folk rock, singer-songwriter, soft rock"
6zV8IpLvw0tkRSVCFQJB1y,You've Got A Friend - 2019 Remaster,James Taylor,Mud Slide Slim and the Blue Horizon (2019 Remaster),4:29,"folk rock, singer-songwriter, soft rock"
1oht5GevPN9t1T3kG1m1GO,Fire And Rain - 2019 Remaster,James Taylor,Sweet Baby James (2019 Remaster),3:24,"folk rock, singer-songwriter, soft rock"
5WOLghNew2YKZO96gYoM7p,Carolina In My Mind,James Taylor,The Essential James Taylor,3:59,"folk rock, singer-songwriter, soft rock"
20OFwXhEXf12DzwXmaV7fj,Bad Moon Rising,Creedence Clearwater Revival,Green River (Expanded Edition),2:21,"classic rock, southern rock, country rock"
5DnT9a5IM3eMjKgXTWVJvi,Have You Ever Seen The Rain,Creedence Clearwater Revival,Pendulum,2:40,"classic rock, southern rock, country rock"
4BP3uh0hFLFRb5cjsgLqDh,Fortunate Son,Creedence Clearwater Revival,Willy And The Poor Boys (Expanded Edition),2:20,"classic rock, southern rock, country rock"
2gE95JskwQ1pCACTpGe1Db,Down On The Corner,Creedence Clearwater Revival,Willy And The Poor Boys (Expanded Edition),2:46,"classic rock, southern rock, country rock"
17S4XrLvF5jlGvGCJHgF51,Learning To Fly,Tom Petty and the Heartbreakers,Into The Great Wide Open,4:02,classic rock
3dmqIB2Qxe2XZobw9gXxJ6,Mary Jane's Last Dance,Tom Petty and the Heartbreakers,Greatest Hits,4:34,classic rock
53LwBS4bovyljsMlLqGfd6,American Girl,Tom Petty and the Heartbreakers,Tom Petty And The Heartbreakers,3:34,classic rock
4mcZYzoGwPRDdhWVlygiHf,Refugee,Tom Petty and the Heartbreakers,Damn The Torpedoes (Deluxe Edition),3:22,classic rock
1HfB7BLeW5XXIJ9sjCaL5U,Breakdown,Tom Petty and the Heartbreakers,Tom Petty And The Heartbreakers,2:44,classic rock
0qxYx4F3vm1AOnfux6dDxP,You Can Call Me Al,Paul Simon,Graceland (25th Anniversary Deluxe Edition),4:40,singer-songwriter
6vxHp3CDNo0afgKGp2yi1E,Me and Julio Down by the Schoolyard,Paul Simon,Paul Simon,2:44,singer-songwriter
7ygBd6XOHoCzIOEL147xbz,Congratulations,Paul Simon,Paul Simon,3:43,singer-songwriter
6Qb7gtV6Q4MnUjSbkFcopl,50 Ways to Leave Your Lover,Paul Simon,Still Crazy After All These Years,3:37,singer-songwriter
47BBI51FKFwOMlIiX6m8ya,I Want It That Way,Backstreet Boys,Millennium,3:33,No genre info
3UpS7kBnkVQYG13pDDFTC4,As Long as You Love Me,Backstreet Boys,Backstreet's Back,3:41,No genre info
6gsFth2s4hP8zXHSqNcsuY,I'll Never Break Your Heart,Backstreet Boys,Backstreet Boys,4:48,No genre info
0b4M7hd7mzLTm99MrMeZsp,She Will,Lil Wayne,Tha Carter IV (Complete Edition),5:05,"rap, hip hop"
66TxPMqbyDLJOusYH4o93n,MegaMan,Lil Wayne,Tha Carter IV (Complete Edition),3:18,"rap, hip hop"
0EHR9OObFtjlhQB8wSt1m7,Mrs. Officer,Lil Wayne,Tha Carter III,4:47,"rap, hip hop"
2ZiMQKIieJ7GTRYnO8fP8p,How To Hate,Lil Wayne,Tha Carter IV (Complete Edition),4:39,"rap, hip hop"
4lnnde7PnrXR3pUzQKBe6X,Little Toy Guns,Carrie Underwood,Greatest Hits: Decade #1,3:31,country
10RQKVSr4rS0coExTmi4dF,Something in the Water,Carrie Underwood,Greatest Hits: Decade #1,3:58,country
0ZUo4YjG4saFnEJhdWp9Bt,Before He Cheats,Carrie Underwood,Some Hearts,3:19,country
3lec3CzDPAxsZokPph5w87,"Jesus, Take the Wheel",Carrie Underwood,Some Hearts,3:46,country
1IcR6RlgvDczfvoWJSSY2A,It's the Most Wonderful Time of the Year,Andy Williams,The Andy Williams Christmas Album,2:32,"christmas, adult standards"
1Wf14bTyb6UeKojy8ykPYm,Happy Holiday / The Holiday Season,Andy Williams,The Andy Williams Christmas Album,2:37,"christmas, adult standards"
24AIahNHzBxm9S12peXbnG,"Moon River (From ""Breakfast at Tiffany's"")",Andy Williams,Moon River And Other Great Movie Themes,2:43,"christmas, adult standards"
0PsbWiVtix5FoTZ1s00mEl,Come Sail Away,Styx,The Grand Illusion,6:07,"classic rock, aor, progressive rock"
3WvIE0r15DpLbcHvBT3rdB,A.D. 1928,Styx,Paradise Theatre,1:07,"classic rock, aor, progressive rock"
1CQqupcyMg7176PPmIVmSj,Renegade,Styx,Pieces Of Eight,4:17,"classic rock, aor, progressive rock"
6T0gaMfEfNWXZCGQKh1wlo,The First Time Ever I Saw Your Face,George Michael,Songs From The Last Century,4:21,No genre info
0HEmnAUT8PHznIAAmVXqFJ,Faith - Remastered,George Michael,Faith,3:13,No genre info
1wZ7o1mZysv1l26ZWawVfW,Freedom! '90 - Remastered,George Michael,Listen Without Prejudice Vol. 1 (Remastered),6:29,No genre info
2goLsvvODILDzeeiT4dAoR,Believe,Cher,Believe,3:59,No genre info
6mYrhCAGWzTdF8QnKuchXM,If I Could Turn Back Time,Cher,Heart Of Stone,4:00,No genre info
144JMbvbR5txNzoZ112wo4,Strong Enough,Cher,Believe,3:44,No genre info
6qspW4YKycviDFjHBOaqUY,Waterfalls,TLC,Crazysexycool,4:39,No genre info
1KGi9sZVMeszgZOWivFpxs,No Scrubs,TLC,Fanmail,3:34,No genre info
1aWV3uY3SIEZVbmv45oFWS,Creep,TLC,Crazysexycool,4:29,No genre info
2mqaYmF0XmV8egZB6jQOtN,Man! I Feel Like A Woman!,Shania Twain,Come On Over (Diamond Edition / Super Deluxe),3:53,country
3x2ksaXI6EZUWidE2BiLXy,You're Still The One,Shania Twain,Come On Over (Diamond Edition / Super Deluxe),3:32,country
0pdfN7nOHMYmKykzu1cyfm,Any Man Of Mine,Shania Twain,The Woman In Me,4:07,country
7r91bpZvftQAk6EfdSdwXq,That Don't Impress Me Much - International Mix,Shania Twain,Come On Over (Diamond Edition / Super Deluxe),3:59,country
7Ar4G7Ci11gpt6sfH9Cgz5,Listen To The Music,The Doobie Brothers,Toulouse Street,3:47,"yacht rock, classic rock, soft rock, southern rock"
7cy1bEJV6FCtDaYpsk8aG6,China Grove,The Doobie Brothers,The Captain and Me,3:15,"yacht rock, classic rock, soft rock, southern rock"
2yBVeksU2EtrPJbTu4ZslK,What A Fool Believes,The Doobie Brothers,Minute by Minute,3:44,"yacht rock, classic rock, soft rock, southern rock"
4nXkbcTj3nyww1cHkw5RAP,Long Train Runnin',The Doobie Brothers,The Captain and Me,3:27,"yacht rock, classic rock, soft rock, southern rock"
1Yv97ENCydLPABqsC2nGtb,"December, 1963 (Oh What A Night!)",Frankie Valli & The Four Seasons,Working My Way Back to You - 2019 Japan Edition,3:17,"doo-wop, northern soul, motown"
7sqK6f8dHVx3Q1GjFrVyGl,Sherry,Frankie Valli & The Four Seasons,Sherry and 11 Other Hits,2:32,"doo-wop, northern soul, motown"
3hqsBLMAqJqrhr434Z7WlA,"Puff, the Magic Dragon","Peter, Paul and Mary",Moving,3:27,"folk, folk rock"
6ZSTinOwx5dKFYc6iYyGDn,Leaving on a Jet Plane,"Peter, Paul and Mary",Album 1700,3:27,"folk, folk rock"
7IsXXgpowAB48crGjV1oGb,"Don't Think Twice, It's All Right","Peter, Paul and Mary",In the Wind,3:16,"folk, folk rock"
62Yu8QL1g9pdbvN4XL9Rah,Blowin' in the Wind,"Peter, Paul and Mary",In the Wind,2:57,"folk, folk rock"
6oMZhY0f1ReI6AJDDYfuSb,500 Miles,"Peter, Paul and Mary","Peter, Paul and Mary",2:43,"folk, folk rock"
1dgWTMoHwTUnQhOQ8SR5fV,American Kids,Kenny Chesney,The Big Revival,3:03,country
5pgmgHNxiq9w9XuthMKzJS,Beer In Mexico,Kenny Chesney,The Road And The Radio,4:32,country
0hlou0hEfL2aS9FpJMX2OW,Flora-Bama,Kenny Chesney,The Big Revival,4:31,country
6n6OQfBpCgzF9oEg8zhBN7,Get Along,Kenny Chesney,Songs for the Saints,3:19,country
1urmwhtXPiakhcqvqUi3rp,Brown Eyes,Destiny's Child,Survivor,4:36,No genre info
2n4uOdMHzEvcZ0KP7iQnay,Lose My Breath,Destiny's Child,Destiny Fulfilled,4:02,No genre info
0DlVOdK5GJtnom4nI3EOz5,Soldier (feat. T.I. & Lil' Wayne),Destiny's Child,Destiny Fulfilled,5:26,"hip hop, rap, southern hip hop"
59q0gDvWPoL2DQ1SAt5ZLY,What Up Gangsta,50 Cent,Get Rich Or Die Tryin',2:59,"east coast hip hop, old school hip hop"
7iL6o9tox1zgHpKUfh9vuC,In Da Club,50 Cent,Get Rich Or Die Tryin',3:13,"east coast hip hop, old school hip hop"
5dUMh0ugelpKfoFp3qChuK,Hit the Road Jack,Ray Charles,True Genius,2:00,"jazz blues, soul, soul blues, blues, classic soul, vocal jazz"
2xar08Fq5xra2KKZs5Bw9j,I've Got a Woman,Ray Charles,"Ray Charles (aka: Hallelujah, I Love Her So)",2:51,"jazz blues, soul, soul blues, blues, classic soul, vocal jazz"
1AGU94UmRrDst2T9C5pEvI,Georgia on My Mind,Ray Charles,Evr’y Time We Say Goodbye - All-Time Romantic Duets,3:30,"jazz blues, soul, soul blues, blues, classic soul, vocal jazz"
2zFdsAIk9r2Mi7Lmm1w3sM,That's All - 2007 Remaster,Genesis,Genesis (2007 Remaster),4:25,"progressive rock, art rock"
0xpBr84T3FTm9j4D1MdPtk,Invisible Touch - 2007 Remaster,Genesis,Invisible Touch (2007 Remaster),3:28,"progressive rock, art rock"
0No5Hr1LxZjJHGsQSTy2bm,I Can't Dance - 2007 Remaster,Genesis,We Can't Dance (2007 Remaster),4:00,"progressive rock, art rock"
6twIBPybEvGydyNzNz89FT,Land of Confusion - 2007 Remaster,Genesis,Invisible Touch (2007 Remaster),4:46,"progressive rock, art rock"
1JSTJqkT5qHq8MDJnJbRE1,Every Breath You Take,The Police,Synchronicity (Remastered 2003),4:13,No genre info
3EYOJ48Et32uATr9ZmLnAo,Roxanne,The Police,Outlandos D'Amour (Remastered 2003),3:11,No genre info
1oYYd2gnWZYrt89EBXdFiO,Message In A Bottle,The Police,Reggatta De Blanc (Remastered 2003),4:50,No genre info
44aTAUBF0g6sMkMNE8I5kd,Every Little Thing She Does Is Magic,The Police,Ghost In The Machine (Remastered 2003),4:20,No genre info
2Fs18NaCDuluPG1DHGw1XG,Life is a Highway,Rascal Flatts,Me And My Gang,4:36,country
4YjjNHtEsTX6Af4mCTupT5,Bless The Broken Road,Rascal Flatts,Feels Like Today,3:46,country
4bVuIlGQBMWS7vIhcx8Ae4,What Hurts The Most,Rascal Flatts,Me And My Gang,3:34,country
6KCUliK0a3lHcMiGaqNdHR,I Like The Sound Of That,Rascal Flatts,Rewind,3:29,country
2HRbnflWz1K17PhfdxH6w2,Baby,Ludacris,スリープオーバー！,3:34,southern hip hop
6o3MvjWfF0jczTzPRcfZsK,Get Back,Ludacris,The Red Light District,4:31,southern hip hop
4aMT5LHe8A2uIc11H8Cx2m,Conga,Gloria Estefan,Exitos de gloria estefan,4:16,No genre info
0tzixmHNQfE6S6SirSToxW,EI Ultimo Adios - Varos Artistas Version,Gloria Estefan,El Ultimo Adiós,3:57,"latin pop, latin"
53wDkiyFwtOxjRaZOCdy48,My Sweet Lord (2014 Remaster),George Harrison,All Things Must Pass (2014 Remaster),4:41,No genre info
7LD74EByP1gBD2FynoIGSL,What Is Life (2014 Remaster),George Harrison,All Things Must Pass (2014 Remaster),4:24,No genre info
4wswaG5vmNINMZcVBsAyBP,Got My Mind Set on You,George Harrison,Cloud Nine,3:55,No genre info
59kHPbwyyCApYA8RQQEuXm,Chattahoochee,Alan Jackson,A Lot About Livin' (And A Little 'Bout Love),2:28,"country, christian country, classic country"
1hP3y3sr31ZVe1pJnqiKsJ,It's Five O' Clock Somewhere,Alan Jackson,Greatest Hits Volume II,3:50,"country, christian country, classic country"
0Fe1qL6qvgt6m71BoUUG3V,Remember When,Alan Jackson,Greatest Hits Volume II,4:31,"country, christian country, classic country"
0yftAXSqtZoHdgrXjSuZwz,Monday Morning Church,Alan Jackson,What I Do,3:24,"country, christian country, classic country"
5JVlu41jJTVVD8HnkcslNZ,Ave Maria,Snowflake Symphonie,Christmas Nutcracker for Kids,2:00,classical
4qYMcUZzsIYRNi7LnVV90v,When You Come Back (Reprise),JJ Heller,The Pretty & the Plain,3:14,"lullaby, christian folk"
4lYaAFLiZMxrqHUijf83ZR,Lullabye,Emitt Rhodes,The Emitt Rhodes Recordings (1969 - 1973),1:06,"baroque pop, power pop"
6SDJcDg0BzVOuUGT0WEYKP,We Wish You a Merry Christmas,Sleigh Bell Orchestra,Traditional Christmas Carols,1:44,"villancicos, christmas"
0rOGlWeH0drBxhO2oEvsqr,F眉r Elise,Vince Guaraldi Trio,A Charlie Brown Christmas [Expanded] (Remastered),1:06,christmas
4DphT1rljbJjbK9WdrR1zI,Christmas Time Is Here - Instrumental,Vince Guaraldi Trio,A Charlie Brown Christmas [2012 Remastered & Expanded Edition],6:06,christmas
31IogzJ6J55FjbJhKT9PBy,Best of Wives and Best of Women,Phillipa Soo,The Hamilton Instrumentals,0:48,musicals
16pUlUFjyp6BtDtxC0i9ch,On An Evening In Roma (Sott'er Celo De Roma),Dean Martin,"Dean Martin: The Capitol Recordings, Vol. 9 (1958-1959)",2:32,"christmas, adult standards, big band, swing music"
5sJnwwIjhid95JI3zShd6A,"Rudolph, The Red-Nosed Reindeer - Remastered 2002",Dean Martin,Christmas In New York,3:07,"christmas, adult standards, big band, swing music"
7wnm2J7SGOMLv7oycQZzDc,God Only Knows,Geoff Gascoyne,Keep It To Yourself,2:52,"jazz blues, swing music"
5Y8QJVMu9MWziD2IgujriR,"The Nutcracker, Op. 71: Act II Tableau 3: Divertissement: a. Chocolate - Spanish Dance",Pyotr Ilyich Tchaikovsky,"Tchaikovsky: The Nutcracker, Op. 71, TH 14",1:11,"classical, orchestral"
3Hx5E6ObUjkNBLQM0x37cA,Interlude (In My Heart - Convo With Boyfriend),Chrisette Michele,Better (Deluxe Version),0:34,"neo soul, jersey club, r&b"
7DKjnQH7yeCUPXX88Hh12p,A Wonderful Guy,Tex Beneke,Tex Beneke And His Music In The Miller Mood,1:56,big band
4Qj9e2yydpmjA3qSJv58Se,Act II: Tea,George Balanchine's The Nutcracker,George Balanchine's The Nutcracker - Music From The Original Soundtrack,1:01,christmas
4IkWzcb7Zaarlz1lmiKNPE,Scales And Arpeggios - Soundtrack Version,Robin Lester,The Sherman Brothers Songbook,1:45,No genre info
7xQiq1lCtwkJdI3zni9BZp,U Remind Me - Recorded at Spotify Studios NYC,James TW,Spotify Singles,3:18,No genre info
1fQ2pN9MLxxi399nlHEth7,"Zip-A-Dee-Doo-Dah - From ""Song Of The South""",James Baskett,Disney's Greatest Volume 1,2:20,No genre info
3rTnGUeDrnZV22DvRuUuXr,Wait,M83,"Hurry Up, We're Dreaming",5:43,No genre info
1xlHJbC2DE2aWDTlqFw81u,Surfin',Ernest Ranglin,Below The Bassline,5:44,"rocksteady, dub, reggae, roots reggae"
3i8j2dKXChkErfi8jsDDuH,Frosty the Snowman - 78rpm Version,Gene Autry,Rudolph The Red Nosed Reindeer And Other Christmas Classics,2:53,christmas
1yJzoX4xPsACzVxUarXRKa,Misty Mountains,Richard Armitage,The Hobbit: An Unexpected Journey Original Motion Picture Soundtrack (International Version),1:43,No genre info
0S0YKiEdR9cT9pYgEaTevF,O Magnum Mysterium: O magnum mysterium,Morten Lauridsen,Lauridsen: O Magnum Mysterium / Lux Aeterna / Madrigali / Les Chansons Des Roses,5:50,choral
1ZwJALwnYbeHdEVCNVmniz,You,The 1975,The 1975 (Deluxe Version),9:51,No genre info
2rIqbiRDXuiWxFHfLgzYRe,Clair De Lune,Nick White,Pure Moods Classical,5:08,No genre info
0aWMVrwxPNYkKmFthzmpRi,Blue in Green,Miles Davis,Kind Of Blue (Legacy Edition),5:38,"jazz, cool jazz, hard bop, bebop, jazz fusion, free jazz, jazz blues"
6yLkOiVYKaBw4DdHbH9r4n,Minuet in G Major (The Lovers Concerto),Johann Sebastian Bach,Classical Relaxation Collection - The Greatest Tunes On Earth,0:36,"classical, classical piano"
2Bsnj9KAmtYz8PW9RImef7,"Across the Stars (Love Theme from ""Star Wars: Attack of the Clones"")",John Williams,Star Wars: Attack of the Clones (Original Motion Picture Soundtrack),5:33,"classical, orchestral, opera, soundtrack"
4tHqQMWSqmL6YjXwsqthDI,Carol of the Bells,Mykola Dmytrovych Leontovych,Home Alone (Original Motion Picture Soundtrack),1:25,soundtrack
75lWQzF7y0FY9380G3gEZ9,Silent Night,Pentatonix,That's Christmas To Me (Deluxe Edition),3:13,christmas
0sFvItEeMstcUyZCleYgyj,All The Time,Jeremih,All The Time,4:24,"hip hop, rap"
3MWToltSqef5lgDt0pO16p,Crazy For You,Ulrich Schnauss,Blue Skied An' Clear (A Tribute To Slowdive),6:31,"idm, ambient, shoegaze, downtempo"
6qVXkG01rBYGfxIndGOQ3z,Shot me Down (feat. Skylar Grey) - Radio Edit,David Guetta,Listen,3:11,edm
70jtjJHtVBPuxllGPCWxnX,Everything's Different,Bustre,Everything's Different,5:20,"drumstep, liquid funk, drum and bass"
65kp3OFn7JXbCvkm3m2Ui2,Two庐,Lil Uzi Vert,Luv Is Rage 2,3:05,melodic rap
6yHx2dNnWb1fEChGoulEVc,No Way Out,Bullet For My Valentine,Venom (Deluxe Edition),3:54,"metalcore, metal"
07ceEXOyS7ghQkyCOycXwP,This Fire,Killswitch Engage,As Daylight Dies (Special Edition),3:09,"metalcore, metal"
