spotify_id,link,start_timestamp_m_s,end_timestamp_m_s
7iN1s7xHE4ifF5povM6A48,https://open.spotify.com/track/7iN1s7xHE4ifF5povM6A48,1:20,1:50
6dGnYIeXmHdcikdzNNDMm2,https://open.spotify.com/track/6dGnYIeXmHdcikdzNNDMm2,0:22,0:52
4pbG9SUmWIvsROVLF0zF9s,https://open.spotify.com/track/4pbG9SUmWIvsROVLF0zF9s,0:20,0:50
3BQHpFgAp4l80e1XslIjNI,https://open.spotify.com/track/3BQHpFgAp4l80e1XslIjNI,0:00,0:30
5GjPQ0eI7AgmOnADn1EO6Q,https://open.spotify.com/track/5GjPQ0eI7AgmOnADn1EO6Q,0:00,0:30
75zMKn5euxQdlkZgu4P42J,https://open.spotify.com/track/75zMKn5euxQdlkZgu4P42J,2:40,3:10
77oU2rjC5XbjQfNe3bD6so,https://open.spotify.com/track/77oU2rjC5XbjQfNe3bD6so,2:40,3:10
744hdHz3CORMz3FcU230C4,https://open.spotify.com/track/744hdHz3CORMz3FcU230C4,4:00,4:30
0JuW3zVUYjyW5BbtXq2to6,https://open.spotify.com/track/0JuW3zVUYjyW5BbtXq2to6,1:20,1:50
2TVxnKdb3tqe1nhQWwwZCO,https://open.spotify.com/track/2TVxnKdb3tqe1nhQWwwZCO,5:40,6:10
38zsOOcu31XbbYj9BIPUF1,https://open.spotify.com/track/38zsOOcu31XbbYj9BIPUF1,3:20,3:50
7HW5WIw7ZgZORCzUxv5gW5,https://open.spotify.com/track/7HW5WIw7ZgZORCzUxv5gW5,3:40,4:10
0EANX0OVKSCcmarY50Xa4p,https://open.spotify.com/track/0EANX0OVKSCcmarY50Xa4p,3:00,3:30
3qczyRtur0tILibW9rHBFA,https://open.spotify.com/track/3qczyRtur0tILibW9rHBFA,2:20,2:50
2aEuXA1KswHlCGPOuPmCOW,https://open.spotify.com/track/2aEuXA1KswHlCGPOuPmCOW,1:20,1:50
2aBxt229cbLDOvtL7Xbb9x,https://open.spotify.com/track/2aBxt229cbLDOvtL7Xbb9x,1:00,1:30
4EI8VuxUuIHKfafU72emqz,https://open.spotify.com/track/4EI8VuxUuIHKfafU72emqz,1:20,1:50
1z3ugFmUKoCzGsI6jdY4Ci,https://open.spotify.com/track/1z3ugFmUKoCzGsI6jdY4Ci,2:19,2:49
1ZPlNanZsJSPK5h9YZZFbZ,https://open.spotify.com/track/1ZPlNanZsJSPK5h9YZZFbZ,2:40,3:10
27QvYgBk0CHOVHthWnkuWt,https://open.spotify.com/track/27QvYgBk0CHOVHthWnkuWt,1:00,1:30
2fzykVsO2Di5jnofUNX3YE,https://open.spotify.com/track/2fzykVsO2Di5jnofUNX3YE,0:20,0:50
4xnp5cvuGKQGwuIRHCTUzh,https://open.spotify.com/track/4xnp5cvuGKQGwuIRHCTUzh,1:20,1:50
1pTGc8pwyo6xtgXBKCBcFn,https://open.spotify.com/track/1pTGc8pwyo6xtgXBKCBcFn,3:20,3:50
1vZTgn4JXWMahR8r99ug5H,https://open.spotify.com/track/1vZTgn4JXWMahR8r99ug5H,1:00,1:30
7qmqeHzgNQTOnl1NUgRFO4,https://open.spotify.com/track/7qmqeHzgNQTOnl1NUgRFO4,0:40,1:10
7J1uxwnxfQLu4APicE5Rnj,https://open.spotify.com/track/7J1uxwnxfQLu4APicE5Rnj,0:40,1:10
3BovdzfaX4jb5KFQwoPfAw,https://open.spotify.com/track/3BovdzfaX4jb5KFQwoPfAw,1:00,1:30
2LlQb7Uoj1kKyGhlkBf9aC,https://open.spotify.com/track/2LlQb7Uoj1kKyGhlkBf9aC,3:00,3:30
7oOOI85fVQvVnK5ynNMdW7,https://open.spotify.com/track/7oOOI85fVQvVnK5ynNMdW7,0:40,1:10
0sKlV58cODrjxGFOyf9IXY,https://open.spotify.com/track/0sKlV58cODrjxGFOyf9IXY,3:40,4:10
1P17dC1amhFzptugyAO7Il,https://open.spotify.com/track/1P17dC1amhFzptugyAO7Il,1:40,2:10
1CiVz2WkmZRwhU3A6J2Gjz,https://open.spotify.com/track/1CiVz2WkmZRwhU3A6J2Gjz,0:00,0:30
1D4PL9B8gOg78jiHg3FvBb,https://open.spotify.com/track/1D4PL9B8gOg78jiHg3FvBb,3:20,3:50
0V3wPSX9ygBnCm8psDIegu,https://open.spotify.com/track/0V3wPSX9ygBnCm8psDIegu,1:40,2:10
1vwCXIAjSkUxvn78Cmz84g,https://open.spotify.com/track/1vwCXIAjSkUxvn78Cmz84g,1:20,1:50
1BxfuPKGuaTgP7aM0Bbdwr,https://open.spotify.com/track/1BxfuPKGuaTgP7aM0Bbdwr,0:00,0:30
3NlLmKBJozwoi0k03Feb1N,https://open.spotify.com/track/3NlLmKBJozwoi0k03Feb1N,2:20,2:50
0n2pjCIMKwHSXoYfEbYMfX,https://open.spotify.com/track/0n2pjCIMKwHSXoYfEbYMfX,1:20,1:50
2C5SI38AMmqckQGnD1H2FO,https://open.spotify.com/track/2C5SI38AMmqckQGnD1H2FO,1:40,2:10
1h2xVEoJORqrg71HocgqXd,https://open.spotify.com/track/1h2xVEoJORqrg71HocgqXd,0:20,0:50
36lkJSDyMEZoWTqtRj8Q8q,https://open.spotify.com/track/36lkJSDyMEZoWTqtRj8Q8q,3:00,3:30
58DXqHKK7TfxUmhCq2ux4E,https://open.spotify.com/track/58DXqHKK7TfxUmhCq2ux4E,2:40,3:10
0Wv3aY6gApoT3oKBYIqvXb,https://open.spotify.com/track/0Wv3aY6gApoT3oKBYIqvXb,2:20,2:50
5FoeE0CWMs0CbX0udYutDS,https://open.spotify.com/track/5FoeE0CWMs0CbX0udYutDS,1:00,1:30
2tUBqZG2AbRi7Q0BIrVrEj,https://open.spotify.com/track/2tUBqZG2AbRi7Q0BIrVrEj,1:00,1:30
4eHbdreAnSOrDDsFfc4Fpm,https://open.spotify.com/track/4eHbdreAnSOrDDsFfc4Fpm,1:40,2:10
6yJxCltgtmGxIgKOS6ndnu,https://open.spotify.com/track/6yJxCltgtmGxIgKOS6ndnu,2:20,2:50
31er9IGsfFbwqy1pH4aiTP,https://open.spotify.com/track/31er9IGsfFbwqy1pH4aiTP,2:20,2:50
1H4idkmruFoJBg1DvUv2tY,https://open.spotify.com/track/1H4idkmruFoJBg1DvUv2tY,3:40,4:10
1SV1fxF65n9NhRHp3KlBuu,https://open.spotify.com/track/1SV1fxF65n9NhRHp3KlBuu,2:00,2:30
1Qa0Y05al633fG8f9Peytc,https://open.spotify.com/track/1Qa0Y05al633fG8f9Peytc,3:00,3:30
1db0gbTSKdRQum8VlbNkiO,https://open.spotify.com/track/1db0gbTSKdRQum8VlbNkiO,2:20,2:50
3oevkC3HQ2sxTwJ394MROY,https://open.spotify.com/track/3oevkC3HQ2sxTwJ394MROY,1:00,1:30
452KBpASS5lZLeJWX9Ixub,https://open.spotify.com/track/452KBpASS5lZLeJWX9Ixub,0:20,0:50
44AyOl4qVkzS48vBsbNXaC,https://open.spotify.com/track/44AyOl4qVkzS48vBsbNXaC,2:20,2:50
1H5IfYyIIAlgDX8zguUzns,https://open.spotify.com/track/1H5IfYyIIAlgDX8zguUzns,0:00,0:30
64Ny7djQ6rNJspquof2KoX,https://open.spotify.com/track/64Ny7djQ6rNJspquof2KoX,0:20,0:50
7zMUCLm1TN9o9JlLISztxO,https://open.spotify.com/track/7zMUCLm1TN9o9JlLISztxO,0:20,0:50
2yOm4lN7aTygtXanJFNFWU,https://open.spotify.com/track/2yOm4lN7aTygtXanJFNFWU,0:43,1:13
29rQJydAlO0uMyWvRIZxQg,https://open.spotify.com/track/29rQJydAlO0uMyWvRIZxQg,2:00,2:30
5vywtoD7fO1CP0B2wtm6I6,https://open.spotify.com/track/5vywtoD7fO1CP0B2wtm6I6,2:45,3:15
5EBWCGlCn65HM8Hglrc5V1,https://open.spotify.com/track/5EBWCGlCn65HM8Hglrc5V1,3:55,4:25
4z7maGZkAonDlXlwo8q69f,https://open.spotify.com/track/4z7maGZkAonDlXlwo8q69f,3:00,3:30
6rovOdp3HgK1DeAMYDzoA7,https://open.spotify.com/track/6rovOdp3HgK1DeAMYDzoA7,4:40,5:10
6sBA8b9bT8Z8G8TkVDvNTK,https://open.spotify.com/track/6sBA8b9bT8Z8G8TkVDvNTK,3:40,4:10
4lsEHglVsLzILTDQ3CNESV,https://open.spotify.com/track/4lsEHglVsLzILTDQ3CNESV,2:00,2:30
6LxSe8YmdPxy095Ux6znaQ,https://open.spotify.com/track/6LxSe8YmdPxy095Ux6znaQ,1:00,1:30
1zi7xx7UVEFkmKfv06H8x0,https://open.spotify.com/track/1zi7xx7UVEFkmKfv06H8x0,0:20,0:50
5mCPDVBb16L4XQwDdbRUpz,https://open.spotify.com/track/5mCPDVBb16L4XQwDdbRUpz,2:00,2:30
3XLSlQLJf3Ut0zvMUxnF1h,https://open.spotify.com/track/3XLSlQLJf3Ut0zvMUxnF1h,2:40,3:10
6FMIVQPZg9cmMY8hPxAacD,https://open.spotify.com/track/6FMIVQPZg9cmMY8hPxAacD,2:59,3:29
62LJFaYihsdVrrkgUOJC05,https://open.spotify.com/track/62LJFaYihsdVrrkgUOJC05,0:05,0:35
6sby78fghipoXHQLeeZFFH,https://open.spotify.com/track/6sby78fghipoXHQLeeZFFH,2:00,2:30
3QszJeuSyyZQmD9pY1tqpo,https://open.spotify.com/track/3QszJeuSyyZQmD9pY1tqpo,0:00,0:30
6qn9YLKt13AGvpq9jfO8py,https://open.spotify.com/track/6qn9YLKt13AGvpq9jfO8py,0:23,0:53
5oO3drDxtziYU2H1X23ZIp,https://open.spotify.com/track/5oO3drDxtziYU2H1X23ZIp,3:00,3:30
2Yy0FsAV2I5VXU4xpph2WN,https://open.spotify.com/track/2Yy0FsAV2I5VXU4xpph2WN,3:20,3:50
49FYlytm3dAAraYgpoJZux,https://open.spotify.com/track/49FYlytm3dAAraYgpoJZux,1:00,1:30
0ByMNEPAPpOR5H69DVrTNy,https://open.spotify.com/track/0ByMNEPAPpOR5H69DVrTNy,0:20,0:50
2ENexcMEMsYk0rVJigVD3i,https://open.spotify.com/track/2ENexcMEMsYk0rVJigVD3i,2:40,3:10
1xOXXYh6lTW8laxlW7JP2J,https://open.spotify.com/track/1xOXXYh6lTW8laxlW7JP2J,2:20,2:50
64UioB4Nmwgn2f4cbIpAkl,https://open.spotify.com/track/64UioB4Nmwgn2f4cbIpAkl,2:20,2:50
4ZoBC5MhSEzuknIgAkBaoT,https://open.spotify.com/track/4ZoBC5MhSEzuknIgAkBaoT,0:20,0:50
5zA8vzDGqPl2AzZkEYQGKh,https://open.spotify.com/track/5zA8vzDGqPl2AzZkEYQGKh,1:20,1:50
5A6Jbi90K8s9ge8BVh15ga,https://open.spotify.com/track/5A6Jbi90K8s9ge8BVh15ga,2:00,2:30
4Y8EyXnq5CLR8A7EHXxx7L,https://open.spotify.com/track/4Y8EyXnq5CLR8A7EHXxx7L,1:40,2:10
4W0pzgxtVud25lXyfnfxDC,https://open.spotify.com/track/4W0pzgxtVud25lXyfnfxDC,2:20,2:50
3CifrcOH0P7cMwEInwBcIN,https://open.spotify.com/track/3CifrcOH0P7cMwEInwBcIN,1:20,1:50
54536WVYAqiNf2N2SfBMGk,https://open.spotify.com/track/54536WVYAqiNf2N2SfBMGk,1:20,1:50
3S94k75DXrZI7OX3c9KPfr,https://open.spotify.com/track/3S94k75DXrZI7OX3c9KPfr,1:20,1:50
0NhodPAXI2erfY7rdLr3di,https://open.spotify.com/track/0NhodPAXI2erfY7rdLr3di,0:00,0:30
7Ie9W94M7OjPoZVV216Xus,https://open.spotify.com/track/7Ie9W94M7OjPoZVV216Xus,1:06,1:36
15JINEqzVMv3SvJTAXAKED,https://open.spotify.com/track/15JINEqzVMv3SvJTAXAKED,3:00,3:30
3yfqSUWxFvZELEM4PmlwIR,https://open.spotify.com/track/3yfqSUWxFvZELEM4PmlwIR,3:40,4:10
4xkOaSrkexMciUUogZKVTS,https://open.spotify.com/track/4xkOaSrkexMciUUogZKVTS,2:40,3:10
7J41dYQolQJEtj3UmKLu5r,https://open.spotify.com/track/7J41dYQolQJEtj3UmKLu5r,1:40,2:10
2QsZVnbWVSjKMXK6K3uRBL,https://open.spotify.com/track/2QsZVnbWVSjKMXK6K3uRBL,3:00,3:30
5rb9QrpfcKFHM1EUbSIurX,https://open.spotify.com/track/5rb9QrpfcKFHM1EUbSIurX,3:40,4:10
68vgtRHr7iZHpzGpon6Jlo,https://open.spotify.com/track/68vgtRHr7iZHpzGpon6Jlo,2:40,3:10
2mOGLiSTUeki1l9t1BBNRQ,https://open.spotify.com/track/2mOGLiSTUeki1l9t1BBNRQ,0:00,0:30
7FwBtcecmlpc1sLySPXeGE,https://open.spotify.com/track/7FwBtcecmlpc1sLySPXeGE,1:00,1:30
3PzsbWSQdLCKDLxn7YZfkM,https://open.spotify.com/track/3PzsbWSQdLCKDLxn7YZfkM,0:20,0:50
0dOg1ySSI7NkpAe89Zo0b9,https://open.spotify.com/track/0dOg1ySSI7NkpAe89Zo0b9,3:00,3:30
62AuGbAkt8Ox2IrFFb8GKV,https://open.spotify.com/track/62AuGbAkt8Ox2IrFFb8GKV,1:21,1:51
5pkd9ib1RgbkAd1R9bIOCa,https://open.spotify.com/track/5pkd9ib1RgbkAd1R9bIOCa,0:20,0:50
4wOKTOwGVrie2GIbCMEe7U,https://open.spotify.com/track/4wOKTOwGVrie2GIbCMEe7U,1:20,1:50
1K1nzhbKCNmrNXi9B07mPF,https://open.spotify.com/track/1K1nzhbKCNmrNXi9B07mPF,0:20,0:50
1OppEieGNdItZbE14gLBEv,https://open.spotify.com/track/1OppEieGNdItZbE14gLBEv,2:00,2:30
5uES1C2NgkdrNHiCwf9jRr,https://open.spotify.com/track/5uES1C2NgkdrNHiCwf9jRr,2:00,2:30
69RH84na5iUNwrwxpgjC5j,https://open.spotify.com/track/69RH84na5iUNwrwxpgjC5j,2:00,2:30
52FlwUMMDnTK8TGkCag9Jd,https://open.spotify.com/track/52FlwUMMDnTK8TGkCag9Jd,0:00,0:30
40riOy7x9W7GXjyGp4pjAv,https://open.spotify.com/track/40riOy7x9W7GXjyGp4pjAv,1:50,2:20
4yugZvBYaoREkJKtbG08Qr,https://open.spotify.com/track/4yugZvBYaoREkJKtbG08Qr,0:40,1:10
2TjnCxxQRYn56Ye8gkUKiW,https://open.spotify.com/track/2TjnCxxQRYn56Ye8gkUKiW,2:40,3:10
3QIoEi8Enr9uHffwInGIsC,https://open.spotify.com/track/3QIoEi8Enr9uHffwInGIsC,0:40,1:10
3mRM4NM8iO7UBqrSigCQFH,https://open.spotify.com/track/3mRM4NM8iO7UBqrSigCQFH,4:00,4:30
2JoZzpdeP2G6Csfdq5aLXP,https://open.spotify.com/track/2JoZzpdeP2G6Csfdq5aLXP,1:20,1:50
5KgbyD2lQQlIupAaPjgiXg,https://open.spotify.com/track/5KgbyD2lQQlIupAaPjgiXg,2:40,3:10
0mbS3VwRbO6HVBMPXnzOGA,https://open.spotify.com/track/0mbS3VwRbO6HVBMPXnzOGA,1:00,1:30
1AJ5F0FMTC3yFU3ocjy1gE,https://open.spotify.com/track/1AJ5F0FMTC3yFU3ocjy1gE,1:00,1:30
4IHc6SzGPnzSPuHVEPzpJc,https://open.spotify.com/track/4IHc6SzGPnzSPuHVEPzpJc,1:00,1:30
5qHYXcVvc9xsFB2uH7GpMN,https://open.spotify.com/track/5qHYXcVvc9xsFB2uH7GpMN,1:20,1:50
5t9KYe0Fhd5cW6UYT4qP8f,https://open.spotify.com/track/5t9KYe0Fhd5cW6UYT4qP8f,0:00,0:30
07GvNcU1WdyZJq3XxP0kZa,https://open.spotify.com/track/07GvNcU1WdyZJq3XxP0kZa,0:20,0:50
0ofHAoxe9vBkTCp2UQIavz,https://open.spotify.com/track/0ofHAoxe9vBkTCp2UQIavz,1:00,1:30
5ihS6UUlyQAfmp48eSkxuQ,https://open.spotify.com/track/5ihS6UUlyQAfmp48eSkxuQ,2:40,3:10
19Shlms2uTnOjIUg50TXzd,https://open.spotify.com/track/19Shlms2uTnOjIUg50TXzd,0:40,1:10
4YMQXzscifAREG0a7KNGhB,https://open.spotify.com/track/4YMQXzscifAREG0a7KNGhB,2:40,3:10
2pX4FpOgwItRVPPUFdRcxA,https://open.spotify.com/track/2pX4FpOgwItRVPPUFdRcxA,1:09,1:39
41IShViF79gmulEkIHAjcb,https://open.spotify.com/track/41IShViF79gmulEkIHAjcb,3:20,3:50
7ptdX6yHWePemlp0TuOhK5,https://open.spotify.com/track/7ptdX6yHWePemlp0TuOhK5,1:20,1:50
745H5CctFr12Mo7cqa1BMH,https://open.spotify.com/track/745H5CctFr12Mo7cqa1BMH,0:00,0:30
676Rf0qIOh2gKNEl9TnCOx,https://open.spotify.com/track/676Rf0qIOh2gKNEl9TnCOx,0:30,1:00
39Bd345OWEhRNyfayhp9gv,https://open.spotify.com/track/39Bd345OWEhRNyfayhp9gv,3:00,3:30
6aL6pPBaTMGgM558mplSnj,https://open.spotify.com/track/6aL6pPBaTMGgM558mplSnj,0:20,0:50
33LC84JgLvK2KuW43MfaNq,https://open.spotify.com/track/33LC84JgLvK2KuW43MfaNq,1:17,1:47
28UMiBhn383n9S7GL4tsxD,https://open.spotify.com/track/28UMiBhn383n9S7GL4tsxD,0:30,1:00
5kK1Iru9ogP3Iy1zsANU1n,https://open.spotify.com/track/5kK1Iru9ogP3Iy1zsANU1n,3:40,4:10
2FTZeRHQ4gRPViPMpWL9uX,https://open.spotify.com/track/2FTZeRHQ4gRPViPMpWL9uX,3:00,3:30
0gsl92EMIScPGV1AU35nuD,https://open.spotify.com/track/0gsl92EMIScPGV1AU35nuD,1:00,1:30
6cLEpgDcEldV1n9gusHQUX,https://open.spotify.com/track/6cLEpgDcEldV1n9gusHQUX,1:40,2:10
4VijLEUxHEzbWKYL5u9wuN,https://open.spotify.com/track/4VijLEUxHEzbWKYL5u9wuN,1:20,1:50
5K09WxKdlkroDyEVyOSySy,https://open.spotify.com/track/5K09WxKdlkroDyEVyOSySy,0:40,1:10
7L4G39PVgMfaeHRyi1ML7y,https://open.spotify.com/track/7L4G39PVgMfaeHRyi1ML7y,0:13,0:43
5Gq5Ozgqqti42kNLVRfkRt,https://open.spotify.com/track/5Gq5Ozgqqti42kNLVRfkRt,1:40,2:10
4o6BgsqLIBViaGVbx5rbRk,https://open.spotify.com/track/4o6BgsqLIBViaGVbx5rbRk,1:20,1:50
1qjrYozGqc7upUgfN776lZ,https://open.spotify.com/track/1qjrYozGqc7upUgfN776lZ,0:40,1:10
0j3QN4uiMdf8gI12JATZ9B,https://open.spotify.com/track/0j3QN4uiMdf8gI12JATZ9B,2:00,2:30
7j4OmvkjRz0PrjFADlHfQx,https://open.spotify.com/track/7j4OmvkjRz0PrjFADlHfQx,2:00,2:30
6IAZHEBUIGJ6NJKxxOBIEr,https://open.spotify.com/track/6IAZHEBUIGJ6NJKxxOBIEr,3:00,3:30
5lkpeJwmQKgY3bX2zChjxX,https://open.spotify.com/track/5lkpeJwmQKgY3bX2zChjxX,4:00,4:30
1Yk0cQdMLx5RzzFTYwmuld,https://open.spotify.com/track/1Yk0cQdMLx5RzzFTYwmuld,4:20,4:50
273QnyCvJB65rScHJ1nPZb,https://open.spotify.com/track/273QnyCvJB65rScHJ1nPZb,1:14,1:44
6O5TrlFWTYvznd9fMC0VvU,https://open.spotify.com/track/6O5TrlFWTYvznd9fMC0VvU,2:20,2:50
6VObnIkLVruX4UVyxWhlqm,https://open.spotify.com/track/6VObnIkLVruX4UVyxWhlqm,1:10,1:40
2KzV3VG27vIp7roOS3N4kX,https://open.spotify.com/track/2KzV3VG27vIp7roOS3N4kX,4:00,4:30
0TwBtDAWpkpM3srywFVOV5,https://open.spotify.com/track/0TwBtDAWpkpM3srywFVOV5,1:00,1:30
5mMjkxGijQB4JZallYrkOW,https://open.spotify.com/track/5mMjkxGijQB4JZallYrkOW,2:00,2:30
2MfOcbtgz2yTsiznFmVZUN,https://open.spotify.com/track/2MfOcbtgz2yTsiznFmVZUN,2:00,2:30
0K7wIocSvzcRISpssBUzfZ,https://open.spotify.com/track/0K7wIocSvzcRISpssBUzfZ,1:00,1:30
1kgdslQYmeTR4thk9whoRw,https://open.spotify.com/track/1kgdslQYmeTR4thk9whoRw,1:40,2:10
0zxj7dVhYZq5ACyaDx5XIo,https://open.spotify.com/track/0zxj7dVhYZq5ACyaDx5XIo,2:40,3:10
2udGjDmpK1dH9VGyw7nrei,https://open.spotify.com/track/2udGjDmpK1dH9VGyw7nrei,0:00,0:30
6zC0mpGYwbNTpk9SKwh08f,https://open.spotify.com/track/6zC0mpGYwbNTpk9SKwh08f,2:00,2:30
4czNORk5MjW5WOn98bki32,https://open.spotify.com/track/4czNORk5MjW5WOn98bki32,2:20,2:50
0snPJPxkk0MbTc0xeUvAPt,https://open.spotify.com/track/0snPJPxkk0MbTc0xeUvAPt,3:40,4:10
6HPLeKiNm92RbykX2BDTUB,https://open.spotify.com/track/6HPLeKiNm92RbykX2BDTUB,0:40,1:10
17CPezzLWzvGfpZW6X8XT0,https://open.spotify.com/track/17CPezzLWzvGfpZW6X8XT0,1:00,1:30
78lgmZwycJ3nzsdgmPPGNx,https://open.spotify.com/track/78lgmZwycJ3nzsdgmPPGNx,1:40,2:10
5CQ30WqJwcep0pYcV4AMNc,https://open.spotify.com/track/5CQ30WqJwcep0pYcV4AMNc,2:40,3:10
0hCB0YR03f6AmQaHbwWDe8,https://open.spotify.com/track/0hCB0YR03f6AmQaHbwWDe8,0:33,1:03
3MODES4TNtygekLl146Dxd,https://open.spotify.com/track/3MODES4TNtygekLl146Dxd,2:00,2:30
3qT4bUD1MaWpGrTwcvguhb,https://open.spotify.com/track/3qT4bUD1MaWpGrTwcvguhb,1:36,2:06
6SKwQghsR8AISlxhcwyA9R,https://open.spotify.com/track/6SKwQghsR8AISlxhcwyA9R,1:00,1:30
3w3y8KPTfNeOKPiqUTakBh,https://open.spotify.com/track/3w3y8KPTfNeOKPiqUTakBh,0:20,0:50
0nJW01T7XtvILxQgC5J7Wh,https://open.spotify.com/track/0nJW01T7XtvILxQgC5J7Wh,2:20,2:50
47Slg6LuqLaX0VodpSCvPt,https://open.spotify.com/track/47Slg6LuqLaX0VodpSCvPt,2:20,2:50
4J0DbyODwZJcmIAiTSJfMF,https://open.spotify.com/track/4J0DbyODwZJcmIAiTSJfMF,2:00,2:30
1ne9wOtDF2jM6Cm8WBkaER,https://open.spotify.com/track/1ne9wOtDF2jM6Cm8WBkaER,4:00,4:30
69HICMmc6nNLucAx3aJX9M,https://open.spotify.com/track/69HICMmc6nNLucAx3aJX9M,0:20,0:50
1YYhDizHx7PnDhAhko6cDS,https://open.spotify.com/track/1YYhDizHx7PnDhAhko6cDS,1:00,1:30
3D8dwH690MXQRhtIZTSS9c,https://open.spotify.com/track/3D8dwH690MXQRhtIZTSS9c,0:41,1:11
6ECp64rv50XVz93WvxXMGF,https://open.spotify.com/track/6ECp64rv50XVz93WvxXMGF,0:40,1:10
1XGmzt0PVuFgQYYnV2It7A,https://open.spotify.com/track/1XGmzt0PVuFgQYYnV2It7A,2:00,2:30
4BTsEp2tjLdQZcLiI2OT4E,https://open.spotify.com/track/4BTsEp2tjLdQZcLiI2OT4E,1:00,1:30
6eV7eK07znOHcKz3bzEmpS,https://open.spotify.com/track/6eV7eK07znOHcKz3bzEmpS,3:00,3:30
0B9x2BRHqj3Qer7biM3pU3,https://open.spotify.com/track/0B9x2BRHqj3Qer7biM3pU3,1:00,1:30
5BUq9bdtsm3LWw5laJeJ4R,https://open.spotify.com/track/5BUq9bdtsm3LWw5laJeJ4R,0:41,1:11
0v1XpBHnsbkCn7iJ9Ucr1l,https://open.spotify.com/track/0v1XpBHnsbkCn7iJ9Ucr1l,0:24,0:54
0ee1DiZF94NSqqpG0XHUzH,https://open.spotify.com/track/0ee1DiZF94NSqqpG0XHUzH,0:40,1:10
2TofEeQobQ9YoK7EFds698,https://open.spotify.com/track/2TofEeQobQ9YoK7EFds698,0:20,0:50
6MjfEIHOMW6MaDO3LpFcmW,https://open.spotify.com/track/6MjfEIHOMW6MaDO3LpFcmW,1:27,1:57
4YwbSZaYeYja8Umyt222Qf,https://open.spotify.com/track/4YwbSZaYeYja8Umyt222Qf,1:00,1:30
1NCuYqMc8hKMb4cpNTcJbD,https://open.spotify.com/track/1NCuYqMc8hKMb4cpNTcJbD,1:40,2:10
3pbtBomO4Zt5gGiqsYeiBH,https://open.spotify.com/track/3pbtBomO4Zt5gGiqsYeiBH,3:00,3:30
3SnGymj6ijE2iuUfWxLo1q,https://open.spotify.com/track/3SnGymj6ijE2iuUfWxLo1q,1:00,1:30
6HSXNV0b4M4cLJ7ljgVVeh,https://open.spotify.com/track/6HSXNV0b4M4cLJ7ljgVVeh,0:20,0:50
3AhXZa8sUQht0UEdBJgpGc,https://open.spotify.com/track/3AhXZa8sUQht0UEdBJgpGc,3:20,3:50
3RkQ3UwOyPqpIiIvGVewuU,https://open.spotify.com/track/3RkQ3UwOyPqpIiIvGVewuU,0:00,0:30
2WOjLF83vqjit2Zh4B69V3,https://open.spotify.com/track/2WOjLF83vqjit2Zh4B69V3,1:40,2:10
43btz2xjMKpcmjkuRsvxyg,https://open.spotify.com/track/43btz2xjMKpcmjkuRsvxyg,0:20,0:50
67eX1ovaHyVPUinMHeUtIM,https://open.spotify.com/track/67eX1ovaHyVPUinMHeUtIM,2:00,2:30
2HsjJJL4DhPCzMlnaGv7ap,https://open.spotify.com/track/2HsjJJL4DhPCzMlnaGv7ap,3:00,3:30
1gT5TGwbkkkUliNzHRIGi1,https://open.spotify.com/track/1gT5TGwbkkkUliNzHRIGi1,3:40,4:10
2igwFfvr1OAGX9SKDCPBwO,https://open.spotify.com/track/2igwFfvr1OAGX9SKDCPBwO,0:53,1:23
1auxYwYrFRqZP7t3s7w4um,https://open.spotify.com/track/1auxYwYrFRqZP7t3s7w4um,2:00,2:30
2Vnw8zKmjhr1jczUeaqiQg,https://open.spotify.com/track/2Vnw8zKmjhr1jczUeaqiQg,4:00,4:30
1ibRqifchaAfeNdQGpbRVW,https://open.spotify.com/track/1ibRqifchaAfeNdQGpbRVW,2:20,2:50
0gmbgwZ8iqyMPmXefof8Yf,https://open.spotify.com/track/0gmbgwZ8iqyMPmXefof8Yf,0:20,0:50
1jq28NGw6wdtFKx8MBPy6C,https://open.spotify.com/track/1jq28NGw6wdtFKx8MBPy6C,1:00,1:30
05tlUh0E6IFks9sCQguQKN,https://open.spotify.com/track/05tlUh0E6IFks9sCQguQKN,1:40,2:10
05rWggLwQ2weA4D2cRAt55,https://open.spotify.com/track/05rWggLwQ2weA4D2cRAt55,3:20,3:50
4Gmkqn3V7IMTkOmmiX7cbb,https://open.spotify.com/track/4Gmkqn3V7IMTkOmmiX7cbb,4:20,4:50
3l3xTXsUXeWlkPqzMs7mPD,https://open.spotify.com/track/3l3xTXsUXeWlkPqzMs7mPD,1:40,2:10
7dfl9X38RhIvB3oSmmneq3,https://open.spotify.com/track/7dfl9X38RhIvB3oSmmneq3,3:20,3:50
3wM6RTAnF7IQpMFd7b9ZcL,https://open.spotify.com/track/3wM6RTAnF7IQpMFd7b9ZcL,2:00,2:30
1Ehdm1PDlKrdfyBsjwEvd1,https://open.spotify.com/track/1Ehdm1PDlKrdfyBsjwEvd1,0:00,0:30
42CX3VhPsCG75BFp07r9Vj,https://open.spotify.com/track/42CX3VhPsCG75BFp07r9Vj,2:00,2:30
7nXZCcFAy1oCKQG2SqLszv,https://open.spotify.com/track/7nXZCcFAy1oCKQG2SqLszv,1:20,1:50
50kpGaPAhYJ3sGmk6vplg0,https://open.spotify.com/track/50kpGaPAhYJ3sGmk6vplg0,0:00,0:30
09CtPGIpYB4BrO8qb1RGsF,https://open.spotify.com/track/09CtPGIpYB4BrO8qb1RGsF,2:20,2:50
6epn3r7S14KUqlReYr77hA,https://open.spotify.com/track/6epn3r7S14KUqlReYr77hA,2:20,2:50
6QFCMUUq1T2Vf5sFUXcuQ7,https://open.spotify.com/track/6QFCMUUq1T2Vf5sFUXcuQ7,2:20,2:50
7so0lgd0zP2Sbgs2d7a1SZ,https://open.spotify.com/track/7so0lgd0zP2Sbgs2d7a1SZ,0:40,1:10
1QV6tiMFM6fSOKOGLMHYYg,https://open.spotify.com/track/1QV6tiMFM6fSOKOGLMHYYg,1:00,1:30
2rbDhOo9Fh61Bbu23T2qCk,https://open.spotify.com/track/2rbDhOo9Fh61Bbu23T2qCk,0:30,1:00
0SiywuOBRcynK0uKGWdCnn,https://open.spotify.com/track/0SiywuOBRcynK0uKGWdCnn,1:40,2:10
7vidktgNZFQylTgH1GEnMs,https://open.spotify.com/track/7vidktgNZFQylTgH1GEnMs,2:00,2:30
2OgVsp77En2nju8pnCieVU,https://open.spotify.com/track/2OgVsp77En2nju8pnCieVU,1:40,2:10
1JLn8RhQzHz3qDqsChcmBl,https://open.spotify.com/track/1JLn8RhQzHz3qDqsChcmBl,1:20,1:50
00qOE7OjRl0BpYiCiweZB2,https://open.spotify.com/track/00qOE7OjRl0BpYiCiweZB2,0:40,1:10
6ic8OlLUNEATToEFU3xmaH,https://open.spotify.com/track/6ic8OlLUNEATToEFU3xmaH,0:21,0:51
6I9VzXrHxO9rA9A5euc8Ak,https://open.spotify.com/track/6I9VzXrHxO9rA9A5euc8Ak,2:40,3:10
0Qh38w01QRXK6KHIv0e3hb,https://open.spotify.com/track/0Qh38w01QRXK6KHIv0e3hb,2:00,2:30
1mKXFLRA179hdOWQBwUk9e,https://open.spotify.com/track/1mKXFLRA179hdOWQBwUk9e,0:42,1:12
1jF7IL57ayN4Ity3jQqGu0,https://open.spotify.com/track/1jF7IL57ayN4Ity3jQqGu0,2:20,2:50
3XVBdLihbNbxUwZosxcGuJ,https://open.spotify.com/track/3XVBdLihbNbxUwZosxcGuJ,1:40,2:10
0mZ5GyrHG908lqrHaTw4hi,https://open.spotify.com/track/0mZ5GyrHG908lqrHaTw4hi,2:40,3:10
77xMtm3bTqLVN6FiJurLFv,https://open.spotify.com/track/77xMtm3bTqLVN6FiJurLFv,0:32,1:02
1htQDV8JxSuXG2QsNj5ttr,https://open.spotify.com/track/1htQDV8JxSuXG2QsNj5ttr,1:56,2:26
4jbmgIyjGoXjY01XxatOx6,https://open.spotify.com/track/4jbmgIyjGoXjY01XxatOx6,0:40,1:10
2009X8GyWTqyxIdzAEYW6N,https://open.spotify.com/track/2009X8GyWTqyxIdzAEYW6N,1:00,1:30
1y4eb6hmAvsqlDOl3fx9kk,https://open.spotify.com/track/1y4eb6hmAvsqlDOl3fx9kk,2:00,2:30
3E7dfMvvCLUddWissuqMwr,https://open.spotify.com/track/3E7dfMvvCLUddWissuqMwr,1:40,2:10
7DSAEUvxU8FajXtRloy8M0,https://open.spotify.com/track/7DSAEUvxU8FajXtRloy8M0,2:00,2:30
1daDRI9ahBonbWD8YcxOIB,https://open.spotify.com/track/1daDRI9ahBonbWD8YcxOIB,2:40,3:10
2vwlzO0Qp8kfEtzTsCXfyE,https://open.spotify.com/track/2vwlzO0Qp8kfEtzTsCXfyE,0:40,1:10
3qI94hINNNeb4S7xQi18lS,https://open.spotify.com/track/3qI94hINNNeb4S7xQi18lS,1:00,1:30
3kXoKlD84c6OmIcOLfrfEs,https://open.spotify.com/track/3kXoKlD84c6OmIcOLfrfEs,3:00,3:30
3koCCeSaVUyrRo3N2gHrd8,https://open.spotify.com/track/3koCCeSaVUyrRo3N2gHrd8,3:40,4:10
7tqhbajSfrz2F7E1Z75ASX,https://open.spotify.com/track/7tqhbajSfrz2F7E1Z75ASX,0:20,0:50
3VZmChrnVW8JK6ano4gSED,https://open.spotify.com/track/3VZmChrnVW8JK6ano4gSED,1:08,1:38
6ADSaE87h8Y3lccZlBJdXH,https://open.spotify.com/track/6ADSaE87h8Y3lccZlBJdXH,1:49,2:19
6wpGqhRvJGNNXwWlPmkMyO,https://open.spotify.com/track/6wpGqhRvJGNNXwWlPmkMyO,1:40,2:10
0gzqZ9d1jIKo9psEIthwXe,https://open.spotify.com/track/0gzqZ9d1jIKo9psEIthwXe,2:40,3:10
3zxklD2EGecZre9MjEEvIU,https://open.spotify.com/track/3zxklD2EGecZre9MjEEvIU,1:00,1:30
5z3ZDMP02xF33yCvPFnct3,https://open.spotify.com/track/5z3ZDMP02xF33yCvPFnct3,1:00,1:30
7N3PAbqfTjSEU1edb2tY8j,https://open.spotify.com/track/7N3PAbqfTjSEU1edb2tY8j,2:00,2:30
05RgAMGypEvqhNs5hPCbMS,https://open.spotify.com/track/05RgAMGypEvqhNs5hPCbMS,1:09,1:39
6UBjSnyP1O5W5ndJoO9vUk,https://open.spotify.com/track/6UBjSnyP1O5W5ndJoO9vUk,2:20,2:50
1Ryxsiacu8pUXIMCVnIQ8J,https://open.spotify.com/track/1Ryxsiacu8pUXIMCVnIQ8J,2:40,3:10
5EOoMWIB9iK4ZpcSex9Ec7,https://open.spotify.com/track/5EOoMWIB9iK4ZpcSex9Ec7,0:40,1:10
1SWmFiFSIBoDbQJjNKC7SR,https://open.spotify.com/track/1SWmFiFSIBoDbQJjNKC7SR,4:40,5:10
5qlJg0Wbj3sslxfwiaRNpq,https://open.spotify.com/track/5qlJg0Wbj3sslxfwiaRNpq,1:03,1:33
1xsYj84j7hUDDnTTerGWlH,https://open.spotify.com/track/1xsYj84j7hUDDnTTerGWlH,1:39,2:09
3QxKpdTB8ZSFn8MGeCCpsQ,https://open.spotify.com/track/3QxKpdTB8ZSFn8MGeCCpsQ,0:40,1:10
4JfuiOWlWCkjP6OKurHjSn,https://open.spotify.com/track/4JfuiOWlWCkjP6OKurHjSn,0:00,0:30
0xmjwnQ3FNE6HuWCt2nHdZ,https://open.spotify.com/track/0xmjwnQ3FNE6HuWCt2nHdZ,0:40,1:10
4kLLWz7srcuLKA7Et40PQR,https://open.spotify.com/track/4kLLWz7srcuLKA7Et40PQR,2:00,2:30
3F9ByoUqu31xU0I3G5xfVg,https://open.spotify.com/track/3F9ByoUqu31xU0I3G5xfVg,3:40,4:10
3ZdJffjzJWFimSQyxgGIxN,https://open.spotify.com/track/3ZdJffjzJWFimSQyxgGIxN,2:07,2:37
1mExCoXAGKI6abLGXoG7O3,https://open.spotify.com/track/1mExCoXAGKI6abLGXoG7O3,0:00,0:30
4sFtp3pDTJnOZfZuhY20vr,https://open.spotify.com/track/4sFtp3pDTJnOZfZuhY20vr,1:00,1:30
1qhp5owrFGeZ5Jgin28nwR,https://open.spotify.com/track/1qhp5owrFGeZ5Jgin28nwR,1:00,1:30
12q3V8ShACq2PSWINMc2rC,https://open.spotify.com/track/12q3V8ShACq2PSWINMc2rC,2:40,3:10
4HHge4zAyIw3pkrtFzmwCl,https://open.spotify.com/track/4HHge4zAyIw3pkrtFzmwCl,1:00,1:30
1BWsOxeMx83OrKGCV4gxly,https://open.spotify.com/track/1BWsOxeMx83OrKGCV4gxly,1:20,1:50
1AWQoqb9bSvzTjaLralEkT,https://open.spotify.com/track/1AWQoqb9bSvzTjaLralEkT,0:40,1:10
4rHZZAmHpZrA3iH5zx8frV,https://open.spotify.com/track/4rHZZAmHpZrA3iH5zx8frV,1:40,2:10
6JV2JOEocMgcZxYSZelKcc,https://open.spotify.com/track/6JV2JOEocMgcZxYSZelKcc,1:20,1:50
0O45fw2L5vsWpdsOdXwNAR,https://open.spotify.com/track/0O45fw2L5vsWpdsOdXwNAR,2:40,3:10
3G7tRC24Uh09Hmp1KZ7LQ2,https://open.spotify.com/track/3G7tRC24Uh09Hmp1KZ7LQ2,1:40,2:10
7uEcCGtM1FBBGIhPozhJjv,https://open.spotify.com/track/7uEcCGtM1FBBGIhPozhJjv,1:00,1:30
1XxRYmDKuABtbtCozx3pA2,https://open.spotify.com/track/1XxRYmDKuABtbtCozx3pA2,1:40,2:10
5KqldkCunQ2rWxruMEtGh0,https://open.spotify.com/track/5KqldkCunQ2rWxruMEtGh0,2:40,3:10
4mnOVRRXsaqg9Nb041xR8u,https://open.spotify.com/track/4mnOVRRXsaqg9Nb041xR8u,2:20,2:50
0JkIre0YxNmKGMU5V7ZiDx,https://open.spotify.com/track/0JkIre0YxNmKGMU5V7ZiDx,2:00,2:30
5Pj5zrq2nbKcAekH1AxbrO,https://open.spotify.com/track/5Pj5zrq2nbKcAekH1AxbrO,3:20,3:50
4KfSdst7rW39C0sfhArdrz,https://open.spotify.com/track/4KfSdst7rW39C0sfhArdrz,2:20,2:50
5YjKdeES9QRJ8NmF4Xc8pV,https://open.spotify.com/track/5YjKdeES9QRJ8NmF4Xc8pV,1:00,1:30
0h17TpfCKbbib1J37Qgj7r,https://open.spotify.com/track/0h17TpfCKbbib1J37Qgj7r,1:40,2:10
5zH710lFSLtkHbMkslLDjR,https://open.spotify.com/track/5zH710lFSLtkHbMkslLDjR,0:56,1:26
3IvcWWehbBcBR4YZxlGM9R,https://open.spotify.com/track/3IvcWWehbBcBR4YZxlGM9R,1:40,2:10
60hGQrn24APqEFSLObLeDc,https://open.spotify.com/track/60hGQrn24APqEFSLObLeDc,3:00,3:30
6leiB1fEsTnVCuPiielde5,https://open.spotify.com/track/6leiB1fEsTnVCuPiielde5,1:27,1:57
4Pn0JlCUusD2QHjADuOzuV,https://open.spotify.com/track/4Pn0JlCUusD2QHjADuOzuV,1:00,1:30
6iXQrhhgBisdfvS34EMTZ3,https://open.spotify.com/track/6iXQrhhgBisdfvS34EMTZ3,1:20,1:50
7qUTZEf6bgiApJEXpMAH5y,https://open.spotify.com/track/7qUTZEf6bgiApJEXpMAH5y,1:00,1:30
5dNfHmqgr128gMY2tc5CeJ,https://open.spotify.com/track/5dNfHmqgr128gMY2tc5CeJ,2:00,2:30
2RzJwBCXsS1VnjDm2jKKAa,https://open.spotify.com/track/2RzJwBCXsS1VnjDm2jKKAa,3:00,3:30
7cFQFr1VpkSp3BTIn7X719,https://open.spotify.com/track/7cFQFr1VpkSp3BTIn7X719,3:20,3:50
5RKQ5NdjSh2QzD4MaunT91,https://open.spotify.com/track/5RKQ5NdjSh2QzD4MaunT91,2:40,3:10
71SvEDmsOwIWw1IozsZoMA,https://open.spotify.com/track/71SvEDmsOwIWw1IozsZoMA,2:20,2:50
1pTw2cNrp9L3esxLAvWnN2,https://open.spotify.com/track/1pTw2cNrp9L3esxLAvWnN2,1:00,1:30
0l5TpsCL1ObiTEsHeWA0by,https://open.spotify.com/track/0l5TpsCL1ObiTEsHeWA0by,2:13,2:43
0Q3GpBYKy5Mx97TNBJVibl,https://open.spotify.com/track/0Q3GpBYKy5Mx97TNBJVibl,0:30,1:00
3g2fYZW5v2od8KIF7VktT0,https://open.spotify.com/track/3g2fYZW5v2od8KIF7VktT0,2:20,2:50
4Xl2PrS3DJqqSKXCo6Uhv9,https://open.spotify.com/track/4Xl2PrS3DJqqSKXCo6Uhv9,0:40,1:10
5y788ya4NvwhBznoDIcXwK,https://open.spotify.com/track/5y788ya4NvwhBznoDIcXwK,1:20,1:50
76TZCvJ8GitQ2FA1q5dKu0,https://open.spotify.com/track/76TZCvJ8GitQ2FA1q5dKu0,2:20,2:50
6l8EbYRtQMgKOyc1gcDHF9,https://open.spotify.com/track/6l8EbYRtQMgKOyc1gcDHF9,2:20,2:50
1eN42Q7IWRzRBq8eW2Y2TE,https://open.spotify.com/track/1eN42Q7IWRzRBq8eW2Y2TE,1:20,1:50
6QhXQOpyYvbpdbyjgAqKdY,https://open.spotify.com/track/6QhXQOpyYvbpdbyjgAqKdY,2:00,2:30
3RMeOetCdXttthQK0clPuz,https://open.spotify.com/track/3RMeOetCdXttthQK0clPuz,1:40,2:10
3ascnOSOR5MX901ylGuhcl,https://open.spotify.com/track/3ascnOSOR5MX901ylGuhcl,0:18,0:48
2nfMrwg3aRhSAv4HX7IzJL,https://open.spotify.com/track/2nfMrwg3aRhSAv4HX7IzJL,1:21,1:51
1fu5IQSRgPxJL2OTP7FVLW,https://open.spotify.com/track/1fu5IQSRgPxJL2OTP7FVLW,2:40,3:10
7qiZfU4dY1lWllzX7mPBI3,https://open.spotify.com/track/7qiZfU4dY1lWllzX7mPBI3,2:40,3:10
0tgVpDi06FyKpA1z0VMD4v,https://open.spotify.com/track/0tgVpDi06FyKpA1z0VMD4v,2:00,2:30
1HNkqx9Ahdgi1Ixy2xkKkL,https://open.spotify.com/track/1HNkqx9Ahdgi1Ixy2xkKkL,2:20,2:50
34gCuhDGsG4bRPIf9bb02f,https://open.spotify.com/track/34gCuhDGsG4bRPIf9bb02f,3:40,4:10
6JY1IdkZGeIcPegKxjSKeb,https://open.spotify.com/track/6JY1IdkZGeIcPegKxjSKeb,2:20,2:50
0gJvqi9QyASOCtJu99tytc,https://open.spotify.com/track/0gJvqi9QyASOCtJu99tytc,2:00,2:30
459h0Mh30C82Z1lhk41yYK,https://open.spotify.com/track/459h0Mh30C82Z1lhk41yYK,0:42,1:12
3nAp4IvdMPPWEH9uuXFFV5,https://open.spotify.com/track/3nAp4IvdMPPWEH9uuXFFV5,0:04,0:34
6mFkJmJqdDVQ1REhVfGgd1,https://open.spotify.com/track/6mFkJmJqdDVQ1REhVfGgd1,1:40,2:10
4gMgiXfqyzZLMhsksGmbQV,https://open.spotify.com/track/4gMgiXfqyzZLMhsksGmbQV,0:00,0:30
5HNCy40Ni5BZJFw1TKzRsC,https://open.spotify.com/track/5HNCy40Ni5BZJFw1TKzRsC,1:45,2:15
2ctvdKmETyOzPb2GiJJT53,https://open.spotify.com/track/2ctvdKmETyOzPb2GiJJT53,1:20,1:50
2TjdnqlpwOjhijHCwHCP2d,https://open.spotify.com/track/2TjdnqlpwOjhijHCwHCP2d,3:00,3:30
4pbJqGIASGPr0ZpGpnWkDn,https://open.spotify.com/track/4pbJqGIASGPr0ZpGpnWkDn,0:12,0:42
4u7EnebtmKWzUH433cf5Qv,https://open.spotify.com/track/4u7EnebtmKWzUH433cf5Qv,2:10,2:40
5T8EDUDqKcs6OSOwEsfqG7,https://open.spotify.com/track/5T8EDUDqKcs6OSOwEsfqG7,2:00,2:30
4rDbp1vnvEhieiccprPMdI,https://open.spotify.com/track/4rDbp1vnvEhieiccprPMdI,1:00,1:30
5vdp5UmvTsnMEMESIF2Ym7,https://open.spotify.com/track/5vdp5UmvTsnMEMESIF2Ym7,0:40,1:10
2fuCquhmrzHpu5xcA1ci9x,https://open.spotify.com/track/2fuCquhmrzHpu5xcA1ci9x,2:40,3:10
6Y3WvyUG9iE5bQYg38SPtQ,https://open.spotify.com/track/6Y3WvyUG9iE5bQYg38SPtQ,3:00,3:30
3aw9iWUQ3VrPQltgwvN9Xu,https://open.spotify.com/track/3aw9iWUQ3VrPQltgwvN9Xu,1:00,1:30
3Lk7RWStfLaHG7lXsuS87j,https://open.spotify.com/track/3Lk7RWStfLaHG7lXsuS87j,2:05,2:35
5TRPicyLGbAF2LGBFbHGvO,https://open.spotify.com/track/5TRPicyLGbAF2LGBFbHGvO,0:20,0:50
4EWCNWgDS8707fNSZ1oaA5,https://open.spotify.com/track/4EWCNWgDS8707fNSZ1oaA5,0:40,1:10
1ZHYJ2Wwgxes4m8Ba88PeK,https://open.spotify.com/track/1ZHYJ2Wwgxes4m8Ba88PeK,5:00,5:30
7rbECVPkY5UODxoOUVKZnA,https://open.spotify.com/track/7rbECVPkY5UODxoOUVKZnA,1:20,1:50
2ymeOsYijJz09LfKw3yM2x,https://open.spotify.com/track/2ymeOsYijJz09LfKw3yM2x,0:20,0:50
1CAO7hiNOxJRPW4nFv2aRO,https://open.spotify.com/track/1CAO7hiNOxJRPW4nFv2aRO,1:20,1:50
1JQ6Xm1JrvHfvAqhl5pwaA,https://open.spotify.com/track/1JQ6Xm1JrvHfvAqhl5pwaA,1:40,2:10
5VJjhHyG8NZ5xdgG6uTb3P,https://open.spotify.com/track/5VJjhHyG8NZ5xdgG6uTb3P,2:40,3:10
5xl5582IihbEZAnfj0xyso,https://open.spotify.com/track/5xl5582IihbEZAnfj0xyso,1:40,2:10
015qd1I4v00JIoK7yOUgKC,https://open.spotify.com/track/015qd1I4v00JIoK7yOUgKC,1:00,1:30
1Eb90nmqTrxylKFhcUzW8P,https://open.spotify.com/track/1Eb90nmqTrxylKFhcUzW8P,1:12,1:43
0GONea6G2XdnHWjNZd6zt3,https://open.spotify.com/track/0GONea6G2XdnHWjNZd6zt3,1:00,1:30
7Ewz6bJ97vUqk5HdkvguFQ,https://open.spotify.com/track/7Ewz6bJ97vUqk5HdkvguFQ,2:40,3:10
5IgjP7X4th6nMNDh4akUHb,https://open.spotify.com/track/5IgjP7X4th6nMNDh4akUHb,2:00,2:30
6XHVuErjQ4XNm6nDPVCxVX,https://open.spotify.com/track/6XHVuErjQ4XNm6nDPVCxVX,3:00,3:30
7snQQk1zcKl8gZ92AnueZW,https://open.spotify.com/track/7snQQk1zcKl8gZ92AnueZW,5:00,5:30
0G21yYKMZoHa30cYVi1iA8,https://open.spotify.com/track/0G21yYKMZoHa30cYVi1iA8,1:40,2:10
3YRCqOhFifThpSRFJ1VWFM,https://open.spotify.com/track/3YRCqOhFifThpSRFJ1VWFM,3:40,4:10
6eN1f9KNmiWEhpE2RhQqB5,https://open.spotify.com/track/6eN1f9KNmiWEhpE2RhQqB5,3:20,3:50
4JiEyzf0Md7KEFFGWDDdCr,https://open.spotify.com/track/4JiEyzf0Md7KEFFGWDDdCr,1:00,1:30
0PdM2a6oIjqepoEfcJo0RO,https://open.spotify.com/track/0PdM2a6oIjqepoEfcJo0RO,1:40,2:10
2PFIZFcGry0po3ZfRZkzKc,https://open.spotify.com/track/2PFIZFcGry0po3ZfRZkzKc,4:00,4:30
18URo35acNKRTHfEdjTcGn,https://open.spotify.com/track/18URo35acNKRTHfEdjTcGn,1:40,2:10
4qjscZh4jfhkpcQG4ZQfi2,https://open.spotify.com/track/4qjscZh4jfhkpcQG4ZQfi2,3:20,3:50
2olVm1lHicpveMAo4AUDRB,https://open.spotify.com/track/2olVm1lHicpveMAo4AUDRB,2:20,2:50
2cFl7utlqyZjCXN1G5nRvA,https://open.spotify.com/track/2cFl7utlqyZjCXN1G5nRvA,0:20,0:50
648BMGrt98kUbLo24A4vgj,https://open.spotify.com/track/648BMGrt98kUbLo24A4vgj,0:00,0:30
57BrRMwf9LrcmuOsyGilwr,https://open.spotify.com/track/57BrRMwf9LrcmuOsyGilwr,0:20,0:50
2nLtzopw4rPReszdYBJU6h,https://open.spotify.com/track/2nLtzopw4rPReszdYBJU6h,2:00,2:30
60a0Rd6pjrkxjPbaKzXjfq,https://open.spotify.com/track/60a0Rd6pjrkxjPbaKzXjfq,0:40,1:10
0OYcEfskah1egYHjYRvbg1,https://open.spotify.com/track/0OYcEfskah1egYHjYRvbg1,1:00,1:30
5JHNg1hxZFT7TDEphhM4wj,https://open.spotify.com/track/5JHNg1hxZFT7TDEphhM4wj,2:40,3:10
17PXXzOygMyXXUNLngVN5u,https://open.spotify.com/track/17PXXzOygMyXXUNLngVN5u,0:00,0:30
6zV8IpLvw0tkRSVCFQJB1y,https://open.spotify.com/track/6zV8IpLvw0tkRSVCFQJB1y,0:20,0:50
1oht5GevPN9t1T3kG1m1GO,https://open.spotify.com/track/1oht5GevPN9t1T3kG1m1GO,2:00,2:30
5WOLghNew2YKZO96gYoM7p,https://open.spotify.com/track/5WOLghNew2YKZO96gYoM7p,0:00,0:30
20OFwXhEXf12DzwXmaV7fj,https://open.spotify.com/track/20OFwXhEXf12DzwXmaV7fj,0:40,1:10
5DnT9a5IM3eMjKgXTWVJvi,https://open.spotify.com/track/5DnT9a5IM3eMjKgXTWVJvi,0:00,0:30
4BP3uh0hFLFRb5cjsgLqDh,https://open.spotify.com/track/4BP3uh0hFLFRb5cjsgLqDh,1:00,1:30
2gE95JskwQ1pCACTpGe1Db,https://open.spotify.com/track/2gE95JskwQ1pCACTpGe1Db,2:00,2:30
17S4XrLvF5jlGvGCJHgF51,https://open.spotify.com/track/17S4XrLvF5jlGvGCJHgF51,1:00,1:30
3dmqIB2Qxe2XZobw9gXxJ6,https://open.spotify.com/track/3dmqIB2Qxe2XZobw9gXxJ6,3:20,3:50
53LwBS4bovyljsMlLqGfd6,https://open.spotify.com/track/53LwBS4bovyljsMlLqGfd6,1:00,1:30
4mcZYzoGwPRDdhWVlygiHf,https://open.spotify.com/track/4mcZYzoGwPRDdhWVlygiHf,2:00,2:30
1HfB7BLeW5XXIJ9sjCaL5U,https://open.spotify.com/track/1HfB7BLeW5XXIJ9sjCaL5U,0:40,1:10
0qxYx4F3vm1AOnfux6dDxP,https://open.spotify.com/track/0qxYx4F3vm1AOnfux6dDxP,2:20,2:50
6vxHp3CDNo0afgKGp2yi1E,https://open.spotify.com/track/6vxHp3CDNo0afgKGp2yi1E,0:16,0:46
7ygBd6XOHoCzIOEL147xbz,https://open.spotify.com/track/7ygBd6XOHoCzIOEL147xbz,0:00,0:30
6Qb7gtV6Q4MnUjSbkFcopl,https://open.spotify.com/track/6Qb7gtV6Q4MnUjSbkFcopl,0:40,1:10
47BBI51FKFwOMlIiX6m8ya,https://open.spotify.com/track/47BBI51FKFwOMlIiX6m8ya,3:00,3:30
3UpS7kBnkVQYG13pDDFTC4,https://open.spotify.com/track/3UpS7kBnkVQYG13pDDFTC4,2:40,3:10
6gsFth2s4hP8zXHSqNcsuY,https://open.spotify.com/track/6gsFth2s4hP8zXHSqNcsuY,1:10,1:40
0b4M7hd7mzLTm99MrMeZsp,https://open.spotify.com/track/0b4M7hd7mzLTm99MrMeZsp,4:20,4:50
66TxPMqbyDLJOusYH4o93n,https://open.spotify.com/track/66TxPMqbyDLJOusYH4o93n,2:20,2:50
0EHR9OObFtjlhQB8wSt1m7,https://open.spotify.com/track/0EHR9OObFtjlhQB8wSt1m7,3:00,3:30
2ZiMQKIieJ7GTRYnO8fP8p,https://open.spotify.com/track/2ZiMQKIieJ7GTRYnO8fP8p,3:40,4:10
4lnnde7PnrXR3pUzQKBe6X,https://open.spotify.com/track/4lnnde7PnrXR3pUzQKBe6X,2:00,2:30
10RQKVSr4rS0coExTmi4dF,https://open.spotify.com/track/10RQKVSr4rS0coExTmi4dF,2:00,2:30
0ZUo4YjG4saFnEJhdWp9Bt,https://open.spotify.com/track/0ZUo4YjG4saFnEJhdWp9Bt,0:40,1:10
3lec3CzDPAxsZokPph5w87,https://open.spotify.com/track/3lec3CzDPAxsZokPph5w87,2:40,3:10
1IcR6RlgvDczfvoWJSSY2A,https://open.spotify.com/track/1IcR6RlgvDczfvoWJSSY2A,1:20,1:50
1Wf14bTyb6UeKojy8ykPYm,https://open.spotify.com/track/1Wf14bTyb6UeKojy8ykPYm,0:40,1:10
24AIahNHzBxm9S12peXbnG,https://open.spotify.com/track/24AIahNHzBxm9S12peXbnG,0:04,0:34
0PsbWiVtix5FoTZ1s00mEl,https://open.spotify.com/track/0PsbWiVtix5FoTZ1s00mEl,1:20,1:50
3WvIE0r15DpLbcHvBT3rdB,https://open.spotify.com/track/3WvIE0r15DpLbcHvBT3rdB,0:00,0:30
1CQqupcyMg7176PPmIVmSj,https://open.spotify.com/track/1CQqupcyMg7176PPmIVmSj,0:50,1:20
6T0gaMfEfNWXZCGQKh1wlo,https://open.spotify.com/track/6T0gaMfEfNWXZCGQKh1wlo,0:40,1:10
0HEmnAUT8PHznIAAmVXqFJ,https://open.spotify.com/track/0HEmnAUT8PHznIAAmVXqFJ,1:19,1:49
1wZ7o1mZysv1l26ZWawVfW,https://open.spotify.com/track/1wZ7o1mZysv1l26ZWawVfW,5:20,5:50
2goLsvvODILDzeeiT4dAoR,https://open.spotify.com/track/2goLsvvODILDzeeiT4dAoR,1:00,1:30
6mYrhCAGWzTdF8QnKuchXM,https://open.spotify.com/track/6mYrhCAGWzTdF8QnKuchXM,2:20,2:50
144JMbvbR5txNzoZ112wo4,https://open.spotify.com/track/144JMbvbR5txNzoZ112wo4,2:20,2:50
6qspW4YKycviDFjHBOaqUY,https://open.spotify.com/track/6qspW4YKycviDFjHBOaqUY,0:40,1:10
1KGi9sZVMeszgZOWivFpxs,https://open.spotify.com/track/1KGi9sZVMeszgZOWivFpxs,2:20,2:50
1aWV3uY3SIEZVbmv45oFWS,https://open.spotify.com/track/1aWV3uY3SIEZVbmv45oFWS,2:01,2:31
2mqaYmF0XmV8egZB6jQOtN,https://open.spotify.com/track/2mqaYmF0XmV8egZB6jQOtN,2:40,3:10
3x2ksaXI6EZUWidE2BiLXy,https://open.spotify.com/track/3x2ksaXI6EZUWidE2BiLXy,0:40,1:10
0pdfN7nOHMYmKykzu1cyfm,https://open.spotify.com/track/0pdfN7nOHMYmKykzu1cyfm,0:42,1:12
7r91bpZvftQAk6EfdSdwXq,https://open.spotify.com/track/7r91bpZvftQAk6EfdSdwXq,0:40,1:10
7Ar4G7Ci11gpt6sfH9Cgz5,https://open.spotify.com/track/7Ar4G7Ci11gpt6sfH9Cgz5,0:40,1:10
7cy1bEJV6FCtDaYpsk8aG6,https://open.spotify.com/track/7cy1bEJV6FCtDaYpsk8aG6,0:48,1:18
2yBVeksU2EtrPJbTu4ZslK,https://open.spotify.com/track/2yBVeksU2EtrPJbTu4ZslK,0:00,0:30
4nXkbcTj3nyww1cHkw5RAP,https://open.spotify.com/track/4nXkbcTj3nyww1cHkw5RAP,0:40,1:10
1Yv97ENCydLPABqsC2nGtb,https://open.spotify.com/track/1Yv97ENCydLPABqsC2nGtb,0:17,0:47
7sqK6f8dHVx3Q1GjFrVyGl,https://open.spotify.com/track/7sqK6f8dHVx3Q1GjFrVyGl,0:00,0:30
3hqsBLMAqJqrhr434Z7WlA,https://open.spotify.com/track/3hqsBLMAqJqrhr434Z7WlA,0:00,0:30
6ZSTinOwx5dKFYc6iYyGDn,https://open.spotify.com/track/6ZSTinOwx5dKFYc6iYyGDn,0:00,0:30
7IsXXgpowAB48crGjV1oGb,https://open.spotify.com/track/7IsXXgpowAB48crGjV1oGb,0:36,1:06
62Yu8QL1g9pdbvN4XL9Rah,https://open.spotify.com/track/62Yu8QL1g9pdbvN4XL9Rah,0:40,1:10
6oMZhY0f1ReI6AJDDYfuSb,https://open.spotify.com/track/6oMZhY0f1ReI6AJDDYfuSb,0:19,0:49
1dgWTMoHwTUnQhOQ8SR5fV,https://open.spotify.com/track/1dgWTMoHwTUnQhOQ8SR5fV,1:20,1:50
5pgmgHNxiq9w9XuthMKzJS,https://open.spotify.com/track/5pgmgHNxiq9w9XuthMKzJS,0:18,0:48
0hlou0hEfL2aS9FpJMX2OW,https://open.spotify.com/track/0hlou0hEfL2aS9FpJMX2OW,3:20,3:50
6n6OQfBpCgzF9oEg8zhBN7,https://open.spotify.com/track/6n6OQfBpCgzF9oEg8zhBN7,0:26,0:56
1urmwhtXPiakhcqvqUi3rp,https://open.spotify.com/track/1urmwhtXPiakhcqvqUi3rp,3:00,3:30
2n4uOdMHzEvcZ0KP7iQnay,https://open.spotify.com/track/2n4uOdMHzEvcZ0KP7iQnay,1:20,1:50
0DlVOdK5GJtnom4nI3EOz5,https://open.spotify.com/track/0DlVOdK5GJtnom4nI3EOz5,3:39,4:09
59q0gDvWPoL2DQ1SAt5ZLY,https://open.spotify.com/track/59q0gDvWPoL2DQ1SAt5ZLY,2:21,2:51
7iL6o9tox1zgHpKUfh9vuC,https://open.spotify.com/track/7iL6o9tox1zgHpKUfh9vuC,1:00,1:30
5dUMh0ugelpKfoFp3qChuK,https://open.spotify.com/track/5dUMh0ugelpKfoFp3qChuK,0:20,0:50
2xar08Fq5xra2KKZs5Bw9j,https://open.spotify.com/track/2xar08Fq5xra2KKZs5Bw9j,2:00,2:30
1AGU94UmRrDst2T9C5pEvI,https://open.spotify.com/track/1AGU94UmRrDst2T9C5pEvI,0:35,1:05
2zFdsAIk9r2Mi7Lmm1w3sM,https://open.spotify.com/track/2zFdsAIk9r2Mi7Lmm1w3sM,2:20,2:50
0xpBr84T3FTm9j4D1MdPtk,https://open.spotify.com/track/0xpBr84T3FTm9j4D1MdPtk,1:40,2:10
0No5Hr1LxZjJHGsQSTy2bm,https://open.spotify.com/track/0No5Hr1LxZjJHGsQSTy2bm,2:52,3:22
6twIBPybEvGydyNzNz89FT,https://open.spotify.com/track/6twIBPybEvGydyNzNz89FT,0:50,1:20
1JSTJqkT5qHq8MDJnJbRE1,https://open.spotify.com/track/1JSTJqkT5qHq8MDJnJbRE1,0:36,1:06
3EYOJ48Et32uATr9ZmLnAo,https://open.spotify.com/track/3EYOJ48Et32uATr9ZmLnAo,2:20,2:50
1oYYd2gnWZYrt89EBXdFiO,https://open.spotify.com/track/1oYYd2gnWZYrt89EBXdFiO,2:40,3:10
44aTAUBF0g6sMkMNE8I5kd,https://open.spotify.com/track/44aTAUBF0g6sMkMNE8I5kd,0:20,0:50
2Fs18NaCDuluPG1DHGw1XG,https://open.spotify.com/track/2Fs18NaCDuluPG1DHGw1XG,3:20,3:50
4YjjNHtEsTX6Af4mCTupT5,https://open.spotify.com/track/4YjjNHtEsTX6Af4mCTupT5,2:20,2:50
4bVuIlGQBMWS7vIhcx8Ae4,https://open.spotify.com/track/4bVuIlGQBMWS7vIhcx8Ae4,2:20,2:50
6KCUliK0a3lHcMiGaqNdHR,https://open.spotify.com/track/6KCUliK0a3lHcMiGaqNdHR,2:40,3:10
2HRbnflWz1K17PhfdxH6w2,https://open.spotify.com/track/2HRbnflWz1K17PhfdxH6w2,0:31,1:01
6o3MvjWfF0jczTzPRcfZsK,https://open.spotify.com/track/6o3MvjWfF0jczTzPRcfZsK,0:30,1:00
4aMT5LHe8A2uIc11H8Cx2m,https://open.spotify.com/track/4aMT5LHe8A2uIc11H8Cx2m,0:50,1:20
0tzixmHNQfE6S6SirSToxW,https://open.spotify.com/track/0tzixmHNQfE6S6SirSToxW,2:20,2:50
53wDkiyFwtOxjRaZOCdy48,https://open.spotify.com/track/53wDkiyFwtOxjRaZOCdy48,2:00,2:30
7LD74EByP1gBD2FynoIGSL,https://open.spotify.com/track/7LD74EByP1gBD2FynoIGSL,0:40,1:10
4wswaG5vmNINMZcVBsAyBP,https://open.spotify.com/track/4wswaG5vmNINMZcVBsAyBP,2:20,2:50
59kHPbwyyCApYA8RQQEuXm,https://open.spotify.com/track/59kHPbwyyCApYA8RQQEuXm,0:40,1:10
1hP3y3sr31ZVe1pJnqiKsJ,https://open.spotify.com/track/1hP3y3sr31ZVe1pJnqiKsJ,1:40,2:10
0Fe1qL6qvgt6m71BoUUG3V,https://open.spotify.com/track/0Fe1qL6qvgt6m71BoUUG3V,1:00,1:30
0yftAXSqtZoHdgrXjSuZwz,https://open.spotify.com/track/0yftAXSqtZoHdgrXjSuZwz,2:40,3:10
5JVlu41jJTVVD8HnkcslNZ,https://open.spotify.com/track/5JVlu41jJTVVD8HnkcslNZ,0:29,0:59
4qYMcUZzsIYRNi7LnVV90v,https://open.spotify.com/track/4qYMcUZzsIYRNi7LnVV90v,0:25,0:55
4lYaAFLiZMxrqHUijf83ZR,https://open.spotify.com/track/4lYaAFLiZMxrqHUijf83ZR,0:00,0:30
6SDJcDg0BzVOuUGT0WEYKP,https://open.spotify.com/track/6SDJcDg0BzVOuUGT0WEYKP,0:20,0:50
0rOGlWeH0drBxhO2oEvsqr,https://open.spotify.com/track/0rOGlWeH0drBxhO2oEvsqr,0:20,0:50
4DphT1rljbJjbK9WdrR1zI,https://open.spotify.com/track/4DphT1rljbJjbK9WdrR1zI,0:43,1:14
31IogzJ6J55FjbJhKT9PBy,https://open.spotify.com/track/31IogzJ6J55FjbJhKT9PBy,0:00,0:30
16pUlUFjyp6BtDtxC0i9ch,https://open.spotify.com/track/16pUlUFjyp6BtDtxC0i9ch,0:18,0:48
5sJnwwIjhid95JI3zShd6A,https://open.spotify.com/track/5sJnwwIjhid95JI3zShd6A,0:40,1:10
7wnm2J7SGOMLv7oycQZzDc,https://open.spotify.com/track/7wnm2J7SGOMLv7oycQZzDc,0:00,0:30
5Y8QJVMu9MWziD2IgujriR,https://open.spotify.com/track/5Y8QJVMu9MWziD2IgujriR,0:20,0:50
3Hx5E6ObUjkNBLQM0x37cA,https://open.spotify.com/track/3Hx5E6ObUjkNBLQM0x37cA,0:00,0:30
7DKjnQH7yeCUPXX88Hh12p,https://open.spotify.com/track/7DKjnQH7yeCUPXX88Hh12p,0:20,0:50
4Qj9e2yydpmjA3qSJv58Se,https://open.spotify.com/track/4Qj9e2yydpmjA3qSJv58Se,0:20,0:50
4IkWzcb7Zaarlz1lmiKNPE,https://open.spotify.com/track/4IkWzcb7Zaarlz1lmiKNPE,0:00,0:30
7xQiq1lCtwkJdI3zni9BZp,https://open.spotify.com/track/7xQiq1lCtwkJdI3zni9BZp,0:11,0:41
1fQ2pN9MLxxi399nlHEth7,https://open.spotify.com/track/1fQ2pN9MLxxi399nlHEth7,0:11,0:41
3rTnGUeDrnZV22DvRuUuXr,https://open.spotify.com/track/3rTnGUeDrnZV22DvRuUuXr,1:20,1:50
1xlHJbC2DE2aWDTlqFw81u,https://open.spotify.com/track/1xlHJbC2DE2aWDTlqFw81u,0:40,1:10
3i8j2dKXChkErfi8jsDDuH,https://open.spotify.com/track/3i8j2dKXChkErfi8jsDDuH,0:20,0:50
1yJzoX4xPsACzVxUarXRKa,https://open.spotify.com/track/1yJzoX4xPsACzVxUarXRKa,0:20,0:50
0S0YKiEdR9cT9pYgEaTevF,https://open.spotify.com/track/0S0YKiEdR9cT9pYgEaTevF,4:00,4:30
1ZwJALwnYbeHdEVCNVmniz,https://open.spotify.com/track/1ZwJALwnYbeHdEVCNVmniz,0:18,0:48
2rIqbiRDXuiWxFHfLgzYRe,https://open.spotify.com/track/2rIqbiRDXuiWxFHfLgzYRe,4:20,4:50
0aWMVrwxPNYkKmFthzmpRi,https://open.spotify.com/track/0aWMVrwxPNYkKmFthzmpRi,0:04,0:34
6yLkOiVYKaBw4DdHbH9r4n,https://open.spotify.com/track/6yLkOiVYKaBw4DdHbH9r4n,0:00,0:30
2Bsnj9KAmtYz8PW9RImef7,https://open.spotify.com/track/2Bsnj9KAmtYz8PW9RImef7,2:27,2:57
4tHqQMWSqmL6YjXwsqthDI,https://open.spotify.com/track/4tHqQMWSqmL6YjXwsqthDI,0:00,0:30
75lWQzF7y0FY9380G3gEZ9,https://open.spotify.com/track/75lWQzF7y0FY9380G3gEZ9,0:40,1:10
0sFvItEeMstcUyZCleYgyj,https://open.spotify.com/track/0sFvItEeMstcUyZCleYgyj,0:00,0:30
3MWToltSqef5lgDt0pO16p,https://open.spotify.com/track/3MWToltSqef5lgDt0pO16p,1:24,1:54
6qVXkG01rBYGfxIndGOQ3z,https://open.spotify.com/track/6qVXkG01rBYGfxIndGOQ3z,0:30,1:00
70jtjJHtVBPuxllGPCWxnX,https://open.spotify.com/track/70jtjJHtVBPuxllGPCWxnX,3:29,3:59
65kp3OFn7JXbCvkm3m2Ui2,https://open.spotify.com/track/65kp3OFn7JXbCvkm3m2Ui2,0:12,0:42
6yHx2dNnWb1fEChGoulEVc,https://open.spotify.com/track/6yHx2dNnWb1fEChGoulEVc,3:20,3:50
07ceEXOyS7ghQkyCOycXwP,https://open.spotify.com/track/07ceEXOyS7ghQkyCOycXwP,0:00,0:30
