 ,A_No,pos,artist_name,track_name,album_name,duration_m_s,danceability,energy,key,loudness,mode,speechiness,acousticness,instrumentalness,liveness,valence,tempo,popularity,spotify_id,id,genres
1,1,,The Beatles,Let It Be - Remastered 2009,,4:03,0.44,0.4,C,-8,major,0.03,0.63,0,0.11,0.41,143,78,7iN1s7xHE4ifF5povM6A48,,"classic rock, psychedelic rock"
2,1,,The Beatles,Here Comes The Sun - Remastered 2009,,3:06,0.56,0.54,A,-10,major,0.03,0.03,0,0.18,0.39,129,86,6dGnYIeXmHdcikdzNNDMm2,,"classic rock, psychedelic rock"
3,1,,The Beatles,I Want To Hold Your Hand - Remastered 2015,,2:26,0.49,0.72,G,-6,major,0.05,0.39,0,0.31,0.87,131,65,4pbG9SUmWIvsROVLF0zF9s,,"classic rock, psychedelic rock"
4,1,,The Beatles,Yesterday - Remastered - Remastered 2009,,2:06,0.33,0.18,F,-12,major,0.03,0.88,0,0.09,0.32,97,78,3BQHpFgAp4l80e1XslIjNI,,"classic rock, psychedelic rock"
5,1,,The Beatles,Eleanor Rigby - Remastered 2009,,2:07,0.58,0.28,E,-9,minor,0.04,0.94,0,0.31,0.81,138,69,5GjPQ0eI7AgmOnADn1EO6Q,,"classic rock, psychedelic rock"
6,2,,The Rolling Stones,Sympathy For The Devil,,6:18,0.57,0.68,A,-11,major,0.26,0.58,0,0.04,0.61,114,53,75zMKn5euxQdlkZgu4P42J,,"classic rock, rock"
7,2,,The Rolling Stones,Beast Of Burden - Remastered 1994,,4:25,0.78,0.88,C#,-4,minor,0.03,0.39,0,0.04,0.89,101,76,77oU2rjC5XbjQfNe3bD6so,,"classic rock, rock"
8,2,,The Rolling Stones,Memory Motel - Remastered,,7:08,0.36,0.62,F,-6,major,0.04,0.78,0,0.15,0.38,81,42,744hdHz3CORMz3FcU230C4,,"classic rock, rock"
9,2,,The Rolling Stones,I Am Waiting,,3:11,0.63,0.4,C,-15,major,0.04,0.57,0,0.08,0.6,89,40,0JuW3zVUYjyW5BbtXq2to6,,"classic rock, rock"
10,3,,Elton John,Tiny Dancer,Madman Across The Water,6:17,0.41,0.43,C,-11,major,0.03,0.38,0,0.15,0.28,145,79,2TVxnKdb3tqe1nhQWwwZCO,,No genre info
11,3,,Elton John,Your Song,Elton John,4:01,0.55,0.32,Eb,-11,major,0.03,0.83,0,0.1,0.32,128,80,38zsOOcu31XbbYj9BIPUF1,,No genre info
12,3,,Elton John,Don't Go Breaking My Heart,,4:35,0.73,0.84,F,-9,major,0.03,0.15,0,0.06,0.78,131,79,7HW5WIw7ZgZORCzUxv5gW5,,No genre info
13,3,,Elton John,Can You Feel The Love Tonight,,4:00,0.3,0.37,Bb,-9,major,0.03,0.82,0,0.1,0.15,122,58,0EANX0OVKSCcmarY50Xa4p,,No genre info
14,4,,Mariah Carey,Infinity,,4:00,0.55,0.81,C#,-4,major,0.09,0.05,0,0.28,0.22,135,28,3qczyRtur0tILibW9rHBFA,,christmas
15,4,,Mariah Carey,Touch My Body,,3:25,0.71,0.67,E,-8,minor,0.05,0.1,0,0.23,0.84,79,76,2aEuXA1KswHlCGPOuPmCOW,,christmas
16,4,,Mariah Carey,Always Be My Baby,,4:18,0.65,0.53,E,-8,major,0.04,0.46,0,0.25,0.49,79,75,2aBxt229cbLDOvtL7Xbb9x,,christmas
17,4,,Mariah Carey,We Belong Together,,3:21,0.83,0.47,C,-8,major,0.06,0.03,0,0.09,0.77,140,74,4EI8VuxUuIHKfafU72emqz,,christmas
18,5,,Madonna,Like A Prayer,Celebration (double disc version),5:42,0.63,0.84,F,-5,major,0.04,0.26,0,0.18,0.26,111,76,1z3ugFmUKoCzGsI6jdY4Ci,,No genre info
19,5,,Madonna,Like A Virgin,,3:39,0.77,0.66,D#,-11,minor,0.04,0.15,0,0.07,0.97,120,73,1ZPlNanZsJSPK5h9YZZFbZ,,No genre info
20,5,,Madonna,Vogue,,5:17,0.74,0.88,F#,-6,major,0.04,0.01,0,0.42,0.33,116,68,27QvYgBk0CHOVHthWnkuWt,,No genre info
21,5,,Madonna,Music,,3:46,0.74,0.8,G,-9,major,0.07,0.01,0.09,0.14,0.87,120,48,2fzykVsO2Di5jnofUNX3YE,,No genre info
22,6,,Barbra Streisand,Till I Loved You,,4:17,0.53,0.46,G,-8,major,0.03,0.62,0,0.14,0.34,107,45,4xnp5cvuGKQGwuIRHCTUzh,,adult standards
23,6,,Barbra Streisand,Woman In Love,,3:52,0.47,0.28,D#,-16,minor,0.03,0.25,0,0.13,0.33,170,67,1pTGc8pwyo6xtgXBKCBcFn,,adult standards
24,6,,Barbra Streisand,The Way We Were,,3:31,0.26,0.32,A,-12,major,0.03,0.89,0,0.13,0.17,138,60,1vZTgn4JXWMahR8r99ug5H,,adult standards
25,6,,Barbra Streisand & Neil Diamond,You Don't Bring Me Flowers,,3:15,0.16,0.12,C,-18,major,0.04,0.88,0,0.16,0.24,67,54,7qmqeHzgNQTOnl1NUgRFO4,,adult standards
26,7,,Michael Jackson,Billie Jean,,4:54,0.93,0.46,B,-10,minor,0.05,0.02,0.04,0.04,0.88,117,86,7J1uxwnxfQLu4APicE5Rnj,,No genre info
27,7,,Michael Jackson,Beat It,Thriller,4:18,0.78,0.71,Eb,-9,minor,0.05,0.02,0,0.23,0.9,139,82,3BovdzfaX4jb5KFQwoPfAw,,No genre info
28,7,,Michael Jackson,Thriller,Thriller 25 Super Deluxe Edition,5:57,0.77,0.86,B,-5,major,0.07,0.09,0,0.91,0.81,118,70,2LlQb7Uoj1kKyGhlkBf9aC,,No genre info
29,7,,Michael Jackson,Rock with You - Single Version,,3:41,0.81,0.54,C#,-13,major,0.04,0.18,0,0.16,0.85,114,80,7oOOI85fVQvVnK5ynNMdW7,,No genre info
30,7,,Michael Jackson,The Way You Make Me Feel,,4:58,0.88,0.85,C#,-5,major,0.15,0.05,0,0.14,0.54,114,70,0sKlV58cODrjxGFOyf9IXY,,No genre info
31,8,,Taylor Swift,Look What You Made Me Do,,3:32,0.77,0.71,A,-6,minor,0.12,0.2,0,0.13,0.51,128,80,1P17dC1amhFzptugyAO7Il,,No genre info
32,8,,Taylor Swift,Shake It Off,1989,3:39,0.65,0.79,G,-5,major,0.17,0.06,0,0.15,0.94,160,74,1CiVz2WkmZRwhU3A6J2Gjz,,No genre info
33,8,,Taylor Swift,Love Story,,3:55,0.62,0.74,D#,-4,major,0.03,0.17,0,0.08,0.3,119,66,1D4PL9B8gOg78jiHg3FvBb,,No genre info
34,8,,Taylor Swift,Anti-Hero,,3:21,0.63,0.65,E,-7,major,0.06,0.12,0,0.16,0.49,97,81,0V3wPSX9ygBnCm8psDIegu,,No genre info
35,8,,Taylor Swift,Blank Space,,3:52,0.75,0.68,F,-5,major,0.06,0.09,0,0.13,0.58,96,76,1vwCXIAjSkUxvn78Cmz84g,,No genre info
36,8,,Taylor Swift,Cruel Summer,,2:58,0.55,0.7,A,-6,major,0.16,0.12,0,0.11,0.56,170,92,1BxfuPKGuaTgP7aM0Bbdwr,,No genre info
37,9,,Stevie Wonder,Isn't She Lovely,,3:19,0.75,0.69,C#,-9,minor,0.05,0.2,0,0.07,0.9,119,70,3NlLmKBJozwoi0k03Feb1N,,"motown, classic soul, soul"
38,9,,Stevie Wonder,You Are The Sunshine Of My Life,,2:58,0.52,0.46,B,-15,major,0.07,0.82,0,0.24,0.68,132,69,0n2pjCIMKwHSXoYfEbYMfX,,"motown, classic soul, soul"
39,9,,Stevie Wonder,"Signed, Sealed, Delivered (I'm Yours)",,2:39,0.65,0.76,F,-6,major,0.04,0.02,0,0.05,0.8,109,53,2C5SI38AMmqckQGnD1H2FO,,"motown, classic soul, soul"
40,9,,Stevie Wonder,Superstition - Single Version,,4:05,0.63,0.63,Ab,-12,major,0.07,0.04,0.01,0.04,0.87,100,74,1h2xVEoJORqrg71HocgqXd,,"motown, classic soul, soul"
41,10,,Chicago,You're the Inspiration - 2006 Remaster,,3:49,0.58,0.6,B,-6,major,0.03,0.37,0,0.22,0.39,74,75,36lkJSDyMEZoWTqtRj8Q8q,,"yacht rock, soft rock"
42,10,,Chicago,Hard To Say I'M Sorry,,3:32,0.4,0.57,E,-7,major,0.03,0.06,0,0.05,0.23,141,73,58DXqHKK7TfxUmhCq2ux4E,,"yacht rock, soft rock"
43,10,,Chicago,Will You Still Love Me? - Alternate,,4:13,0.48,0.6,C#,-7,major,0.03,0.02,0,0.05,0.35,77,59,0Wv3aY6gApoT3oKBYIqvXb,,"yacht rock, soft rock"
44,10,,Chicago,Look Away,,4:01,0.39,0.56,A,-7,major,0.03,0.46,0,0.11,0.19,173,42,5FoeE0CWMs0CbX0udYutDS,,"yacht rock, soft rock"
45,11,,Whitney Houston,I Wanna Dance with Somebody (Who Loves Me),Whitney,4:51,0.71,0.82,C#,-9,major,0.05,0.21,0,0.09,0.87,119,85,2tUBqZG2AbRi7Q0BIrVrEj,,No genre info
46,11,,Whitney Houston,I Will Always Love You,,4:31,0.33,0.21,E,-13,major,0.03,0.85,0,0.08,0.11,68,80,4eHbdreAnSOrDDsFfc4Fpm,,No genre info
47,11,,Whitney Houston,Greatest Love Of All,,4:58,0.5,0.33,A,-16,major,0.03,0.48,0,0.12,0.25,131,71,6yJxCltgtmGxIgKOS6ndnu,,No genre info
48,11,,Whitney Houston,I Have Nothing,,4:49,0.54,0.4,C,-10,major,0.04,0.58,0,0.16,0.24,153,80,31er9IGsfFbwqy1pH4aiTP,,No genre info
49,12,,Paul McCartney,Band On The Run - Remastered 2010,,5:13,0.48,0.6,G,-9,major,0.03,0.08,0,0.11,0.67,125,71,1H4idkmruFoJBg1DvUv2tY,,No genre info
50,12,,Paul McCartney,Wonderful Christmastime - Remastered 2011 / Edited Version,,3:48,0.77,0.51,B,-9,major,0.03,0.32,0,0.07,0.78,95,55,1SV1fxF65n9NhRHp3KlBuu,,No genre info
51,12,,Paul McCartney,Maybe I'm Amazed - Remastered 2011,,3:50,0.47,0.49,G,-10,major,0.03,0.39,0.09,0.62,0.37,79,65,1Qa0Y05al633fG8f9Peytc,,No genre info
52,12,,Paul McCartney,Say Say Say - Remastered 2015,,3:56,0.82,0.69,A#,-10,minor,0.05,0.12,0,0.05,0.83,118,68,1db0gbTSKdRQum8VlbNkiO,,No genre info
53,12,,Paul McCartney,My Love,,4:08,0.42,0.36,F,-15,major,0.04,0.53,0,0.06,0.14,120,45,3oevkC3HQ2sxTwJ394MROY,,No genre info
54,13,,Elvis Presley,Jailhouse Rock,,2:26,0.65,0.58,A#,-10,minor,0.08,0.41,0,0.07,0.92,167,67,452KBpASS5lZLeJWX9Ixub,,"rockabilly, rock and roll"
55,13,,Elvis Presley,Can't Help Falling in Love,,3:02,0.4,0.29,D,-14,major,0.03,0.94,0,0.11,0.34,100,83,44AyOl4qVkzS48vBsbNXaC,,"rockabilly, rock and roll"
56,13,,Elvis Presley,Suspicious Minds,,4:21,0.49,0.38,G,-11,major,0.03,0.04,0,0.41,0.71,117,76,1H5IfYyIIAlgDX8zguUzns,,"rockabilly, rock and roll"
57,13,,Elvis Presley,Hound Dog,,2:16,0.49,0.76,C,-8,major,0.05,0.73,0.01,0.76,0.95,87,69,64Ny7djQ6rNJspquof2KoX,,"rockabilly, rock and roll"
58,13,,Elvis Presley,Burning Love,,2:50,0.66,0.75,D,-11,major,0.03,0.1,0.01,0.28,0.97,114,76,7zMUCLm1TN9o9JlLISztxO,,"rockabilly, rock and roll"
59,14,,Janet Jackson,"Any Time, Any Place",,7:08,0.57,0.23,Bb,-11,major,0.07,0.6,0,0.12,0.21,129,59,2yOm4lN7aTygtXanJFNFWU,,new jack swing
60,14,,Janet Jackson,That's The Way Love Goes,,4:25,0.7,0.7,F,-7,major,0.07,0.3,0.47,0.07,0.58,98,66,29rQJydAlO0uMyWvRIZxQg,,new jack swing
61,14,,Janet Jackson,Control,,5:53,0.79,0.79,B,-12,major,0.05,0.28,0.24,0.16,0.64,120,45,5vywtoD7fO1CP0B2wtm6I6,,new jack swing
62,14,,Janet Jackson,Come Back To Me,,5:33,0.43,0.41,F,-12,minor,0.03,0.63,0.01,0.14,0.06,78,45,5EBWCGlCn65HM8Hglrc5V1,,new jack swing
63,15,,Rod Stewart,Da Ya Think I'm Sexy,,5:31,0.72,0.69,D,-8,minor,0.03,0.01,0,0.11,0.85,112,78,4z7maGZkAonDlXlwo8q69f,,soft rock
64,15,,Rod Stewart,Maggie May,,5:50,0.6,0.57,D,-11,major,0.04,0.56,0.11,0.07,0.54,129,71,6rovOdp3HgK1DeAMYDzoA7,,soft rock
65,15,,Rod Stewart,Young Turks,,5:02,0.64,0.82,F,-9,minor,0.03,0.27,0.49,0.14,0.71,161,54,6sBA8b9bT8Z8G8TkVDvNTK,,soft rock
66,15,,Rod Stewart,All for Love,,4:41,0.51,0.44,D,-11,major,0.03,0.13,0,0.1,0.14,75,70,4lsEHglVsLzILTDQ3CNESV,,soft rock
67,16,,Drake,Headlines,Take Care (Deluxe),3:55,0.64,0.57,F#,-7,minor,0.11,0.37,0,0.09,0.43,152,85,6LxSe8YmdPxy095Ux6znaQ,,rap
68,16,,Drake,One Dance,Views,2:53,0.79,0.63,C#,-6,major,0.05,0.01,0,0.33,0.37,104,89,1zi7xx7UVEFkmKfv06H8x0,,rap
69,16,,Drake,Passionfruit,More Life,4:58,0.81,0.46,B,-11,major,0.04,0.26,0.09,0.11,0.36,112,86,5mCPDVBb16L4XQwDdbRUpz,,rap
70,16,,Drake,Houstatlantavegas,,4:51,0.68,0.7,C#,-7,minor,0.06,0.39,0,0.12,0.41,135,66,3XLSlQLJf3Ut0zvMUxnF1h,,rap
71,17,,Prince,Let's Go Crazy,,4:39,0.31,0.93,B,-6,major,0.13,0.02,0,0.11,0.38,196,66,6FMIVQPZg9cmMY8hPxAacD,,"funk, funk rock"
72,17,,Prince,Kiss,,3:46,0.9,0.27,G,-12,major,0.09,0.01,0,0.05,0.74,111,76,62LJFaYihsdVrrkgUOJC05,,"funk, funk rock"
73,17,,Prince,When Doves Cry,,5:54,0.73,0.99,A,-5,minor,0.05,0.01,0,0.44,0.84,126,72,6sby78fghipoXHQLeeZFFH,,"funk, funk rock"
74,17,,Prince,I Would Die 4 U,,2:50,0.71,0.64,D,-14,major,0.03,0.04,0,0.11,0.63,135,59,3QszJeuSyyZQmD9pY1tqpo,,"funk, funk rock"
75,18,,Rihanna,We Found Love,,3:35,0.74,0.77,C#,-4,major,0.04,0.03,0,0.11,0.6,128,84,6qn9YLKt13AGvpq9jfO8py,,edm
76,18,,Rihanna,Love On The Brain,,3:44,0.51,0.64,E,-5,minor,0.05,0.07,0,0.08,0.38,172,84,5oO3drDxtziYU2H1X23ZIp,,No genre info
77,18,,Rihanna,Stay,,4:01,0.62,0.31,A,-10,minor,0.03,0.95,0,0.12,0.13,112,66,2Yy0FsAV2I5VXU4xpph2WN,,No genre info
78,18,,Rihanna,Umbrella,,4:36,0.59,0.83,C#,-5,major,0.12,0.01,0,0.04,0.58,174,83,49FYlytm3dAAraYgpoJZux,,"hip hop, east coast hip hop, rap"
79,18,,Rihanna,Don't Stop The Music,Good Girl Gone Bad: Reloaded,4:27,0.83,0.67,F#,-6,minor,0.06,0.03,0,0.05,0.55,123,84,0ByMNEPAPpOR5H69DVrTNy,,No genre info
80,18,,Rihanna,Only Girl (In The World),,3:55,0.79,0.71,B,-4,minor,0.04,0.11,0,0.06,0.64,126,85,2ENexcMEMsYk0rVJigVD3i,,No genre info
81,19,,Billy Joel,Only the Good Die Young,The Stranger (Legacy Edition),3:55,0.58,0.87,C,-6,major,0.16,0.16,0,0.09,0.76,76,71,1xOXXYh6lTW8laxlW7JP2J,,soft rock
82,19,,Billy Joel,It's Still Rock and Roll to Me,,2:56,0.75,0.68,C,-8,major,0.15,0.1,0,0.09,0.54,141,74,64UioB4Nmwgn2f4cbIpAkl,,soft rock
83,19,,Billy Joel,My Life,,4:44,0.74,0.65,D,-13,major,0.04,0.11,0,0.06,0.8,131,79,4ZoBC5MhSEzuknIgAkBaoT,,soft rock
84,19,,Billy Joel,Uptown Girl,,3:17,0.7,0.94,E,-3,major,0.05,0.08,0,0.6,0.79,129,84,5zA8vzDGqPl2AzZkEYQGKh,,soft rock
85,20,,Garth Brooks,Shallow,,3:42,0.36,0.39,F,-8,major,0.03,0.57,0,0.11,0.37,95,45,5A6Jbi90K8s9ge8BVh15ga,,"country, classic country"
86,20,,Garth Brooks,Where Your Road Leads,,3:27,0.46,0.36,C,-8,major,0.03,0.77,0,0.1,0.34,135,46,4Y8EyXnq5CLR8A7EHXxx7L,,"classic country, country"
87,20,,Garth Brooks,If Tomorrow Never Comes - Live,,3:41,0.61,0.33,G,-13,major,0.03,0.76,0,0.13,0.34,78,40,4W0pzgxtVud25lXyfnfxDC,,"classic country, country"
88,21,,Herb Alpert,Spanish Flea,,2:07,0.83,0.53,Ab,-12,major,0.08,0.4,0.96,0.07,0.87,82,48,3CifrcOH0P7cMwEInwBcIN,,No genre info
89,21,,Herb Alpert,A Taste Of Honey,,2:44,0.55,0.42,F,-11,minor,0.04,0.77,0.88,0.11,0.5,81,49,54536WVYAqiNf2N2SfBMGk,,No genre info
90,21,,Herb Alpert,This Guy's In Love With You,,4:01,0.63,0.16,C#,-14,major,0.04,0.86,0,0.14,0.25,84,27,3S94k75DXrZI7OX3c9KPfr,,No genre info
91,21,,Herb Alpert,Tijuana Taxi,,2:06,0.78,0.57,F,-10,major,0.05,0.62,0.52,0.04,0.89,101,43,0NhodPAXI2erfY7rdLr3di,,No genre info
92,22,,Eminem,Not Afraid,,4:08,0.86,0.95,C,-1,minor,0.26,0.53,0,0.21,0.67,115,78,7Ie9W94M7OjPoZVV216Xus,,"rap, hip hop"
93,22,,Eminem,Love The Way You Lie,,4:23,0.75,0.93,Bb,-5,major,0.23,0.24,0,0.52,0.64,87,85,15JINEqzVMv3SvJTAXAKED,,"rap, hip hop"
94,22,,Eminem,The Real Slim Shady,,4:44,0.95,0.66,F,-4,minor,0.06,0.03,0,0.05,0.76,105,87,3yfqSUWxFvZELEM4PmlwIR,,"rap, hip hop"
95,22,,Eminem,Till I Collapse,,4:58,0.55,0.85,C#,-3,major,0.19,0.06,0,0.08,0.1,171,84,4xkOaSrkexMciUUogZKVTS,,"rap, hip hop"
96,23,,Usher,U Got It Bad,,4:08,0.82,0.5,C#,-5,major,0.03,0.02,0,0.07,0.65,124,74,7J41dYQolQJEtj3UmKLu5r,,r&b
97,23,,Usher,U Remind Me,,4:27,0.66,0.63,F#,-5,major,0.08,0.19,0,0.25,0.73,94,73,2QsZVnbWVSjKMXK6K3uRBL,,r&b
98,23,,Usher,Yeah! (feat. Lil Jon & Ludacris),,4:10,0.89,0.79,D,-5,major,0.11,0.02,0,0.04,0.58,105,88,5rb9QrpfcKFHM1EUbSIurX,,r&b
99,23,,Usher & Alicia Keys,My Boo,,3:43,0.66,0.51,F,-8,major,0.12,0.26,0,0.05,0.68,86,81,68vgtRHr7iZHpzGpon6Jlo,,r&b
100,24,,Bruce Springsteen,If I Should Fall Behind,,2:58,0.72,0.22,D,-15,major,0.03,0.22,0,0.12,0.31,113,51,2mOGLiSTUeki1l9t1BBNRQ,,No genre info
101,24,,Bruce Springsteen,Dancing In The Dark,,4:01,0.53,0.94,C#,-6,minor,0.04,0.01,0,0.19,0.5,149,86,7FwBtcecmlpc1sLySPXeGE,,No genre info
102,24,,Bruce Springsteen,I'm On Fire,,2:36,0.62,0.45,C#,-14,minor,0.03,0.59,0.03,0.07,0.87,89,77,3PzsbWSQdLCKDLxn7YZfkM,,No genre info
103,24,,Bruce Springsteen,Born in the U.S.A.,,4:38,0.4,0.95,E,-6,major,0.06,0,0,0.1,0.58,122,78,0dOg1ySSI7NkpAe89Zo0b9,,No genre info
104,25,,Neil Diamond,Sweet Caroline,,3:24,0.53,0.13,B,-16,major,0.03,0.61,0,0.24,0.58,63,77,62AuGbAkt8Ox2IrFFb8GKV,,No genre info
105,25,,Neil Diamond,Cracklin' Rosie - Single Version,,3:00,0.56,0.51,C#,-15,major,0.03,0.32,0,0.16,0.86,128,63,5pkd9ib1RgbkAd1R9bIOCa,,No genre info
106,25,,Neil Diamond,I Am Said - Single Version,,3:33,0.25,0.38,Bb,-14,major,0.03,0.14,0,0.11,0.51,90,60,4wOKTOwGVrie2GIbCMEe7U,,No genre info
107,25,,Neil Diamond,Forever In Blue Jeans,,3:38,0.71,0.38,A,-14,major,0.03,0.02,0,0.09,0.84,91,64,1K1nzhbKCNmrNXi9B07mPF,,No genre info
108,26,,The Supremes,You Can't Hurry Love,,2:48,0.63,0.71,Bb,-9,major,0.05,0.3,0,0.08,0.66,97,72,1OppEieGNdItZbE14gLBEv,,"motown, northern soul, classic soul, soul"
109,26,,The Supremes,Baby Love,,2:38,0.6,0.64,F,-9,major,0.04,0.76,0,0.54,0.73,136,67,5uES1C2NgkdrNHiCwf9jRr,,"motown, northern soul, classic soul, soul"
110,26,,The Supremes,Where Did Our Love Go,,2:33,0.57,0.49,C,-11,major,0.04,0.79,0,0.09,0.85,135,65,69RH84na5iUNwrwxpgjC5j,,"motown, northern soul, classic soul, soul"
111,26,,The Supremes,Stop! In The Name Of Love,,2:53,0.61,0.44,C,-13,major,0.03,0.53,0,0.13,0.5,115,61,52FlwUMMDnTK8TGkCag9Jd,,"motown, northern soul, classic soul, soul"
112,27,,Eagles,Hotel California - 2013 Remaster,,6:31,0.58,0.51,D,-9,major,0.03,0.01,0,0.06,0.61,147,85,40riOy7x9W7GXjyGp4pjAv,,"classic rock, yacht rock, soft rock"
113,27,,Eagles,Take It Easy - 2013 Remaster,,3:32,0.57,0.67,G,-10,major,0.03,0.34,0,0.13,0.74,139,83,4yugZvBYaoREkJKtbG08Qr,,"classic rock, yacht rock, soft rock"
114,27,,Eagles,Desperado - 2013 Remaster,,3:34,0.23,0.22,G,-13,major,0.03,0.95,0,0.27,0.18,60,68,2TjnCxxQRYn56Ye8gkUKiW,,"classic rock, yacht rock, soft rock"
115,27,,Eagles,Please Come Home For Christmas - 2013 Remaster,,2:57,0.61,0.29,A,-12,major,0.04,0.6,0,0.06,0.47,183,52,3QIoEi8Enr9uHffwInGIsC,,"classic rock, yacht rock, soft rock"
116,28,,Bee Gees,Stayin' Alive,Greatest,4:45,0.7,0.83,Bb,-7,minor,0.03,0.03,0.01,0.18,0.94,104,83,3mRM4NM8iO7UBqrSigCQFH,,disco
117,28,,Bee Gees,How Deep Is Your Love,,4:05,0.63,0.36,F,-9,minor,0.03,0.11,0,0.13,0.67,105,80,2JoZzpdeP2G6Csfdq5aLXP,,disco
118,28,,Bee Gees,Night Fever,,3:32,0.73,0.8,C#,-7,minor,0.02,0.03,0,0.08,0.89,109,78,5KgbyD2lQQlIupAaPjgiXg,,disco
119,28,,Bee Gees,To Love Somebody,,3:02,0.43,0.38,A,-13,major,0.03,0.73,0,0.27,0.53,91,69,0mbS3VwRbO6HVBMPXnzOGA,,disco
120,29,,The Beach Boys,Surfer Girl - Remastered 2001,,2:29,0.52,0.37,D,-8,major,0.03,0.66,0,0.14,0.65,106,52,1AJ5F0FMTC3yFU3ocjy1gE,,baroque pop
121,29,,The Beach Boys,Wouldn't It Be Nice,,2:33,0.39,0.63,F,-7,major,0.03,0.72,0,0.13,0.72,125,69,4IHc6SzGPnzSPuHVEPzpJc,,baroque pop
122,29,,The Beach Boys,Kokomo,The Very Best Of The Beach Boys: Sounds Of Summer,3:37,0.68,0.64,C,-10,major,0.03,0.01,0,0.14,0.93,116,75,5qHYXcVvc9xsFB2uH7GpMN,,baroque pop
123,29,,The Beach Boys,Good Vibrations - Remastered 2001,,3:38,0.4,0.49,C#,-7,major,0.03,0.39,0,0.15,0.38,133,60,5t9KYe0Fhd5cW6UYT4qP8f,,baroque pop
124,30,,Fleetwood Mac,Go Your Own Way - 2004 Remaster,,3:44,0.58,0.95,F,-5,major,0.04,0.02,0,0.07,0.8,135,84,07GvNcU1WdyZJq3XxP0kZa,,"classic rock, yacht rock, soft rock"
125,30,,Fleetwood Mac,Dreams - 2004 Remaster,,4:17,0.83,0.49,C,-10,major,0.03,0.06,0,0.13,0.79,120,91,0ofHAoxe9vBkTCp2UQIavz,,"classic rock, yacht rock, soft rock"
126,30,,Fleetwood Mac,Landslide,,3:19,0.41,0.16,G,-22,minor,0.03,0.88,0,0.12,0.42,159,83,5ihS6UUlyQAfmp48eSkxuQ,,"classic rock, yacht rock, soft rock"
127,30,,Fleetwood Mac,Never Going Back Again - 2004 Remaster,,2:14,0.65,0.34,F#,-13,major,0.04,0.86,0.39,0.08,0.95,176,71,19Shlms2uTnOjIUg50TXzd,,"classic rock, yacht rock, soft rock"
128,31,,Santana,Black Magic Woman - Single Version,,3:16,0.49,0.35,D,-14,minor,0.03,0.68,0.08,0.09,0.62,124,71,4YMQXzscifAREG0a7KNGhB,,No genre info
129,31,,Santana,Smooth,,4:55,0.61,0.92,A,-4,major,0.03,0.16,0,0.3,0.96,116,72,2pX4FpOgwItRVPPUFdRcxA,,No genre info
130,31,,Santana,The Game of Love - Main / Radio Mix,,4:14,0.59,0.93,D,-3,major,0.05,0.07,0,0.06,0.67,120,65,41IShViF79gmulEkIHAjcb,,No genre info
131,31,,Santana,Into the Night,,3:42,0.6,0.84,G,-5,major,0.03,0.01,0,0.23,0.6,128,58,7ptdX6yHWePemlp0TuOhK5,,No genre info
132,32,,The Temptations,My Girl,,2:45,0.57,0.42,C,-11,major,0.03,0.64,0,0.1,0.69,105,84,745H5CctFr12Mo7cqa1BMH,,"motown, classic soul, soul"
133,32,,The Temptations,Get Ready,,2:44,0.59,0.74,G,-6,major,0.04,0.4,0,0.11,0.88,133,60,676Rf0qIOh2gKNEl9TnCOx,,"motown, classic soul, soul"
134,32,,The Temptations,Just My Imagination (Running Away With Me),,3:48,0.43,0.24,C,-15,major,0.03,0.88,0.01,0.2,0.48,92,64,39Bd345OWEhRNyfayhp9gv,,"motown, classic soul, soul"
135,32,,The Temptations,I Can't Get Next To You,,2:55,0.69,0.69,F,-13,major,0.1,0.57,0,0.4,0.7,109,51,6aL6pPBaTMGgM558mplSnj,,"motown, classic soul, soul"
136,33,,Celine Dion,"My Heart Will Go On - Love Theme from ""Titanic""",Let's Talk About Love,4:40,0.43,0.28,E,-12,major,0.03,0.73,0,0.12,0.04,99,78,33LC84JgLvK2KuW43MfaNq,,vari茅t茅 fran莽aise
137,33,,Celine Dion,"Because You Loved Me (Theme from ""Up Close and Personal"")",Falling into You,4:33,0.62,0.47,C#,-10,major,0.03,0.31,0,0.1,0.18,120,77,28UMiBhn383n9S7GL4tsxD,,vari茅t茅 fran莽aise
138,33,,Celine Dion,The Power of Love,,5:42,0.55,0.52,Ab,-9,major,0.03,0.36,0,0.24,0.25,140,74,5kK1Iru9ogP3Iy1zsANU1n,,vari茅t茅 fran莽aise
139,33,,Celine Dion,I'm Alive,,3:30,0.69,0.64,Ab,-5,major,0.04,0.02,0,0.2,0.45,102,75,2FTZeRHQ4gRPViPMpWL9uX,,vari茅t茅 fran莽aise
140,33,,Celine Dion,All By Myself,,5:12,0.34,0.33,B,-10,minor,0.03,0.35,0.02,0.07,0.08,119,72,0gsl92EMIScPGV1AU35nuD,,vari茅t茅 fran莽aise
141,34,,Aretha Franklin,"Do Right Woman, Do Right Man",,3:17,0.67,0.28,A,-10,major,0.04,0.71,0,0.13,0.49,135,47,6cLEpgDcEldV1n9gusHQUX,,"soul, motown, classic soul, jazz blues"
142,34,,Aretha Franklin,You Send Me,,2:30,0.51,0.3,Eb,-14,major,0.04,0.57,0,0.08,0.63,103,60,4VijLEUxHEzbWKYL5u9wuN,,"soul, motown, classic soul, jazz blues"
143,34,,Aretha Franklin,(You Make Me Feel Like) A Natural Woman,,2:45,0.6,0.27,F,-10,major,0.03,0.68,0,0.14,0.41,111,68,5K09WxKdlkroDyEVyOSySy,,"soul, motown, classic soul, jazz blues"
144,34,,Aretha Franklin,Day Dreaming,,4:00,0.46,0.27,C,-15,minor,0.07,0.91,0,0.1,0.29,146,58,7L4G39PVgMfaeHRyi1ML7y,,"soul, motown, classic soul, jazz blues"
145,35,,Daryl Hall & John Oates,Rich Girl,,2:23,0.57,0.68,F,-7,major,0.18,0.46,0,0.09,0.82,170,80,5Gq5Ozgqqti42kNLVRfkRt,,"yacht rock, soft rock"
146,35,,Daryl Hall & John Oates,You Make My Dreams (Come True),,3:11,0.75,0.5,F,-12,major,0.06,0.23,0.11,0.05,0.9,167,79,4o6BgsqLIBViaGVbx5rbRk,,"yacht rock, soft rock"
147,35,,Daryl Hall & John Oates,Sara Smile,,3:05,0.59,0.4,D,-11,minor,0.07,0.36,0,0.12,0.2,150,70,1qjrYozGqc7upUgfN776lZ,,"yacht rock, soft rock"
148,35,,Daryl Hall & John Oates,You've Lost That Lovin' Feeling,,4:36,0.74,0.32,D,-13,major,0.04,0.22,0,0.07,0.81,93,47,0j3QN4uiMdf8gI12JATZ9B,,"yacht rock, soft rock"
149,36,,Adele,Set Fire to the Rain,,4:02,0.6,0.67,D,-4,minor,0.02,0,0,0.11,0.45,108,79,7j4OmvkjRz0PrjFADlHfQx,,soft pop
150,36,,Adele,Rolling in the Deep,,3:48,0.73,0.77,Ab,-5,major,0.03,0.14,0,0.05,0.51,105,79,6IAZHEBUIGJ6NJKxxOBIEr,,soft pop
151,36,,Adele,Someone Like You,,4:45,0.56,0.32,A,-8,major,0.03,0.89,0,0.1,0.29,135,79,5lkpeJwmQKgY3bX2zChjxX,,soft pop
152,36,,Adele,Hello,,4:55,0.58,0.43,F,-6,minor,0.03,0.33,0,0.09,0.29,79,74,1Yk0cQdMLx5RzzFTYwmuld,,soft pop
153,36,,Adele,Make You Feel My Love,,3:32,0.32,0.17,Bb,-11,major,0.03,0.91,0,0.11,0.1,65,71,273QnyCvJB65rScHJ1nPZb,,soft pop
154,36,,Adele,When We Were Young,,4:51,0.38,0.6,Eb,-6,major,0.05,0.3,0,0.1,0.27,144,72,6O5TrlFWTYvznd9fMC0VvU,,soft pop
155,36,,Adele,Skyfall,,4:46,0.35,0.55,C,-7,minor,0.03,0.42,0,0.11,0.08,76,84,6VObnIkLVruX4UVyxWhlqm,,soft pop
156,36,,Adele,One And Only,,5:48,0.53,0.47,F,-5,major,0.03,0.3,0,0.17,0.19,155,66,2KzV3VG27vIp7roOS3N4kX,,soft pop
157,37,,Beyonce,Crazy In Love (feat. JAY-Z),Dangerously In Love,3:55,0.66,0.76,D,-7,minor,0.21,0,0,0.06,0.7,99,84,0TwBtDAWpkpM3srywFVOV5,,"hip hop, east coast hip hop, rap"
158,37,,Beyonce,Single Ladies (Put a Ring on It),,3:13,0.43,0.58,C#,-5,major,0.3,0.04,0,0.19,0.27,193,69,5mMjkxGijQB4JZallYrkOW,,No genre info
159,37,,Beyonce,Halo,,4:21,0.51,0.72,B,-6,minor,0.06,0.27,0,0.06,0.47,80,75,2MfOcbtgz2yTsiznFmVZUN,,No genre info
160,37,,Beyonce,If I Were a Boy,,4:09,0.63,0.52,F#,-6,major,0.03,0.11,0,0.35,0.43,90,69,0K7wIocSvzcRISpssBUzfZ,,No genre info
161,38,,Eric Clapton,Tears In Heaven,,4:32,0.5,0.24,A,-12,major,0.03,0.84,0.54,0.13,0.31,154,72,1kgdslQYmeTR4thk9whoRw,,"blues, blues rock, classic rock"
162,38,,Eric Clapton,Layla - Acoustic Live,,4:49,0.56,0.52,D,-12,minor,0.05,0.32,0,0.93,0.65,94,57,0zxj7dVhYZq5ACyaDx5XIo,,"blues, blues rock, classic rock"
163,38,,Eric Clapton,Cocaine,,3:42,0.7,0.5,A,-13,major,0.03,0.06,0.03,0.32,0.68,105,67,2udGjDmpK1dH9VGyw7nrei,,"blues, blues rock, classic rock"
164,38,,Eric Clapton,Wonderful Tonight,Slowhand 35th Anniversary (Super Deluxe),3:45,0.57,0.21,G,-16,major,0.03,0.65,0.13,0.13,0.49,96,77,6zC0mpGYwbNTpk9SKwh08f,,"blues, blues rock, classic rock"
165,39,,Lionel Richie,All Night Long (All Night) - Single Version,,4:20,0.74,0.58,C#,-12,major,0.05,0.12,0,0.05,0.78,109,64,4czNORk5MjW5WOn98bki32,,motown
166,39,,Lionel Richie,Dancing On The Ceiling,,4:31,0.7,0.77,C,-9,major,0.05,0.12,0,0.39,0.73,133,72,0snPJPxkk0MbTc0xeUvAPt,,motown
167,39,,Lionel Richie,Stuck On You,,3:15,0.52,0.35,F,-15,major,0.03,0.26,0,0.11,0.27,132,62,6HPLeKiNm92RbykX2BDTUB,,motown
168,39,,Lionel Richie,"Say You, Say Me",,4:01,0.64,0.41,Ab,-11,major,0.03,0.36,0,0.08,0.26,128,76,17CPezzLWzvGfpZW6X8XT0,,motown
169,40,,Led Zeppelin,Immigrant Song - Remaster,Led Zeppelin III (Remaster),2:26,0.56,0.93,B,-10,major,0.06,0.01,0.17,0.35,0.62,113,81,78lgmZwycJ3nzsdgmPPGNx,,"classic rock, rock, hard rock, rock and roll"
170,40,,Led Zeppelin,Stairway to Heaven - Remaster,Led Zeppelin IV (Deluxe Edition),8:02,0.34,0.34,A,-12,minor,0.03,0.58,0,0.12,0.2,82,82,5CQ30WqJwcep0pYcV4AMNc,,"classic rock, rock, hard rock, rock and roll"
171,40,,Led Zeppelin,Whole Lotta Love - 1990 Remaster,Led Zeppelin II (1994 Remaster),5:33,0.41,0.9,A,-12,major,0.41,0.05,0.13,0.41,0.42,90,78,0hCB0YR03f6AmQaHbwWDe8,,"classic rock, rock, hard rock, rock and roll"
172,40,,Led Zeppelin,Ramble On - 1990 Remaster,,4:23,0.47,0.61,A,-11,major,0.03,0.07,0,0.23,0.89,98,74,3MODES4TNtygekLl146Dxd,,"classic rock, rock, hard rock, rock and roll"
173,40,,Led Zeppelin,Black Dog - Remaster,,4:55,0.44,0.86,E,-8,minor,0.09,0.4,0.03,0.24,0.75,81,73,3qT4bUD1MaWpGrTwcvguhb,,"classic rock, rock, hard rock, rock and roll"
174,41,,Bruno Mars,Marry You,,3:50,0.62,0.82,Bb,-5,major,0.04,0.33,0,0.1,0.45,145,78,6SKwQghsR8AISlxhcwyA9R,,No genre info
175,41,,Bruno Mars,Locked Out Of Heaven,,3:53,0.73,0.7,F,-4,major,0.04,0.05,0,0.31,0.87,144,90,3w3y8KPTfNeOKPiqUTakBh,,No genre info
176,41,,Bruno Mars,When I Was Your Man,,3:33,0.61,0.28,C,-9,major,0.04,0.93,0,0.09,0.39,73,87,0nJW01T7XtvILxQgC5J7Wh,,No genre info
177,41,,Bruno Mars,Just the Way You Are,,3:40,0.64,0.84,F,-5,major,0.04,0.01,0,0.06,0.42,109,85,47Slg6LuqLaX0VodpSCvPt,,No genre info
178,42,,John Denver,Annie's Song,,3:01,0.3,0.31,D,-11,major,0.03,0.87,0,0.37,0.46,146,70,4J0DbyODwZJcmIAiTSJfMF,,folk
179,42,,John Denver,Rocky Mountain High,,4:44,0.46,0.44,E,-11,major,0.03,0.31,0,0.5,0.72,81,69,1ne9wOtDF2jM6Cm8WBkaER,,folk
180,42,,John Denver,Thank God I'm a Country Boy,,3:13,0.76,0.54,A,-10,major,0.05,0.79,0,0.06,0.96,106,69,69HICMmc6nNLucAx3aJX9M,,folk
181,42,,John Denver,"Take Me Home, Country Roads - Original Version (Remastered)",,3:10,0.46,0.4,A,-9,major,0.03,0.76,0,0.12,0.63,82,77,1YYhDizHx7PnDhAhko6cDS,,folk
182,42,,John Denver,"Leaving, on a Jet Plane - ""Greatest Hits"" Version",,4:06,0.41,0.19,G,-13,major,0.03,0.85,0,0.11,0.63,121,64,3D8dwH690MXQRhtIZTSS9c,,folk
183,43,,Maroon 5,This Love,,3:26,0.71,0.86,F,-5,minor,0.04,0.05,0,0.09,0.81,95,88,6ECp64rv50XVz93WvxXMGF,,pop
184,43,,Maroon 5,Payphone,,3:51,0.74,0.75,E,-5,major,0.04,0.02,0,0.29,0.55,110,88,1XGmzt0PVuFgQYYnV2It7A,,pop
185,43,,Maroon 5,Maps,,3:10,0.74,0.71,C#,-6,minor,0.03,0.02,0,0.06,0.88,120,84,4BTsEp2tjLdQZcLiI2OT4E,,pop
186,43,,Maroon 5,Sugar,,3:55,0.75,0.79,C#,-7,major,0.03,0.06,0,0.09,0.88,120,82,6eV7eK07znOHcKz3bzEmpS,,pop
187,44,,Olivia Newton-John,"You're The One That I Want - From ""Grease""",,2:50,0.76,0.61,C,-11,major,0.06,0.28,0,0.1,0.82,107,78,0B9x2BRHqj3Qer7biM3pU3,,musicals
188,44,,Olivia Newton-John,"Hopelessly Devoted To You - From ""Grease""",,3:05,0.59,0.34,B,-13,minor,0.03,0.29,0.01,0.12,0.32,111,73,5BUq9bdtsm3LWw5laJeJ4R,,No genre info
189,45,,Bon Jovi,It's My Life,Crush,3:44,0.55,0.91,C,-4,minor,0.05,0.03,0,0.35,0.54,120,82,0v1XpBHnsbkCn7iJ9Ucr1l,,"glam metal, rock"
190,45,,Bon Jovi,Livin' On A Prayer,,4:09,0.53,0.89,C,-4,major,0.03,0.08,0,0.29,0.79,123,82,0ee1DiZF94NSqqpG0XHUzH,,"glam metal, rock"
191,45,,Bon Jovi,You Give Love A Bad Name,,3:43,0.54,0.96,C,-3,minor,0.05,0.07,0,0.34,0.81,123,77,2TofEeQobQ9YoK7EFds698,,"glam metal, rock"
192,46,,Phil Collins,In The Air Tonight - 2015 Remastered,,5:36,0.45,0.24,C,-14,major,0.03,0.55,0,0.07,0.3,190,79,6MjfEIHOMW6MaDO3LpFcmW,,soft rock
193,46,,Phil Collins,You Can't Hurry Love - 2016 Remastered,,2:56,0.62,0.94,G,-5,major,0.03,0.03,0,0.07,0.76,98,76,4YwbSZaYeYja8Umyt222Qf,,soft rock
194,46,,Phil Collins,Another Day In Paradise - 2016 Remastered,,5:22,0.78,0.56,Eb,-7,minor,0.03,0.74,0,0.06,0.37,102,83,1NCuYqMc8hKMb4cpNTcJbD,,soft rock
195,47,,Diana Ross,Upside Down,,4:06,0.87,0.86,F,-9,minor,0.06,0.18,0.03,0.04,0.88,108,70,3pbtBomO4Zt5gGiqsYeiBH,,"motown, disco"
196,47,,Diana Ross,I'm Coming Out,,5:23,0.72,0.83,F,-9,major,0.05,0.19,0.43,0.08,0.77,110,75,3SnGymj6ijE2iuUfWxLo1q,,"motown, disco"
197,48,,Bob Dylan,Knockin' On Heaven's Door,,2:30,0.51,0.4,G,-13,major,0.03,0.25,0.18,0.11,0.23,140,83,6HSXNV0b4M4cLJ7ljgVVeh,,"folk rock, folk, singer-songwriter, roots rock, country rock"
198,48,,Bob Dylan,Like a Rolling Stone,,6:10,0.48,0.72,C,-7,major,0.03,0.73,0,0.19,0.56,95,75,3AhXZa8sUQht0UEdBJgpGc,,"folk rock, folk, singer-songwriter, roots rock, country rock"
199,48,,Bob Dylan,Mr. Tambourine Man,,5:31,0.39,0.31,F,-15,major,0.07,0.79,0,0.38,0.58,178,66,3RkQ3UwOyPqpIiIvGVewuU,,"folk rock, folk, singer-songwriter, roots rock, country rock"
200,48,,Bob Dylan,"Don't Think Twice, It's All Right",,3:37,0.6,0.24,E,-17,major,0.04,0.89,0,0.25,0.47,111,71,2WOjLF83vqjit2Zh4B69V3,,"folk rock, folk, singer-songwriter, roots rock, country rock"
201,49,,John Mellencamp,Jack & Diane,,4:14,0.81,0.41,A,-8,major,0.04,0.04,0,0.08,0.63,104,80,43btz2xjMKpcmjkuRsvxyg,,classic rock
202,49,,John Mellencamp,Hurts So Good,,3:39,0.79,0.74,A,-5,major,0.04,0.04,0,0.11,0.97,125,72,67eX1ovaHyVPUinMHeUtIM,,classic rock
203,49,,John Mellencamp,Small Town,,3:42,0.66,0.92,B,-3,major,0.03,0.16,0.01,0.31,0.63,123,65,2HsjJJL4DhPCzMlnaGv7ap,,classic rock
204,50,,JAY-Z,4:44,,4:44,0.26,0.85,A,-5,major,0.16,0.14,0,0.48,0.43,178,71,1gT5TGwbkkkUliNzHRIGi1,,"hip hop, east coast hip hop, rap"
205,50,,JAY-Z,Empire State Of Mind,,4:37,0.49,0.96,B,-2,major,0.39,0.03,0,0.46,0.81,174,83,2igwFfvr1OAGX9SKDCPBwO,,"hip hop, east coast hip hop, rap"
206,50,,JAY-Z,Ni**as In Paris,,3:39,0.79,0.86,C#,-6,major,0.31,0.13,0,0.35,0.78,140,81,1auxYwYrFRqZP7t3s7w4um,,"hip hop, east coast hip hop, rap"
207,51,,Donna Summer,"Hot Stuff - 12"" Version",,6:47,0.8,0.89,C,-8,major,0.03,0,0.02,0.07,0.97,120,67,2Vnw8zKmjhr1jczUeaqiQg,,"disco, hi-nrg"
208,51,,Donna Summer,Bad Girls,,4:55,0.86,0.7,D,-15,minor,0.04,0,0.02,0.41,0.97,121,64,1ibRqifchaAfeNdQGpbRVW,,"disco, hi-nrg"
209,52,,Nickelback,How You Remind Me,,3:43,0.45,0.76,Bb,-5,major,0.03,0,0,0.1,0.54,172,86,0gmbgwZ8iqyMPmXefof8Yf,,"post-grunge, rock"
210,52,,Nickelback,Burn it to the Ground,,3:32,0.62,0.92,B,-3,major,0.07,0,0.39,0.36,0.6,132,81,1jq28NGw6wdtFKx8MBPy6C,,"post-grunge, rock"
211,52,,Nickelback,Rockstar - 2020 Remaster,,4:15,0.62,0.91,C,-3,major,0.04,0.05,0,0.31,0.68,144,79,05tlUh0E6IFks9sCQguQKN,,"post-grunge, rock"
212,52,,Nickelback,Far Away - 2020 Remaster,,3:58,0.51,0.78,F#,-5,major,0.03,0,0,0.1,0.34,133,73,05rWggLwQ2weA4D2cRAt55,,"post-grunge, rock"
213,53,,Boyz II Men,On Bended Knee,,5:30,0.63,0.52,Ab,-8,major,0.04,0.41,0,0.12,0.18,117,59,4Gmkqn3V7IMTkOmmiX7cbb,,"new jack swing, r&b, quiet storm"
214,53,,Boyz II Men,End Of The Road,,5:51,0.64,0.43,F,-9,minor,0.02,0.07,0,0.06,0.53,150,73,3l3xTXsUXeWlkPqzMs7mPD,,"new jack swing, r&b, quiet storm"
215,53,,Boyz II Men,I'll Make Love To You,,3:56,0.56,0.49,D,-8,major,0.02,0.1,0,0.1,0.2,142,71,7dfl9X38RhIvB3oSmmneq3,,"new jack swing, r&b, quiet storm"
216,54,,Carpenters,Yesterday Once More,,3:54,0.25,0.38,E,-14,major,0.03,0.67,0,0.38,0.41,168,70,3wM6RTAnF7IQpMFd7b9ZcL,,"christmas, adult standards"
217,54,,Carpenters,Top Of The World,,2:59,0.38,0.34,Bb,-13,major,0.04,0.81,0,0.1,0.69,184,68,1Ehdm1PDlKrdfyBsjwEvd1,,"christmas, adult standards"
218,54,,Carpenters,I Won't Last A Day Without You,,3:53,0.45,0.22,D,-13,major,0.05,0.79,0,0.1,0.46,82,68,42CX3VhPsCG75BFp07r9Vj,,"christmas, adult standards"
219,54,,Carpenters,We've Only Just Begun,,3:05,0.41,0.32,A,-12,major,0.03,0.77,0,0.1,0.3,87,54,7nXZCcFAy1oCKQG2SqLszv,,"christmas, adult standards"
220,55,,Justin Bieber,Love Yourself,,3:53,0.61,0.38,E,-10,major,0.44,0.84,0,0.28,0.52,100,87,50kpGaPAhYJ3sGmk6vplg0,,No genre info
221,55,,Justin Bieber,Sorry,,3:20,0.66,0.76,C,-4,minor,0.05,0.08,0,0.3,0.41,100,86,09CtPGIpYB4BrO8qb1RGsF,,No genre info
222,55,,Justin Bieber,Baby,,3:34,0.73,0.86,F,-5,minor,0.14,0.04,0,0.11,0.54,65,84,6epn3r7S14KUqlReYr77hA,,southern hip hop
223,55,,Justin Bieber,Beauty And A Beat,,3:48,0.6,0.84,C,-5,major,0.06,0,0,0.07,0.5,128,86,6QFCMUUq1T2Vf5sFUXcuQ7,,No genre info
224,56,,Lady Gaga,Die With A Smile,,4:12,0.52,0.59,F#,-8,minor,0.03,0.31,0,0.12,0.54,158,94,7so0lgd0zP2Sbgs2d7a1SZ,,"art pop, pop"
225,56,,Lady Gaga,Poker Face,,3:57,0.85,0.81,E,-5,major,0.08,0.12,0,0.12,0.77,119,84,1QV6tiMFM6fSOKOGLMHYYg,,"art pop, pop"
226,56,,Lady Gaga,Always Remember Us This Way,,3:30,0.55,0.5,C,-6,major,0.04,0.3,0,0.76,0.29,130,87,2rbDhOo9Fh61Bbu23T2qCk,,"art pop, pop"
227,56,,Lady Gaga,Bad Romance,,4:54,0.7,0.92,C,-4,major,0.04,0,0,0.08,0.71,119,85,0SiywuOBRcynK0uKGWdCnn,,"art pop, pop"
228,57,,Foreigner,Cold as Ice,,3:23,0.56,0.61,Eb,-7,minor,0.03,0.03,0,0.17,0.51,131,74,7vidktgNZFQylTgH1GEnMs,,"aor, classic rock"
229,57,,Foreigner,Waiting For A Girl Like You,,4:52,0.77,0.47,A#,-9,minor,0.03,0.31,0,0.04,0.43,201,77,2OgVsp77En2nju8pnCieVU,,"aor, classic rock"
230,57,,Foreigner,I Want To Know What Love Is - 1999 Remaster,,5:05,0.48,0.47,F#,-10,major,0.03,0.19,0,0.13,0.42,81,83,1JLn8RhQzHz3qDqsChcmBl,,"aor, classic rock"
231,57,,Foreigner,Juke Box Hero,,4:20,0.36,0.65,A,-6,major,0.07,0.08,0,0.08,0.52,177,71,00qOE7OjRl0BpYiCiweZB2,,"aor, classic rock"
232,58,,Britney Spears,Gimme More,,4:11,0.79,0.84,D,-3,major,0.03,0.25,0,0.07,0.38,113,86,6ic8OlLUNEATToEFU3xmaH,,pop
233,58,,Britney Spears,Toxic,,3:18,0.77,0.84,F,-4,minor,0.11,0.02,0.03,0.24,0.92,143,88,6I9VzXrHxO9rA9A5euc8Ak,,pop
234,59,,P!nk,What About Us,,4:29,0.49,0.59,C#,-6,major,0.05,0.03,0,0.09,0.19,114,80,0Qh38w01QRXK6KHIv0e3hb,,No genre info
235,59,,P!nk,Just Give Me a Reason (feat. Nate Ruess),,4:02,0.78,0.55,D,-7,major,0.05,0.34,0,0.13,0.44,95,88,1mKXFLRA179hdOWQBwUk9e,,No genre info
236,59,,P!nk,Try,,4:08,0.67,0.63,D,-7,major,0.03,0,0,0.09,0.55,104,82,1jF7IL57ayN4Ity3jQqGu0,,No genre info
237,60,,Alicia Keys,If I Ain't Got You,,3:48,0.61,0.44,G,-9,major,0.11,0.6,0,0.1,0.17,118,85,3XVBdLihbNbxUwZosxcGuJ,,"r&b, neo soul"
238,60,,Alicia Keys,No One,,4:13,0.64,0.55,C#,-5,minor,0.03,0.02,0,0.13,0.17,90,73,0mZ5GyrHG908lqrHaTw4hi,,"r&b, neo soul"
239,60,,Alicia Keys,Girl On Fire,,3:44,0.48,0.71,A,-6,major,0.06,0.14,0,0.11,0.14,93,77,77xMtm3bTqLVN6FiJurLFv,,"r&b, neo soul"
240,61,,Katy Perry,Last Friday Night (T.G.I.F.),,3:50,0.65,0.81,Eb,-4,minor,0.04,0,0,0.67,0.73,126,82,1htQDV8JxSuXG2QsNj5ttr,,pop
241,61,,Katy Perry,Dark Horse,,3:36,0.65,0.59,F#,-6,major,0.05,0,0,0.17,0.35,132,75,4jbmgIyjGoXjY01XxatOx6,,pop
242,61,,Katy Perry,The One That Got Away,,3:47,0.69,0.8,C#,-4,minor,0.04,0,0,0.16,0.88,134,57,2009X8GyWTqyxIdzAEYW6N,,pop
243,61,,Katy Perry,Hot N Cold,,3:40,0.71,0.84,G,-4,major,0.04,0,0,0.07,0.86,132,74,1y4eb6hmAvsqlDOl3fx9kk,,pop
244,62,,Miley Cyrus,Party In The U.S.A.,,3:22,0.65,0.7,Bb,-5,minor,0.04,0,0,0.09,0.47,96,85,3E7dfMvvCLUddWissuqMwr,,No genre info
245,62,,Miley Cyrus,Flowers,,3:21,0.71,0.69,C,-5,major,0.06,0.06,0,0.02,0.63,118,89,7DSAEUvxU8FajXtRloy8M0,,No genre info
246,62,,Miley Cyrus,Angels Like You,,3:16,0.67,0.64,F,-4,major,0.03,0.1,0,0.1,0.49,122,85,1daDRI9ahBonbWD8YcxOIB,,No genre info
247,62,,Miley Cyrus,Wrecking Ball,,3:41,0.53,0.42,F,-6,major,0.03,0.41,0,0.11,0.35,120,84,2vwlzO0Qp8kfEtzTsCXfyE,,No genre info
248,63,,The Jacksons,Blame It on the Boogie,Destiny,3:34,0.77,0.64,C#,-10,major,0.08,0.08,0,0.09,0.88,113,72,3qI94hINNNeb4S7xQi18lS,,"disco, motown, philly soul"
249,64,,"Earth, Wind & Fire",September,,3:36,0.67,0.83,A,-8,major,0.03,0.15,0,0.14,0.98,126,82,3kXoKlD84c6OmIcOLfrfEs,,"funk, disco"
250,64,,"Earth, Wind & Fire",Let's Groove,,5:39,0.87,0.65,B,-9,minor,0.06,0.12,0,0.13,0.9,125,80,3koCCeSaVUyrRo3N2gHrd8,,"funk, disco"
251,65,,Marvin Gaye,Ain't No Mountain High Enough,,2:32,0.66,0.6,G,-11,major,0.03,0.43,0,0.18,0.8,130,82,7tqhbajSfrz2F7E1Z75ASX,,"motown, classic soul, soul, northern soul, quiet storm"
252,65,,Marvin Gaye,Sexual Healing,,3:59,0.81,0.6,C,-10,minor,0.06,0.12,0,0.06,0.74,94,74,3VZmChrnVW8JK6ano4gSED,,"motown, classic soul, soul, northern soul, quiet storm"
253,66,,U2,With Or Without You,,4:56,0.55,0.54,D,-7,major,0.03,0,0.24,0.12,0.12,110,57,6ADSaE87h8Y3lccZlBJdXH,,rock
254,66,,U2,I Still Haven't Found What I'm Looking For,,4:37,0.56,0.77,C#,-9,major,0.04,0.01,0,0.09,0.66,101,80,6wpGqhRvJGNNXwWlPmkMyO,,rock
255,66,,U2,Beautiful Day,,4:08,0.54,0.93,B,-6,minor,0.06,0.02,0,0.2,0.39,136,74,0gzqZ9d1jIKo9psEIthwXe,,rock
256,67,,Linda Ronstadt,Blue Bayou,,3:59,0.73,0.16,B,-13,major,0.03,0.74,0,0.11,0.5,95,64,3zxklD2EGecZre9MjEEvIU,,"country rock, mariachi"
257,67,,Linda Ronstadt,Don't Know Much (with Aaron Neville),,3:32,0.4,0.28,B,-11,major,0.03,0.66,0,0.16,0.27,130,61,5z3ZDMP02xF33yCvPFnct3,,"country rock, mariachi"
258,68,,Van Halen,Jump - 2015 Remaster,,4:01,0.57,0.84,C,-6,major,0.03,0.17,0,0.07,0.8,130,81,7N3PAbqfTjSEU1edb2tY8j,,"glam metal, classic rock, rock, hard rock"
259,68,,Van Halen,Panama - 2015 Remaster,,3:30,0.53,0.98,Ab,-5,major,0.11,0,0,0.07,0.45,141,75,05RgAMGypEvqhNs5hPCbMS,,"glam metal, classic rock, rock, hard rock"
260,69,,Bob Seger,Night Moves,,5:24,0.71,0.74,C#,-7,major,0.04,0.43,0.01,0.1,0.37,119,74,6UBjSnyP1O5W5ndJoO9vUk,,classic rock
261,69,,Bob Seger,Still The Same,,3:24,0.71,0.77,C,-7,major,0.03,0.41,0,0.06,0.56,116,70,1Ryxsiacu8pUXIMCVnIQ8J,,classic rock
262,69,,Bob Seger,Old Time Rock & Roll,,3:14,0.71,0.94,F#,-3,major,0.04,0.21,0,0.07,0.96,124,78,5EOoMWIB9iK4ZpcSex9Ec7,,classic rock
263,69,,Bob Seger,Against The Wind,,5:34,0.67,0.77,G,-6,major,0.02,0.28,0.03,0.13,0.72,110,69,1SWmFiFSIBoDbQJjNKC7SR,,classic rock
264,70,,Aerosmith,"I Don't Want To Miss A Thing - From ""Armageddon"" Soundtrack",I Don't Want To Miss A Thing EP,4:59,0.39,0.65,D,-5,major,0.03,0.17,0,0.22,0.14,121,78,5qlJg0Wbj3sslxfwiaRNpq,,"classic rock, rock"
265,70,,Aerosmith,Dream On,,4:27,0.39,0.48,C#,-8,major,0.02,0.4,0,0.31,0.23,78,84,1xsYj84j7hUDDnTTerGWlH,,"classic rock, rock"
266,70,,Aerosmith,Crazy,,5:17,0.36,0.86,F#,-4,minor,0.04,0.09,0,0.29,0.46,162,43,3QxKpdTB8ZSFn8MGeCCpsQ,,"classic rock, rock"
267,70,,Aerosmith,Walk This Way,,3:40,0.65,0.73,F,-11,major,0.04,0.01,0,0.08,0.89,109,76,4JfuiOWlWCkjP6OKurHjSn,,"classic rock, rock"
268,71,,The Black Eyed Peas,Where Is The Love?,,4:33,0.83,0.7,F,-3,major,0.18,0.11,0,0.13,0.81,94,82,0xmjwnQ3FNE6HuWCt2nHdZ,,No genre info
269,71,,The Black Eyed Peas,I Gotta Feeling,,4:49,0.74,0.77,C,-6,major,0.03,0.09,0,0.51,0.61,128,87,4kLLWz7srcuLKA7Et40PQR,,No genre info
270,71,,The Black Eyed Peas,Meet Me Halfway,,4:44,0.8,0.63,B,-7,minor,0.07,0,0,0.32,0.4,130,79,3F9ByoUqu31xU0I3G5xfVg,,No genre info
271,72,,Nelly,Just A Dream,,3:57,0.53,0.75,C#,-6,major,0.03,0.04,0,0.12,0.1,90,78,3ZdJffjzJWFimSQyxgGIxN,,No genre info
272,72,,Nelly,Die a Happy Man,,3:34,0.65,0.75,C#,-4,minor,0.03,0.02,0,0.08,0.17,88,41,1mExCoXAGKI6abLGXoG7O3,,No genre info
273,72,,Nelly,Wadsyaname - Dirty Edit,,4:06,0.78,0.79,A#,-7,minor,0.12,0.12,0,0.12,0.17,80,33,4sFtp3pDTJnOZfZuhY20vr,,No genre info
274,73,,Carole King,You've Got a Friend,,5:09,0.47,0.26,Ab,-11,major,0.03,0.88,0,0.12,0.46,169,62,1qhp5owrFGeZ5Jgin28nwR,,"singer-songwriter, folk rock"
275,73,,Carole King,It's Too Late,,3:53,0.45,0.44,A,-13,minor,0.04,0.49,0.01,0.13,0.81,208,74,12q3V8ShACq2PSWINMc2rC,,"singer-songwriter, folk rock"
276,73,,Carole King,So Far Away,,3:56,0.49,0.17,D,-14,major,0.04,0.9,0,0.08,0.36,144,60,4HHge4zAyIw3pkrtFzmwCl,,"singer-songwriter, folk rock"
277,73,,Carole King,I Feel the Earth Move,,2:59,0.71,0.58,G,-9,minor,0.03,0.65,0,0.05,0.64,120,65,1BWsOxeMx83OrKGCV4gxly,,"singer-songwriter, folk rock"
278,74,,Justin Timberlake,Rock Your Body,,4:27,0.89,0.71,E,-6,minor,0.14,0.2,0,0.05,0.82,101,84,1AWQoqb9bSvzTjaLralEkT,,No genre info
279,74,,Justin Timberlake,Mirrors,,8:04,0.57,0.51,F,-7,minor,0.05,0.23,0,0.09,0.51,77,85,4rHZZAmHpZrA3iH5zx8frV,,No genre info
280,74,,Justin Timberlake,"CAN'T STOP THE FEELING! (from DreamWorks Animation's ""TROLLS"")",,3:58,0.67,0.83,C,-6,major,0.07,0.01,0,0.1,0.7,113,73,6JV2JOEocMgcZxYSZelKcc,,No genre info
281,74,,Justin Timberlake,SexyBack (feat. Timbaland),,4:02,0.97,0.58,G,-6,major,0.08,0.06,0,0.05,0.96,117,84,0O45fw2L5vsWpdsOdXwNAR,,No genre info
282,75,,The Monkees,I'm a Believer - 2006 Remaster,,2:47,0.53,0.78,C,-6,major,0.04,0.71,0,0.22,0.96,80,72,3G7tRC24Uh09Hmp1KZ7LQ2,,No genre info
283,75,,The Monkees,Daydream Believer,,3:00,0.51,0.49,G,-10,major,0.03,0.26,0,0.11,0.65,126,69,7uEcCGtM1FBBGIhPozhJjv,,No genre info
284,75,,The Monkees,Me & Magdalena,,3:32,0.47,0.75,D,-6,minor,0.11,0.22,0,0.17,0.62,80,84,1XxRYmDKuABtbtCozx3pA2,,No genre info
285,76,,Kenny Rogers,The Gambler,,3:35,0.67,0.5,E,-13,major,0.06,0.34,0,0.19,0.86,87,76,5KqldkCunQ2rWxruMEtGh0,,"country, classic country"
286,76,,Kenny Rogers,Islands In The Stream,,4:09,0.59,0.47,Ab,-10,major,0.04,0.68,0,0.07,0.74,204,74,4mnOVRRXsaqg9Nb041xR8u,,"country, classic country"
287,76,,Kenny Rogers,Coward Of The County,,4:19,0.65,0.43,G,-13,major,0.06,0.13,0,0.15,0.68,91,67,0JkIre0YxNmKGMU5V7ZiDx,,"country, classic country"
288,76,,Kenny Rogers,Lady,,3:52,0.32,0.18,D#,-16,minor,0.03,0.86,0,0.09,0.2,137,67,5Pj5zrq2nbKcAekH1AxbrO,,"country, classic country"
289,77,,Heart,Barracuda,,4:21,0.55,0.69,E,-14,minor,0.04,0.02,0.11,0.14,0.67,137,76,4KfSdst7rW39C0sfhArdrz,,"classic rock, aor, rock"
290,77,,Heart,All I Wanna Do Is Make Love To You,,5:11,0.63,0.75,G,-9,major,0.03,0.16,0,0.06,0.8,103,71,5YjKdeES9QRJ8NmF4Xc8pV,,"classic rock, aor, rock"
291,77,,Heart,Alone - Remastered 2000,,3:39,0.41,0.62,F#,-6,major,0.03,0.73,0,0.09,0.17,175,58,0h17TpfCKbbib1J37Qgj7r,,"classic rock, aor, rock"
292,77,,Heart,Crazy On You,,4:53,0.44,0.46,A,-12,minor,0.03,0.12,0,0.13,0.38,130,71,5zH710lFSLtkHbMkslLDjR,,"classic rock, aor, rock"
293,78,,Tim McGraw,"I Like It, I Love It",,3:25,0.64,0.96,C,-5,major,0.03,0.02,0,0.95,0.96,124,75,3IvcWWehbBcBR4YZxlGM9R,,"country, classic country"
294,78,,Tim McGraw,Highway Don't Care,,4:37,0.47,0.79,D,-5,major,0.04,0.02,0,0.09,0.5,158,65,60hGQrn24APqEFSLObLeDc,,"country, classic country"
295,78,,Tim McGraw,Something Like That,,3:03,0.51,0.85,F,-6,major,0.05,0.38,0,0.06,0.85,172,74,6leiB1fEsTnVCuPiielde5,,"country, classic country"
296,78,,Tim McGraw,Humble And Kind,,4:19,0.36,0.48,B,-7,major,0.03,0.68,0,0.12,0.14,101,68,4Pn0JlCUusD2QHjADuOzuV,,"country, classic country"
297,79,,Barry Manilow,Mandy,,3:33,0.31,0.46,Bb,-9,major,0.03,0.42,0,0.14,0.32,104,66,6iXQrhhgBisdfvS34EMTZ3,,"yacht rock, adult standards"
298,79,,Barry Manilow,Can't Smile Without You,,3:13,0.42,0.52,G,-10,major,0.03,0.49,0,0.15,0.48,98,62,7qUTZEf6bgiApJEXpMAH5y,,"yacht rock, adult standards"
299,80,,R. Kelly,Ignition - Remix,,3:06,0.8,0.52,C#,-7,major,0.04,0.06,0,0.09,0.86,133,69,5dNfHmqgr128gMY2tc5CeJ,,r&b
300,80,,R. Kelly,I Believe I Can Fly,,5:20,0.55,0.44,G,-8,major,0.03,0.24,0,0.19,0.04,120,64,2RzJwBCXsS1VnjDm2jKKAa,,r&b
301,80,,R. Kelly,Feelin' On Yo Booty,,4:06,0.74,0.26,Bb,-8,major,0.05,0.26,0,0.1,0.83,61,53,7cFQFr1VpkSp3BTIn7X719,,r&b
302,81,,Journey,Don't Stop Believin' (2022 Remaster),,4:10,0.51,0.75,E,-7,major,0.04,0.13,0,0.2,0.51,119,86,5RKQ5NdjSh2QzD4MaunT91,,"aor, classic rock"
303,81,,Journey,Any Way You Want It,,3:21,0.53,0.93,G,-8,major,0.05,0,0,0.14,0.57,138,78,71SvEDmsOwIWw1IozsZoMA,,"aor, classic rock"
304,81,,Journey,Separate Ways (Worlds Apart) [2023 Remaster],,5:23,0.47,0.96,E,-5,minor,0.06,0.14,0,0.33,0.37,132,75,1pTw2cNrp9L3esxLAvWnN2,,"aor, classic rock"
305,81,,Journey,Faithfully (2023 Remaster),,4:27,0.42,0.6,B,-6,major,0.03,0.22,0,0.1,0.23,130,69,0l5TpsCL1ObiTEsHeWA0by,,"aor, classic rock"
306,82,,Simon & Garfunkel,Bookends Theme - Reprise,,1:20,0.47,0.1,E,-24,major,0.04,0.91,0.02,0.12,0.5,138,48,0Q3GpBYKy5Mx97TNBJVibl,,"folk rock, folk"
307,82,,Simon & Garfunkel,Scarborough Fair / Canticle,,3:10,0.34,0.25,D,-16,major,0.03,0.65,0,0.11,0.3,129,62,3g2fYZW5v2od8KIF7VktT0,,"folk rock, folk"
308,82,,Simon & Garfunkel,Homeward Bound,,2:30,0.49,0.38,Eb,-12,major,0.03,0.83,0,0.1,0.53,93,63,4Xl2PrS3DJqqSKXCo6Uhv9,,"folk rock, folk"
309,82,,Simon & Garfunkel,The Sound of Silence - Acoustic Version,"Wednesday Morning, 3 A.M.",3:05,0.53,0.22,F#,-14,major,0.03,0.84,0,0.11,0.33,107,74,5y788ya4NvwhBznoDIcXwK,,"folk rock, folk"
310,82,,Simon & Garfunkel,The Boxer,Bridge Over Troubled Water,5:08,0.44,0.49,B,-14,major,0.06,0.7,0,0.16,0.63,93,70,76TZCvJ8GitQ2FA1q5dKu0,,"folk rock, folk"
311,82,,Simon & Garfunkel,Bridge Over Troubled Water,Bridge Over Troubled Water,4:53,0.15,0.21,Eb,-14,major,0.03,0.82,0,0.12,0.26,80,69,6l8EbYRtQMgKOyc1gcDHF9,,"folk rock, folk"
312,82,,Simon & Garfunkel,EI Condor Pasa (If I Could),,3:07,0.33,0.21,E,-18,minor,0.03,0.84,0.07,0.18,0.28,148,64,1eN42Q7IWRzRBq8eW2Y2TE,,"folk rock, folk"
313,82,,Simon & Garfunkel,Cecilia,,2:54,0.76,0.88,C,-9,major,0.04,0.36,0,0.22,0.95,103,76,6QhXQOpyYvbpdbyjgAqKdY,,"folk rock, folk"
314,83,,Michael Bolton,How Am I Supposed to Live Without You,,4:16,0.54,0.44,Bb,-12,major,0.03,0.19,0,0.11,0.23,140,70,3RMeOetCdXttthQK0clPuz,,soft rock
315,83,,Michael Bolton,When a Man Loves a Woman,"Time, Love & Tenderness",3:51,0.48,0.36,C#,-11,major,0.03,0.2,0,0.06,0.24,165,72,3ascnOSOR5MX901ylGuhcl,,soft rock
316,83,,Michael Bolton,Said I Loved You...But I Lied,The One Thing,5:04,0.55,0.57,Bb,-9,major,0.03,0.19,0,0.16,0.43,160,71,2nfMrwg3aRhSAv4HX7IzJL,,soft rock
317,84,,Ed Sheeran,I See Fire,,5:01,0.63,0.05,A#,-21,minor,0.04,0.56,0,0.1,0.2,76,61,1fu5IQSRgPxJL2OTP7FVLW,,soft pop
318,84,,Ed Sheeran,Shape of You,,3:53,0.83,0.65,C#,-3,minor,0.08,0.58,0,0.09,0.93,96,92,7qiZfU4dY1lWllzX7mPBI3,,soft pop
319,84,,Ed Sheeran,Perfect,,4:23,0.6,0.45,Ab,-6,major,0.02,0.16,0,0.11,0.17,95,89,0tgVpDi06FyKpA1z0VMD4v,,soft pop
320,84,,Ed Sheeran,Photograph,,4:19,0.61,0.38,E,-10,major,0.05,0.61,0,0.1,0.2,108,84,1HNkqx9Ahdgi1Ixy2xkKkL,,soft pop
321,84,,Ed Sheeran,Thinking out Loud,,4:41,0.78,0.45,D,-6,major,0.03,0.47,0,0.18,0.59,79,82,34gCuhDGsG4bRPIf9bb02f,,soft pop
322,85,,Kelly Clarkson,Since U Been Gone,,3:08,0.66,0.74,A,-5,minor,0.03,0,0,0.11,0.38,131,79,6JY1IdkZGeIcPegKxjSKeb,,christmas
323,85,,Kelly Clarkson,Because of You,,3:39,0.58,0.58,F,-5,minor,0.03,0.25,0,0.12,0.14,140,69,0gJvqi9QyASOCtJu99tytc,,christmas
324,85,,Kelly Clarkson,Stronger (What Doesn't Kill You),,3:42,0.56,0.94,C,-4,major,0.05,0.05,0,0.11,0.68,116,66,459h0Mh30C82Z1lhk41yYK,,christmas
325,85,,Kelly Clarkson,Underneath the Tree,,3:50,0.51,0.81,Ab,-5,major,0.05,0,0,0.21,0.69,160,52,3nAp4IvdMPPWEH9uuXFFV5,,christmas
326,86,,Pink Floyd,Wish You Were Here,,5:35,0.48,0.26,G,-16,major,0.04,0.74,0.01,0.83,0.38,123,81,6mFkJmJqdDVQ1REhVfGgd1,,"progressive rock, psychedelic rock, classic rock, art rock, rock"
327,86,,Pink Floyd,"Another Brick in the Wall, Pt. 2",,3:58,0.69,0.39,C,-16,major,0.04,0.08,0,0.25,0.72,104,85,4gMgiXfqyzZLMhsksGmbQV,,"progressive rock, psychedelic rock, classic rock, art rock, rock"
328,86,,Pink Floyd,Comfortably Numb,,6:22,0.47,0.37,B,-13,minor,0.03,0.15,0.31,0.08,0.17,127,79,5HNCy40Ni5BZJFw1TKzRsC,,"progressive rock, psychedelic rock, classic rock, art rock, rock"
329,86,,Pink Floyd,Breathe (In the Air),,2:50,0.43,0.37,B,-15,minor,0.03,0.39,0.73,0.14,0.25,128,78,2ctvdKmETyOzPb2GiJJT53,,"progressive rock, psychedelic rock, classic rock, art rock, rock"
330,86,,Pink Floyd,The Great Gig in the Sky,,4:43,0.27,0.22,F,-14,major,0.03,0.77,0.9,0.08,0.18,116,75,2TjdnqlpwOjhijHCwHCP2d,,"progressive rock, psychedelic rock, classic rock, art rock, rock"
331,87,,Queen,We Will Rock You - Remastered 2011,News Of The World (2011 Remaster),2:02,0.69,0.5,D,-7,major,0.12,0.68,0,0.26,0.48,81,81,4pbJqGIASGPr0ZpGpnWkDn,,"classic rock, rock, glam rock"
332,87,,Queen,Bohemian Rhapsody - Remastered 2011,,5:54,0.39,0.4,C,-10,minor,0.05,0.29,0,0.24,0.23,144,76,4u7EnebtmKWzUH433cf5Qv,,"classic rock, rock, glam rock"
333,87,,Queen,Don't Stop Me Now - Remastered 2011,,3:29,0.56,0.87,F,-5,major,0.16,0.05,0,0.77,0.6,156,78,5T8EDUDqKcs6OSOwEsfqG7,,"classic rock, rock, glam rock"
334,87,,Queen,Somebody To Love - Remastered 2011,,4:56,0.5,0.69,Ab,-7,major,0.06,0.19,0,0.22,0.36,112,70,4rDbp1vnvEhieiccprPMdI,,"classic rock, rock, glam rock"
335,87,,Queen,Another One Bites The Dust - Remastered 2011,,3:34,0.93,0.53,F,-6,minor,0.16,0.11,0.31,0.16,0.75,110,82,5vdp5UmvTsnMEMESIF2Ym7,,"classic rock, rock, glam rock"
336,87,,Queen,Under Pressure - Remastered 2011,,4:08,0.67,0.71,D,-8,major,0.05,0.43,0,0.1,0.46,114,82,2fuCquhmrzHpu5xcA1ci9x,,"classic rock, rock, glam rock"
337,88,,Mary J. Blige,Be Without You - Kendu Mix,,4:06,0.73,0.7,D,-6,minor,0.1,0.07,0,0.26,0.67,147,69,6Y3WvyUG9iE5bQYg38SPtQ,,r&b
338,88,,Mary J. Blige,Family Affair,,4:25,0.91,0.55,Ab,-4,minor,0.05,0.13,0,0.09,0.97,93,81,3aw9iWUQ3VrPQltgwvN9Xu,,r&b
339,88,,Mary J. Blige,One,,4:20,0.34,0.88,C,-3,major,0.08,0.08,0,0.13,0.26,186,64,3Lk7RWStfLaHG7lXsuS87j,,r&b
340,89,,Kanye West,Flashing Lights,Graduation,3:57,0.64,0.63,F#,-8,minor,0.04,0.04,0,0.39,0.43,90,86,5TRPicyLGbAF2LGBFbHGvO,,rap
341,89,,Kanye West,Heartless,,3:31,0.79,0.65,A#,-6,minor,0.14,0.05,0,0.25,0.65,88,86,4EWCNWgDS8707fNSZ1oaA5,,rap
342,89,,Kanye West,Monster,,6:19,0.63,0.69,D,-6,major,0.2,0,0.01,0.67,0.1,125,74,1ZHYJ2Wwgxes4m8Ba88PeK,,rap
343,89,,Kanye West,I Wonder,,4:03,0.54,0.47,C,-9,major,0.08,0.14,0,0.13,0.13,191,84,7rbECVPkY5UODxoOUVKZnA,,rap
344,90,,Three Dog Night,Joy To The World,,3:41,0.65,0.68,D,-13,major,0.03,0.46,0,0.34,0.97,127,65,2ymeOsYijJz09LfKw3yM2x,,No genre info
345,90,,Three Dog Night,Mama Told Me (Not To Come) - Single Version,,3:19,0.67,0.67,C#,-14,major,0.05,0.37,0.03,0.21,0.83,120,61,1CAO7hiNOxJRPW4nFv2aRO,,No genre info
346,91,,Commodores,Easy,,4:16,0.59,0.39,A#,-15,minor,0.03,0.11,0,0.06,0.36,133,79,1JQ6Xm1JrvHfvAqhl5pwaA,,"motown, classic soul"
347,91,,Commodores,Brick House,,3:28,0.83,0.78,E,-10,minor,0.06,0.07,0.02,0.03,0.63,108,69,5VJjhHyG8NZ5xdgG6uTb3P,,"motown, classic soul"
348,92,,Paula Abdul,Straight Up,,4:11,0.77,0.83,G,-8,major,0.06,0.27,0.02,0.07,0.76,96,64,5xl5582IihbEZAnfj0xyso,,No genre info
349,92,,Paula Abdul,Rush Rush,,4:53,0.71,0.44,E,-12,major,0.05,0.76,0,0.1,0.4,90,61,015qd1I4v00JIoK7yOUgKC,,No genre info
350,93,,Bryan Adams,(Everything I Do) I Do It For You,,6:33,0.53,0.36,C#,-13,major,0.03,0.08,0,0.06,0.3,131,79,1Eb90nmqTrxylKFhcUzW8P,,No genre info
351,93,,Bryan Adams,Summer Of '69,,3:36,0.51,0.83,D,-6,major,0.04,0.02,0,0.07,0.77,139,86,0GONea6G2XdnHWjNZd6zt3,,No genre info
352,93,,Bryan Adams,Heaven,,4:03,0.38,0.59,A,-7,minor,0.03,0.05,0,0.12,0.33,140,83,7Ewz6bJ97vUqk5HdkvguFQ,,No genre info
353,94,,Chris Brown,Under The Influence,Indigo (Extended),3:04,0.76,0.56,A,-9,minor,0.04,0.02,0,0.18,0.37,117,87,5IgjP7X4th6nMNDh4akUHb,,r&b
354,94,,Chris Brown,No Guidance (feat. Drake),Indigo,4:20,0.7,0.45,C#,-7,minor,0.15,0.12,0,0.16,0.14,93,83,6XHVuErjQ4XNm6nDPVCxVX,,r&b
355,95,,Guns N' Roses,Sweet Child O' Mine,Appetite For Destruction,5:56,0.45,0.95,F#,-5,major,0.05,0.09,0.08,0.11,0.62,125,89,7snQQk1zcKl8gZ92AnueZW,,"rock, glam metal, hard rock, classic rock"
356,95,,Guns N' Roses,Welcome To The Jungle,,4:33,0.45,0.99,Ab,-4,major,0.09,0.02,0.28,0.27,0.32,124,83,0G21yYKMZoHa30cYVi1iA8,,"rock, glam metal, hard rock, classic rock"
357,95,,Guns N' Roses,November Rain,Use Your Illusion I,8:56,0.29,0.64,B,-9,major,0.03,0.02,0.22,0.11,0.23,80,84,3YRCqOhFifThpSRFJ1VWFM,,"rock, glam metal, hard rock, classic rock"
358,95,,Guns N' Roses,Paradise City,,6:46,0.27,0.98,B,-6,major,0.1,0.02,0.01,0.18,0.39,100,85,6eN1f9KNmiWEhpE2RhQqB5,,"rock, glam metal, hard rock, classic rock"
359,95,,Guns N' Roses,Knockin' On Heaven's Door,,5:36,0.5,0.74,F#,-7,major,0.04,0.02,0,0.11,0.38,132,84,4JiEyzf0Md7KEFFGWDDdCr,,"rock, glam metal, hard rock, classic rock"
360,96,,Def Leppard,Pour Some Sugar On Me - Remastered 2017,,4:27,0.27,0.95,C#,-5,minor,0.1,0,0,0.28,0.57,85,74,0PdM2a6oIjqepoEfcJo0RO,,"glam metal, glam rock, classic rock"
361,96,,Def Leppard,Hysteria,,5:55,0.66,0.85,G,-6,major,0.03,0.03,0.01,0.2,0.66,107,74,2PFIZFcGry0po3ZfRZkzKc,,"glam metal, glam rock, classic rock"
362,96,,Def Leppard,Photograph,,4:08,0.6,0.88,E,-7,major,0.05,0,0.63,0.06,0.62,124,71,18URo35acNKRTHfEdjTcGn,,"glam metal, glam rock, classic rock"
363,96,,Def Leppard,Animal,,4:05,0.58,0.92,B,-5,major,0.05,0,0.02,0.19,0.61,120,71,4qjscZh4jfhkpcQG4ZQfi2,,"glam metal, glam rock, classic rock"
364,97,,Huey Lewis & The News,The Power Of Love,,3:54,0.77,0.83,F,-5,major,0.03,0.1,0,0.1,0.96,119,75,2olVm1lHicpveMAo4AUDRB,,No genre info
365,97,,Huey Lewis & The News,Stuck With You,,4:30,0.7,0.54,E,-11,minor,0.03,0.09,0,0.04,0.63,121,65,2cFl7utlqyZjCXN1G5nRvA,,No genre info
366,97,,Huey Lewis & The News,Hip To Be Square,,4:05,0.67,0.78,A,-11,major,0.03,0,0,0.14,0.96,141,63,648BMGrt98kUbLo24A4vgj,,No genre info
367,98,,Linkin Park,Crawling,Hybrid Theory (Bonus Edition),3:28,0.58,0.7,E,-6,major,0.03,0.05,0,0.54,0.3,105,84,57BrRMwf9LrcmuOsyGilwr,,"nu metal, rap metal, rock, alternative metal"
368,98,,Linkin Park,Numb,,3:08,0.49,0.87,F#,-4,minor,0.04,0,0,0.48,0.21,110,90,2nLtzopw4rPReszdYBJU6h,,"nu metal, rap metal, rock, alternative metal"
369,98,,Linkin Park,In The End,Hybrid Theory (Bonus Edition),3:36,0.56,0.86,Eb,-6,minor,0.06,0.01,0,0.21,0.4,105,92,60a0Rd6pjrkxjPbaKzXjfq,,"nu metal, rap metal, rock, alternative metal"
370,98,,Linkin Park,Shadow Of The Day,,4:50,0.53,0.38,B,-8,major,0.03,0.01,0.02,0.11,0.06,110,70,0OYcEfskah1egYHjYRvbg1,,"nu metal, rap metal, rock, alternative metal"
371,98,,Linkin Park,Waiting For The End,,3:52,0.49,0.96,E,-4,major,0.13,0.04,0,0.55,0.32,170,61,5JHNg1hxZFT7TDEphhM4wj,,"nu metal, rap metal, rock, alternative metal"
372,99,,James Taylor,Sweet Baby James -2019 Remaster,,2:54,0.54,0.11,D,-21,major,0.03,0.88,0.01,0.11,0.61,141,58,17PXXzOygMyXXUNLngVN5u,,"folk rock, singer-songwriter, soft rock"
373,99,,James Taylor,You've Got A Friend - 2019 Remaster,,4:29,0.69,0.2,A,-19,major,0.03,0.8,0.03,0.09,0.48,92,66,6zV8IpLvw0tkRSVCFQJB1y,,"folk rock, singer-songwriter, soft rock"
374,99,,James Taylor,Fire And Rain - 2019 Remaster,,3:24,0.6,0.27,F,-17,major,0.04,0.77,0.01,0.09,0.34,76,73,1oht5GevPN9t1T3kG1m1GO,,"folk rock, singer-songwriter, soft rock"
375,99,,James Taylor,Carolina In My Mind,,3:59,0.58,0.27,E,-15,major,0.03,0.12,0,0.13,0.35,75,65,5WOLghNew2YKZO96gYoM7p,,"folk rock, singer-songwriter, soft rock"
376,100,,Creedence Clearwater Revival,Bad Moon Rising,Green River (Expanded Edition),2:21,0.51,0.77,D,-6,major,0.03,0.06,0,0.06,0.94,179,82,20OFwXhEXf12DzwXmaV7fj,,"classic rock, southern rock, country rock"
377,100,,Creedence Clearwater Revival,Have You Ever Seen The Rain,Pendulum,2:40,0.74,0.47,C,-13,major,0.03,0.09,0,0.19,0.89,116,69,5DnT9a5IM3eMjKgXTWVJvi,,"classic rock, southern rock, country rock"
378,100,,Creedence Clearwater Revival,Fortunate Son,Willy And The Poor Boys (Expanded Edition),2:20,0.64,0.66,C,-8,major,0.04,0.2,0.01,0.15,0.66,133,83,4BP3uh0hFLFRb5cjsgLqDh,,"classic rock, southern rock, country rock"
379,100,,Creedence Clearwater Revival,Down On The Corner,Willy And The Poor Boys (Expanded Edition),2:46,0.86,0.54,C,-9,major,0.08,0.58,0,0.07,0.87,108,73,2gE95JskwQ1pCACTpGe1Db,,"classic rock, southern rock, country rock"
380,101,,Tom Petty and the Heartbreakers,Learning To Fly,,4:02,0.65,0.77,C,-10,major,0.03,0.21,0,0.36,0.95,117,74,17S4XrLvF5jlGvGCJHgF51,,classic rock
381,101,,Tom Petty and the Heartbreakers,Mary Jane's Last Dance,,4:34,0.46,0.65,G,-9,minor,0.06,0.03,0,0.33,0.53,170,77,3dmqIB2Qxe2XZobw9gXxJ6,,classic rock
382,101,,Tom Petty and the Heartbreakers,American Girl,Tom Petty And The Heartbreakers,3:34,0.55,0.82,D,-6,major,0.03,0.45,0,0.37,0.78,115,75,53LwBS4bovyljsMlLqGfd6,,classic rock
383,101,,Tom Petty and the Heartbreakers,Refugee,,3:22,0.58,0.71,F#,-5,minor,0.03,0.03,0,0.07,0.76,116,68,4mcZYzoGwPRDdhWVlygiHf,,classic rock
384,101,,Tom Petty and the Heartbreakers,Breakdown,,2:44,0.63,0.35,A,-8,minor,0.04,0.4,0,0.12,0.69,114,65,1HfB7BLeW5XXIJ9sjCaL5U,,classic rock
385,102,,Paul Simon,You Can Call Me Al,,4:40,0.78,0.76,F,-8,major,0.05,0.18,0.01,0.08,0.82,128,78,0qxYx4F3vm1AOnfux6dDxP,,singer-songwriter
386,102,,Paul Simon,Me and Julio Down by the Schoolyard,,2:44,0.63,0.82,A,-11,major,0.13,0.25,0,0.1,0.8,105,75,6vxHp3CDNo0afgKGp2yi1E,,singer-songwriter
387,102,,Paul Simon,Congratulations,,3:43,0.53,0.17,A,-18,major,0.03,0.85,0.03,0.2,0.15,94,29,7ygBd6XOHoCzIOEL147xbz,,singer-songwriter
388,102,,Paul Simon,50 Ways to Leave Your Lover,,3:37,0.82,0.37,G,-13,major,0.08,0.17,0,0.08,0.29,102,74,6Qb7gtV6Q4MnUjSbkFcopl,,singer-songwriter
389,103,,Backstreet Boys,I Want It That Way,Millennium,3:33,0.69,0.69,F#,-6,minor,0.03,0.26,0,0.15,0.48,99,86,47BBI51FKFwOMlIiX6m8ya,,No genre info
390,103,,Backstreet Boys,As Long as You Love Me,Backstreet's Back,3:41,0.8,0.8,C,-5,major,0.03,0.28,0,0.22,0.83,98,80,3UpS7kBnkVQYG13pDDFTC4,,No genre info
391,103,,Backstreet Boys,I'll Never Break Your Heart,,4:48,0.52,0.59,G,-6,minor,0.03,0.09,0,0.15,0.34,162,53,6gsFth2s4hP8zXHSqNcsuY,,No genre info
392,104,,Lil Wayne,She Will,,5:05,0.36,0.84,Ab,-5,major,0.12,0,0,0.24,0.08,100,80,0b4M7hd7mzLTm99MrMeZsp,,"rap, hip hop"
393,104,,Lil Wayne,MegaMan,,3:18,0.5,0.86,B,-5,minor,0.29,0.01,0,0.26,0.34,102,60,66TxPMqbyDLJOusYH4o93n,,"rap, hip hop"
394,104,,Lil Wayne,Mrs. Officer,,4:47,0.92,0.55,F#,-5,major,0.19,0.24,0,0.08,0.95,112,71,0EHR9OObFtjlhQB8wSt1m7,,"rap, hip hop"
395,104,,Lil Wayne,How To Hate,,4:39,0.4,0.75,G,-6,major,0.09,0.22,0,0.53,0.25,146,49,2ZiMQKIieJ7GTRYnO8fP8p,,"rap, hip hop"
396,105,,Carrie Underwood,Little Toy Guns,,3:31,0.43,0.87,G,-1,major,0.06,0,0,0.09,0.2,162,49,4lnnde7PnrXR3pUzQKBe6X,,country
397,105,,Carrie Underwood,Something in the Water,,3:58,0.45,0.89,G,-3,major,0.06,0.02,0,0.08,0.1,140,55,10RQKVSr4rS0coExTmi4dF,,country
398,105,,Carrie Underwood,Before He Cheats,Some Hearts,3:19,0.52,0.75,F#,-3,minor,0.04,0.27,0,0.12,0.29,148,80,0ZUo4YjG4saFnEJhdWp9Bt,,country
399,105,,Carrie Underwood,"Jesus, Take the Wheel",,3:46,0.36,0.52,D,-4,major,0.03,0.67,0,0.11,0.14,77,65,3lec3CzDPAxsZokPph5w87,,country
400,106,,Andy Williams,It's the Most Wonderful Time of the Year,,2:32,0.24,0.6,G,-8,major,0.04,0.77,0,0.12,0.78,202,57,1IcR6RlgvDczfvoWJSSY2A,,"christmas, adult standards"
401,106,,Andy Williams,Happy Holiday / The Holiday Season,,2:37,0.46,0.4,C,-14,major,0.04,0.83,0,0.19,0.7,149,53,1Wf14bTyb6UeKojy8ykPYm,,"christmas, adult standards"
402,106,,Andy Williams,"Moon River (From ""Breakfast at Tiffany's"")",,2:43,0.28,0.21,F#,-16,major,0.03,0.86,0,0.12,0.2,96,58,24AIahNHzBxm9S12peXbnG,,"christmas, adult standards"
403,107,,Styx,Come Sail Away,,6:07,0.32,0.34,C,-16,major,0.04,0.1,0,0.1,0.14,120,66,0PsbWiVtix5FoTZ1s00mEl,,"classic rock, aor, progressive rock"
404,107,,Styx,A.D. 1928,,1:07,0.52,0.05,A,-20,minor,0.05,0.62,0,0.16,0.38,73,32,3WvIE0r15DpLbcHvBT3rdB,,"classic rock, aor, progressive rock"
405,107,,Styx,Renegade,,4:17,0.49,0.55,G,-12,minor,0.03,0.02,0,0.07,0.66,106,71,1CQqupcyMg7176PPmIVmSj,,"classic rock, aor, progressive rock"
406,108,,George Michael,The First Time Ever I Saw Your Face,,4:21,0.31,0.03,C,-22,major,0.04,0.73,0,0.16,0.14,121,62,6T0gaMfEfNWXZCGQKh1wlo,,No genre info
407,108,,George Michael,Faith - Remastered,,3:13,0.89,0.48,B,-12,major,0.12,0.01,0,0.07,0.61,96,64,0HEmnAUT8PHznIAAmVXqFJ,,No genre info
408,108,,George Michael,Freedom! '90 - Remastered,,6:29,0.68,0.9,F,-8,major,0.05,0.13,0,0.06,0.89,92,55,1wZ7o1mZysv1l26ZWawVfW,,No genre info
409,109,,Cher,Believe,Believe,3:59,0.65,0.92,F#,-7,major,0.05,0.01,0,0.05,0.46,133,84,2goLsvvODILDzeeiT4dAoR,,No genre info
410,109,,Cher,If I Could Turn Back Time,,4:00,0.66,0.57,B,-10,major,0.03,0.24,0,0.12,0.5,108,72,6mYrhCAGWzTdF8QnKuchXM,,No genre info
411,109,,Cher,Strong Enough,,3:44,0.59,0.92,C,-6,major,0.1,0.05,0,0.29,0.59,125,68,144JMbvbR5txNzoZ112wo4,,No genre info
412,110,,TLC,Waterfalls,Crazysexycool,4:39,0.77,0.51,C#,-7,major,0.08,0.31,0,0.08,0.76,172,78,6qspW4YKycviDFjHBOaqUY,,No genre info
413,110,,TLC,No Scrubs,Fanmail,3:34,0.74,0.68,Ab,-4,minor,0.1,0.03,0,0.07,0.59,93,85,1KGi9sZVMeszgZOWivFpxs,,No genre info
414,110,,TLC,Creep,,4:29,0.81,0.46,F,-10,minor,0.04,0.02,0,0.05,0.8,93,67,1aWV3uY3SIEZVbmv45oFWS,,No genre info
415,111,,Shania Twain,Man! I Feel Like A Woman!,Come On Over (Diamond Edition / Super Deluxe),3:53,0.69,0.74,Bb,-3,major,0.04,0.45,0,0.09,0.66,125,76,2mqaYmF0XmV8egZB6jQOtN,,country
416,111,,Shania Twain,You're Still The One,,3:32,0.59,0.49,Eb,-9,major,0.04,0.36,0,0.09,0.63,134,70,3x2ksaXI6EZUWidE2BiLXy,,country
417,111,,Shania Twain,Any Man Of Mine,,4:07,0.59,0.73,Ab,-9,major,0.04,0.21,0,0.15,0.78,78,74,0pdfN7nOHMYmKykzu1cyfm,,country
418,111,,Shania Twain,That Don't Impress Me Much - International Mix,,3:59,0.75,0.85,A#,-6,minor,0.05,0.11,0,0.1,0.97,125,66,7r91bpZvftQAk6EfdSdwXq,,country
419,112,,The Doobie Brothers,Listen To The Music,,3:47,0.65,0.6,C#,-13,minor,0.03,0.22,0,0.07,0.91,106,83,7Ar4G7Ci11gpt6sfH9Cgz5,,"yacht rock, classic rock, soft rock, southern rock"
420,112,,The Doobie Brothers,China Grove,,3:15,0.62,0.91,A,-8,major,0.04,0.32,0,0.08,0.75,146,73,7cy1bEJV6FCtDaYpsk8aG6,,"yacht rock, classic rock, soft rock, southern rock"
421,112,,The Doobie Brothers,What A Fool Believes,,3:44,0.76,0.38,Ab,-15,minor,0.04,0.28,0,0.05,0.99,121,80,2yBVeksU2EtrPJbTu4ZslK,,"yacht rock, classic rock, soft rock, southern rock"
422,112,,The Doobie Brothers,Long Train Runnin',,3:27,0.57,0.91,G,-7,minor,0.04,0.09,0,0.06,0.84,117,78,4nXkbcTj3nyww1cHkw5RAP,,"yacht rock, classic rock, soft rock, southern rock"
423,113,,Frankie Valli & The Four Seasons,"December, 1963 (Oh What A Night!)",,3:17,0.74,0.5,C#,-13,major,0.03,0.06,0,0.05,0.97,104,73,1Yv97ENCydLPABqsC2nGtb,,"doo-wop, northern soul, motown"
424,113,,Frankie Valli & The Four Seasons,Sherry,,2:32,0.7,0.47,C,-8,major,0.04,0.65,0,0.13,0.69,118,61,7sqK6f8dHVx3Q1GjFrVyGl,,"doo-wop, northern soul, motown"
425,114,,"Peter, Paul and Mary","Puff, the Magic Dragon",,3:27,0.51,0.09,A,-23,major,0.03,0.51,0,0.1,0.4,144,58,3hqsBLMAqJqrhr434Z7WlA,,"folk, folk rock"
426,114,,"Peter, Paul and Mary",Leaving on a Jet Plane,,3:27,0.41,0.17,A,-17,major,0.05,0.8,0,0.12,0.38,133,60,6ZSTinOwx5dKFYc6iYyGDn,,"folk, folk rock"
427,114,,"Peter, Paul and Mary","Don't Think Twice, It's All Right",,3:16,0.44,0.1,Eb,-23,major,0.03,0.89,0,0.11,0.54,102,52,7IsXXgpowAB48crGjV1oGb,,"folk, folk rock"
428,114,,"Peter, Paul and Mary",Blowin' in the Wind,,2:57,0.38,0.08,F,-18,major,0.03,0.83,0,0.11,0.56,155,52,62Yu8QL1g9pdbvN4XL9Rah,,"folk, folk rock"
429,114,,"Peter, Paul and Mary",500 Miles,,2:43,0.44,0.07,G,-20,major,0.03,0.86,0,0.11,0.26,97,54,6oMZhY0f1ReI6AJDDYfuSb,,"folk, folk rock"
430,115,,Kenny Chesney,American Kids,,3:03,0.78,0.59,C,-7,major,0.08,0.05,0,0.04,0.85,85,75,1dgWTMoHwTUnQhOQ8SR5fV,,country
431,115,,Kenny Chesney,Beer In Mexico,,4:32,0.58,0.91,D,-7,major,0.04,0,0,0.09,0.48,138,60,5pgmgHNxiq9w9XuthMKzJS,,country
432,115,,Kenny Chesney,Flora-Bama,,4:31,0.53,0.7,G,-5,major,0.03,0,0,0.12,0.3,84,48,0hlou0hEfL2aS9FpJMX2OW,,country
433,115,,Kenny Chesney,Get Along,Songs for the Saints,3:19,0.63,0.8,G,-6,major,0.05,0.1,0,0.17,0.35,92,75,6n6OQfBpCgzF9oEg8zhBN7,,country
434,116,,Destiny's Child,Brown Eyes,,4:36,0.57,0.57,F,-7,major,0.04,0.25,0,0.07,0.31,116,63,1urmwhtXPiakhcqvqUi3rp,,No genre info
435,116,,Destiny's Child,Lose My Breath,,4:02,0.81,0.9,C#,-6,major,0.06,0.01,0.22,0.1,0.55,119,64,2n4uOdMHzEvcZ0KP7iQnay,,No genre info
436,116,,Destiny's Child,Soldier (feat. T.I. & Lil' Wayne),,5:26,0.88,0.42,G,-7,major,0.36,0.04,0,0.08,0.9,77,61,0DlVOdK5GJtnom4nI3EOz5,,"hip hop, rap, southern hip hop"
437,117,,50 Cent,What Up Gangsta,,2:59,0.68,0.77,B,-2,minor,0.04,0,0,0.1,0.33,83,56,59q0gDvWPoL2DQ1SAt5ZLY,,"east coast hip hop, old school hip hop"
438,117,,50 Cent,In Da Club,Get Rich Or Die Tryin',3:13,0.9,0.71,F#,-3,minor,0.37,0.26,0,0.07,0.78,90,83,7iL6o9tox1zgHpKUfh9vuC,,"east coast hip hop, old school hip hop"
439,118,,Ray Charles,Hit the Road Jack,,2:00,0.6,0.57,G#,-13,minor,0.14,0.7,0,0.51,0.96,173,68,5dUMh0ugelpKfoFp3qChuK,,"jazz blues, soul, soul blues, blues, classic soul, vocal jazz"
440,118,,Ray Charles,I've Got a Woman,,2:51,0.56,0.61,A,-5,major,0.21,0.83,0,0.26,0.67,199,69,2xar08Fq5xra2KKZs5Bw9j,,"jazz blues, soul, soul blues, blues, classic soul, vocal jazz"
441,118,,Ray Charles,Georgia on My Mind,,3:30,0.52,0.76,F#,-5,major,0.04,0.03,0,0.14,0.65,162,43,1AGU94UmRrDst2T9C5pEvI,,"jazz blues, soul, soul blues, blues, classic soul, vocal jazz"
442,119,,Genesis,That's All - 2007 Remaster,,4:25,0.6,0.66,E,-9,minor,0.03,0.24,0.01,0.1,0.77,175,73,2zFdsAIk9r2Mi7Lmm1w3sM,,"progressive rock, art rock"
443,119,,Genesis,Invisible Touch - 2007 Remaster,,3:28,0.62,0.93,C,-7,major,0.03,0.19,0,0.17,0.85,131,73,0xpBr84T3FTm9j4D1MdPtk,,"progressive rock, art rock"
444,119,,Genesis,I Can't Dance - 2007 Remaster,,4:00,0.91,0.53,Eb,-10,major,0.05,0.47,0,0.04,0.91,108,67,0No5Hr1LxZjJHGsQSTy2bm,,"progressive rock, art rock"
445,119,,Genesis,Land of Confusion - 2007 Remaster,,4:46,0.61,0.93,C#,-8,major,0.04,0.02,0,0.33,0.67,115,66,6twIBPybEvGydyNzNz89FT,,"progressive rock, art rock"
446,120,,The Police,Every Breath You Take,Synchronicity (Remastered 2003),4:13,0.82,0.45,C#,-10,major,0.03,0.54,0,0.07,0.74,117,91,1JSTJqkT5qHq8MDJnJbRE1,,No genre info
447,120,,The Police,Roxanne,Outlandos D'Amour (Remastered 2003),3:11,0.62,0.75,C,-9,major,0.36,0.04,0,0.05,0.66,134,82,3EYOJ48Et32uATr9ZmLnAo,,No genre info
448,120,,The Police,Message In A Bottle,Reggatta De Blanc (Remastered 2003),4:50,0.58,0.81,C#,-7,minor,0.04,0.03,0,0.22,0.87,151,78,1oYYd2gnWZYrt89EBXdFiO,,No genre info
449,120,,The Police,Every Little Thing She Does Is Magic,Ghost In The Machine (Remastered 2003),4:20,0.56,0.77,D,-10,major,0.03,0.12,0.06,0.12,0.43,82,79,44aTAUBF0g6sMkMNE8I5kd,,No genre info
450,121,,Rascal Flatts,Life is a Highway,Me And My Gang,4:36,0.58,0.95,F,-4,major,0.07,0,0,0.22,0.66,103,75,2Fs18NaCDuluPG1DHGw1XG,,country
451,121,,Rascal Flatts,Bless The Broken Road,Feels Like Today,3:46,0.58,0.45,C,-6,major,0.03,0.67,0,0.16,0.34,136,74,4YjjNHtEsTX6Af4mCTupT5,,country
452,121,,Rascal Flatts,What Hurts The Most,Me And My Gang,3:34,0.54,0.67,F,-5,minor,0.03,0.01,0,0.27,0.33,136,74,4bVuIlGQBMWS7vIhcx8Ae4,,country
453,121,,Rascal Flatts,I Like The Sound Of That,,3:29,0.61,0.8,C,-6,major,0.04,0.26,0,0.19,0.53,90,67,6KCUliK0a3lHcMiGaqNdHR,,country
454,122,,Ludacris,Baby,,3:34,0.73,0.86,F,-5,minor,0.14,0.04,0,0.11,0.54,65,84,2HRbnflWz1K17PhfdxH6w2,,southern hip hop
455,122,,Ludacris,Get Back,,4:31,0.56,0.64,C#,-5,major,0.26,0.06,0,0.12,0.18,172,64,6o3MvjWfF0jczTzPRcfZsK,,southern hip hop
456,123,,Gloria Estefan,Conga,,4:16,0.79,0.86,D,-8,major,0.05,0.12,0.11,0.06,0.91,122,65,4aMT5LHe8A2uIc11H8Cx2m,,No genre info
457,123,,Gloria Estefan,EI Ultimo Adios - Varos Artistas Version,,3:57,0.3,0.57,C#,-8,major,0.04,0.64,0,0.2,0.29,79,71,0tzixmHNQfE6S6SirSToxW,,"latin pop, latin"
458,124,,George Harrison,My Sweet Lord (2014 Remaster),,4:41,0.54,0.69,C#,-9,minor,0.03,0.08,0,0.09,0.56,121,77,53wDkiyFwtOxjRaZOCdy48,,No genre info
459,124,,George Harrison,What Is Life (2014 Remaster),,4:24,0.47,0.84,E,-6,major,0.03,0.01,0,0.32,0.9,131,64,7LD74EByP1gBD2FynoIGSL,,No genre info
460,124,,George Harrison,Got My Mind Set on You,,3:55,0.76,0.85,E,-7,major,0.04,0.46,0,0.49,0.96,149,75,4wswaG5vmNINMZcVBsAyBP,,No genre info
461,125,,Alan Jackson,Chattahoochee,A Lot About Livin' (And A Little 'Bout Love),2:28,0.61,0.71,C,-10,major,0.04,0.36,0,0.16,0.82,175,78,59kHPbwyyCApYA8RQQEuXm,,"country, christian country, classic country"
462,125,,Alan Jackson,It's Five O' Clock Somewhere,,3:50,0.71,0.77,D,-7,major,0.04,0.22,0,0.2,0.89,125,67,1hP3y3sr31ZVe1pJnqiKsJ,,"country, christian country, classic country"
463,125,,Alan Jackson,Remember When,,4:31,0.56,0.32,D,-10,major,0.03,0.68,0,0.19,0.26,126,54,0Fe1qL6qvgt6m71BoUUG3V,,"country, christian country, classic country"
464,125,,Alan Jackson,Monday Morning Church,,3:24,0.55,0.26,E,-15,major,0.03,0.23,0,0.14,0.15,136,32,0yftAXSqtZoHdgrXjSuZwz,,"country, christian country, classic country"
465,126,,Snowflake Symphonie,Ave Maria,,2:00,0.25,0.04,C,-30,major,0.05,0.99,0.87,0.12,0.76,178,11,5JVlu41jJTVVD8HnkcslNZ,,classical
466,127,,JJ Heller,When You Come Back (Reprise),,3:14,0.33,0.03,C,-12,major,0.27,0.08,0.01,0.38,0.97,213,4,4qYMcUZzsIYRNi7LnVV90v,,"lullaby, christian folk"
467,128,,Emitt Rhodes,Lullabye,,1:06,0.48,0.06,C,-21,major,0.03,0.92,0.15,0.1,0.7,98,37,4lYaAFLiZMxrqHUijf83ZR,,"baroque pop, power pop"
468,129,,Sleigh Bell Orchestra,We Wish You a Merry Christmas,,1:44,0.53,0.18,G,-18,major,0.04,0.94,0,0.71,0.81,73,43,6SDJcDg0BzVOuUGT0WEYKP,,"villancicos, christmas"
469,130,,Vince Guaraldi Trio,F眉r Elise,,1:06,0.43,0.08,A,-28,minor,0.05,1,0.87,0.1,0.29,131,42,0rOGlWeH0drBxhO2oEvsqr,,christmas
470,130,,Vince Guaraldi Trio,Christmas Time Is Here - Instrumental,,6:06,0.42,0.12,F,-18,major,0.03,0.97,0.65,0.14,0.09,75,45,4DphT1rljbJjbK9WdrR1zI,,christmas
471,,,Phillipa Soo,Best of Wives and Best of Women,,0:48,0.65,0.12,F,-17,major,0.05,0.75,0,0.09,0.6,132,65,31IogzJ6J55FjbJhKT9PBy,,musicals
472,,,Dean Martin,On An Evening In Roma (Sott'er Celo De Roma),,2:32,0.47,0.22,G,-14,major,0.03,0.93,0,0.35,0.56,137,55,16pUlUFjyp6BtDtxC0i9ch,,"christmas, adult standards, big band, swing music"
473,,,Dean Martin,"Rudolph, The Red-Nosed Reindeer - Remastered 2002",,3:07,0.63,0.16,Ab,-14,major,0.05,0.88,0,0.22,0.64,142,53,5sJnwwIjhid95JI3zShd6A,,"christmas, adult standards, big band, swing music"
474,,,Geoff Gascoyne,God Only Knows,,2:52,0.66,0.12,F,-15,major,0.06,0.97,0,0.08,0.68,126,25,7wnm2J7SGOMLv7oycQZzDc,,"jazz blues, swing music"
475,,,Pyotr Ilyich Tchaikovsky,"The Nutcracker, Op. 71: Act II Tableau 3: Divertissement: a. Chocolate - Spanish Dance",,1:11,0.33,0.17,Eb,-22,major,0.03,0.82,0.78,0.11,0.89,70,0,5Y8QJVMu9MWziD2IgujriR,,"classical, orchestral"
476,,,Chrisette Michele,Interlude (In My Heart - Convo With Boyfriend),,0:34,0.43,0.16,C,-23,major,0.06,0.87,0,0.12,0.82,81,5,3Hx5E6ObUjkNBLQM0x37cA,,"neo soul, jersey club, r&b"
477,,,Tex Beneke,A Wonderful Guy,,1:56,0.4,0.18,C#,-13,major,0.07,0.89,0,0.07,0.84,204,49,7DKjnQH7yeCUPXX88Hh12p,,big band
478,,,George Balanchine's The Nutcracker,Act II: Tea,,1:01,0.58,0.19,F,-22,major,0.04,0.94,0.52,0.13,0.87,131,32,4Qj9e2yydpmjA3qSJv58Se,,christmas
479,,,Robin Lester,Scales And Arpeggios - Soundtrack Version,,1:45,0.75,0.15,C,-14,major,0.05,1,0,0.12,0.92,95,44,4IkWzcb7Zaarlz1lmiKNPE,,No genre info
480,,,James TW,U Remind Me - Recorded at Spotify Studios NYC,,3:18,0.65,0.21,E,-12,minor,0.12,0.66,0,0.11,0.67,97,48,7xQiq1lCtwkJdI3zni9BZp,,No genre info
481,,,James Baskett,"Zip-A-Dee-Doo-Dah - From ""Song Of The South""",,2:20,0.66,0.22,G,-15,major,0.13,0.91,0,0.35,0.72,102,45,1fQ2pN9MLxxi399nlHEth7,,No genre info
482,,,M83,Wait,,5:43,0.44,0.23,D,-11,major,0.03,0.22,0.06,0.09,0.08,148,61,3rTnGUeDrnZV22DvRuUuXr,,No genre info
483,,,Ernest Ranglin,Surfin',,5:44,0.74,0.24,C,-17,minor,0.08,0.11,0.66,0.12,0.93,140,47,1xlHJbC2DE2aWDTlqFw81u,,"rocksteady, dub, reggae, roots reggae"
484,,,Gene Autry,Frosty the Snowman - 78rpm Version,,2:53,0.68,0.24,Ab,-11,major,0.04,0.85,0,0.05,0.96,172,45,3i8j2dKXChkErfi8jsDDuH,,christmas
485,,,Richard Armitage,Misty Mountains,,1:43,0.2,0.01,G,-32,minor,0.03,0.85,0,0.11,0.3,84,68,1yJzoX4xPsACzVxUarXRKa,,No genre info
486,,,Morten Lauridsen,O Magnum Mysterium: O magnum mysterium,,5:50,0.09,0.04,D,-24,major,0.05,0.99,0.86,0.08,0.04,84,22,0S0YKiEdR9cT9pYgEaTevF,,choral
487,,,The 1975,You,,9:51,0.22,0.01,C,-6,major,0.06,0.01,0,0.16,0.97,138,43,1ZwJALwnYbeHdEVCNVmniz,,No genre info
488,,,Nick White,Clair De Lune,,5:08,0.33,0.02,C#,-28,major,0.06,0.99,0.92,0.07,0.04,70,19,2rIqbiRDXuiWxFHfLgzYRe,,No genre info
489,,,Miles Davis,Blue in Green,,5:38,0.42,0.02,D,-25,minor,0.04,0.81,0,0.1,0.15,110,65,0aWMVrwxPNYkKmFthzmpRi,,"jazz, cool jazz, hard bop, bebop, jazz fusion, free jazz, jazz blues"
490,,,Johann Sebastian Bach,Minuet in G Major (The Lovers Concerto),,0:36,0.47,0.04,G,-27,major,0.1,0.99,0.87,0.2,0.94,80,7,6yLkOiVYKaBw4DdHbH9r4n,,"classical, classical piano"
491,,,John Williams,"Across the Stars (Love Theme from ""Star Wars: Attack of the Clones"")",,5:33,0.12,0.13,C,-18,major,0.04,0.77,0.91,0.11,0.07,81,59,2Bsnj9KAmtYz8PW9RImef7,,"classical, orchestral, opera, soundtrack"
492,,,Mykola Dmytrovych Leontovych,Carol of the Bells,,1:25,0.42,0.11,G#,-23,minor,0.04,0.99,0.03,0.18,0.8,47,58,4tHqQMWSqmL6YjXwsqthDI,,soundtrack
493,,,Pentatonix,Silent Night,,3:13,0.17,0.11,F,-15,major,0.03,0.93,0,0.3,0.15,139,38,75lWQzF7y0FY9380G3gEZ9,,christmas
494,,,Jeremih,All The Time,,4:24,0.68,0.44,A,-9,minor,0.35,0.55,0,0.2,0.03,110,64,0sFvItEeMstcUyZCleYgyj,,"hip hop, rap"
495,,,Ulrich Schnauss,Crazy For You,,6:31,0.46,0.78,E,-8,minor,0.04,0.05,0.94,0.66,0.03,102,13,3MWToltSqef5lgDt0pO16p,,"idm, ambient, shoegaze, downtempo"
496,,,David Guetta,Shot me Down (feat. Skylar Grey) - Radio Edit,,3:11,0.35,0.77,F,-4,minor,0.05,0.06,0.03,0.12,0.04,192,44,6qVXkG01rBYGfxIndGOQ3z,,edm
497,,,Bustre,Everything's Different,,5:20,0.31,0.94,D,-4,major,0.05,0,0.91,0.1,0.04,174,17,70jtjJHtVBPuxllGPCWxnX,,"drumstep, liquid funk, drum and bass"
498,,,Lil Uzi Vert,Two庐,,3:05,0.27,0.64,G,-5,major,0.07,0.42,0,0.09,0.04,75,59,65kp3OFn7JXbCvkm3m2Ui2,,melodic rap
499,,,Bullet For My Valentine,No Way Out,,3:54,0.44,0.99,F,-4,major,0.11,0,0,0.37,0.19,140,49,6yHx2dNnWb1fEChGoulEVc,,"metalcore, metal"
500,,,Killswitch Engage,This Fire,,3:09,0.45,0.99,G,-3,major,0.11,0,0.03,0.47,0.11,140,69,07ceEXOyS7ghQkyCOycXwP,,"metalcore, metal"
